csu,variable,shock,horizon,fevd_share
aave_v2_polygon,basket_return,return_shock,0,1.0
aave_v2_polygon,basket_return,return_shock,1,0.9995600063277594
aave_v2_polygon,basket_return,return_shock,2,0.9882176755274124
aave_v2_polygon,basket_return,return_shock,3,0.9877190809848376
aave_v2_polygon,basket_return,return_shock,4,0.9861706970440878
aave_v2_polygon,basket_return,return_shock,5,0.9851508710382754
aave_v2_polygon,basket_return,return_shock,6,0.9851395387033497
aave_v2_polygon,basket_return,return_shock,7,0.9850026729403685
aave_v2_polygon,basket_return,return_shock,8,0.9849426797508387
aave_v2_polygon,basket_return,return_shock,9,0.9848896898748312
aave_v2_polygon,basket_return,return_shock,10,0.9848526201289084
aave_v2_polygon,basket_return,return_shock,11,0.9848108086552343
aave_v2_polygon,basket_return,return_shock,12,0.9847833578238677
aave_v2_polygon,basket_return,return_shock,13,0.9847643923038862
aave_v2_polygon,basket_return,return_shock,14,0.9847505170450648
aave_v2_polygon,basket_return,return_shock,15,0.9847397802716709
aave_v2_polygon,basket_return,return_shock,16,0.9847318069210692
aave_v2_polygon,basket_return,return_shock,17,0.9847258295575565
aave_v2_polygon,basket_return,return_shock,18,0.984721309812482
aave_v2_polygon,basket_return,return_shock,19,0.9847179301178548
aave_v2_polygon,basket_return,return_shock,20,0.9847154121742198
aave_v2_polygon,basket_return,return_shock,21,0.9847135313952315
aave_v2_polygon,basket_return,return_shock,22,0.98471212115125
aave_v2_polygon,basket_return,return_shock,23,0.9847110658228359
aave_v2_polygon,basket_return,return_shock,24,0.984710275901819
aave_v2_polygon,basket_return,return_shock,25,0.9847096846771071
aave_v2_polygon,basket_return,return_shock,26,0.984709242119863
aave_v2_polygon,basket_return,return_shock,27,0.984708910995297
aave_v2_polygon,basket_return,return_shock,28,0.9847086631945136
aave_v2_polygon,basket_return,return_shock,29,0.9847084777341685
aave_v2_polygon,basket_return,return_shock,30,0.9847083389288572
aave_v2_polygon,basket_return,liquidation_shock,0,0.0
aave_v2_polygon,basket_return,liquidation_shock,1,0.00043999367224055225
aave_v2_polygon,basket_return,liquidation_shock,2,0.011782324472587683
aave_v2_polygon,basket_return,liquidation_shock,3,0.012280919015162345
aave_v2_polygon,basket_return,liquidation_shock,4,0.01382930295591221
aave_v2_polygon,basket_return,liquidation_shock,5,0.01484912896172463
aave_v2_polygon,basket_return,liquidation_shock,6,0.014860461296650349
aave_v2_polygon,basket_return,liquidation_shock,7,0.014997327059631561
aave_v2_polygon,basket_return,liquidation_shock,8,0.015057320249161248
aave_v2_polygon,basket_return,liquidation_shock,9,0.01511031012516882
aave_v2_polygon,basket_return,liquidation_shock,10,0.015147379871091618
aave_v2_polygon,basket_return,liquidation_shock,11,0.015189191344765735
aave_v2_polygon,basket_return,liquidation_shock,12,0.015216642176132257
aave_v2_polygon,basket_return,liquidation_shock,13,0.015235607696113828
aave_v2_polygon,basket_return,liquidation_shock,14,0.015249482954935155
aave_v2_polygon,basket_return,liquidation_shock,15,0.015260219728329099
aave_v2_polygon,basket_return,liquidation_shock,16,0.015268193078930728
aave_v2_polygon,basket_return,liquidation_shock,17,0.015274170442443514
aave_v2_polygon,basket_return,liquidation_shock,18,0.0152786901875181
aave_v2_polygon,basket_return,liquidation_shock,19,0.015282069882145139
aave_v2_polygon,basket_return,liquidation_shock,20,0.015284587825780155
aave_v2_polygon,basket_return,liquidation_shock,21,0.015286468604768478
aave_v2_polygon,basket_return,liquidation_shock,22,0.015287878848750063
aave_v2_polygon,basket_return,liquidation_shock,23,0.015288934177164105
aave_v2_polygon,basket_return,liquidation_shock,24,0.01528972409818097
aave_v2_polygon,basket_return,liquidation_shock,25,0.015290315322892952
aave_v2_polygon,basket_return,liquidation_shock,26,0.015290757880137004
aave_v2_polygon,basket_return,liquidation_shock,27,0.015291089004703006
aave_v2_polygon,basket_return,liquidation_shock,28,0.015291336805486387
aave_v2_polygon,basket_return,liquidation_shock,29,0.015291522265831458
aave_v2_polygon,basket_return,liquidation_shock,30,0.015291661071142737
aave_v2_polygon,liquidation,return_shock,0,0.012280737873887275
aave_v2_polygon,liquidation,return_shock,1,0.07034165755374003
aave_v2_polygon,liquidation,return_shock,2,0.06976239582552776
aave_v2_polygon,liquidation,return_shock,3,0.07708324528638885
aave_v2_polygon,liquidation,return_shock,4,0.07339425015761503
aave_v2_polygon,liquidation,return_shock,5,0.07258427155894749
aave_v2_polygon,liquidation,return_shock,6,0.07145105484422958
aave_v2_polygon,liquidation,return_shock,7,0.07056649013216366
aave_v2_polygon,liquidation,return_shock,8,0.06993305408255387
aave_v2_polygon,liquidation,return_shock,9,0.06944514873745657
aave_v2_polygon,liquidation,return_shock,10,0.06911040550241307
aave_v2_polygon,liquidation,return_shock,11,0.0688305580490943
aave_v2_polygon,liquidation,return_shock,12,0.06862591745475773
aave_v2_polygon,liquidation,return_shock,13,0.06847488634944218
aave_v2_polygon,liquidation,return_shock,14,0.06836480161543922
aave_v2_polygon,liquidation,return_shock,15,0.06828160311983494
aave_v2_polygon,liquidation,return_shock,16,0.06821969441011186
aave_v2_polygon,liquidation,return_shock,17,0.06817336753629426
aave_v2_polygon,liquidation,return_shock,18,0.06813871980076845
aave_v2_polygon,liquidation,return_shock,19,0.06811277099634885
aave_v2_polygon,liquidation,return_shock,20,0.06809338998267946
aave_v2_polygon,liquidation,return_shock,21,0.06807890125084806
aave_v2_polygon,liquidation,return_shock,22,0.06806806068867725
aave_v2_polygon,liquidation,return_shock,23,0.06805994875324152
aave_v2_polygon,liquidation,return_shock,24,0.06805387916144397
aave_v2_polygon,liquidation,return_shock,25,0.06804933739023063
aave_v2_polygon,liquidation,return_shock,26,0.06804593853240297
aave_v2_polygon,liquidation,return_shock,27,0.06804339516469295
aave_v2_polygon,liquidation,return_shock,28,0.06804149188411603
aave_v2_polygon,liquidation,return_shock,29,0.06804006754721285
aave_v2_polygon,liquidation,return_shock,30,0.06803900159585548
aave_v2_polygon,liquidation,liquidation_shock,0,0.9877192621261127
aave_v2_polygon,liquidation,liquidation_shock,1,0.92965834244626
aave_v2_polygon,liquidation,liquidation_shock,2,0.9302376041744722
aave_v2_polygon,liquidation,liquidation_shock,3,0.9229167547136112
aave_v2_polygon,liquidation,liquidation_shock,4,0.926605749842385
aave_v2_polygon,liquidation,liquidation_shock,5,0.9274157284410525
aave_v2_polygon,liquidation,liquidation_shock,6,0.9285489451557705
aave_v2_polygon,liquidation,liquidation_shock,7,0.9294335098678363
aave_v2_polygon,liquidation,liquidation_shock,8,0.9300669459174461
aave_v2_polygon,liquidation,liquidation_shock,9,0.9305548512625434
aave_v2_polygon,liquidation,liquidation_shock,10,0.9308895944975869
aave_v2_polygon,liquidation,liquidation_shock,11,0.9311694419509058
aave_v2_polygon,liquidation,liquidation_shock,12,0.9313740825452423
aave_v2_polygon,liquidation,liquidation_shock,13,0.9315251136505579
aave_v2_polygon,liquidation,liquidation_shock,14,0.9316351983845608
aave_v2_polygon,liquidation,liquidation_shock,15,0.931718396880165
aave_v2_polygon,liquidation,liquidation_shock,16,0.9317803055898882
aave_v2_polygon,liquidation,liquidation_shock,17,0.9318266324637058
aave_v2_polygon,liquidation,liquidation_shock,18,0.9318612801992315
aave_v2_polygon,liquidation,liquidation_shock,19,0.9318872290036511
aave_v2_polygon,liquidation,liquidation_shock,20,0.9319066100173206
aave_v2_polygon,liquidation,liquidation_shock,21,0.931921098749152
aave_v2_polygon,liquidation,liquidation_shock,22,0.9319319393113229
aave_v2_polygon,liquidation,liquidation_shock,23,0.9319400512467586
aave_v2_polygon,liquidation,liquidation_shock,24,0.931946120838556
aave_v2_polygon,liquidation,liquidation_shock,25,0.9319506626097693
aave_v2_polygon,liquidation,liquidation_shock,26,0.9319540614675971
aave_v2_polygon,liquidation,liquidation_shock,27,0.931956604835307
aave_v2_polygon,liquidation,liquidation_shock,28,0.9319585081158839
aave_v2_polygon,liquidation,liquidation_shock,29,0.9319599324527872
aave_v2_polygon,liquidation,liquidation_shock,30,0.9319609984041445
aave_v3_arbitrum,basket_return,return_shock,0,1.0
aave_v3_arbitrum,basket_return,return_shock,1,0.9960714876093401
aave_v3_arbitrum,basket_return,return_shock,2,0.9716473098571098
aave_v3_arbitrum,basket_return,return_shock,3,0.9715268515745143
aave_v3_arbitrum,basket_return,return_shock,4,0.9701663845098808
aave_v3_arbitrum,basket_return,return_shock,5,0.9701590826560077
aave_v3_arbitrum,basket_return,return_shock,6,0.9701232538993069
aave_v3_arbitrum,basket_return,return_shock,7,0.9701233670654437
aave_v3_arbitrum,basket_return,return_shock,8,0.9701228641239736
aave_v3_arbitrum,basket_return,return_shock,9,0.9701228428026997
aave_v3_arbitrum,basket_return,return_shock,10,0.9701228399815718
aave_v3_arbitrum,basket_return,return_shock,11,0.9701228372523316
aave_v3_arbitrum,basket_return,return_shock,12,0.9701228372573169
aave_v3_arbitrum,basket_return,return_shock,13,0.9701228371295918
aave_v3_arbitrum,basket_return,return_shock,14,0.9701228371298631
aave_v3_arbitrum,basket_return,return_shock,15,0.9701228371264956
aave_v3_arbitrum,basket_return,return_shock,16,0.9701228371264969
aave_v3_arbitrum,basket_return,return_shock,17,0.970122837126444
aave_v3_arbitrum,basket_return,return_shock,18,0.9701228371264407
aave_v3_arbitrum,basket_return,return_shock,19,0.9701228371264402
aave_v3_arbitrum,basket_return,return_shock,20,0.9701228371264399
aave_v3_arbitrum,basket_return,return_shock,21,0.9701228371264399
aave_v3_arbitrum,basket_return,return_shock,22,0.9701228371264399
aave_v3_arbitrum,basket_return,return_shock,23,0.9701228371264399
aave_v3_arbitrum,basket_return,return_shock,24,0.9701228371264399
aave_v3_arbitrum,basket_return,return_shock,25,0.9701228371264399
aave_v3_arbitrum,basket_return,return_shock,26,0.9701228371264399
aave_v3_arbitrum,basket_return,return_shock,27,0.9701228371264399
aave_v3_arbitrum,basket_return,return_shock,28,0.9701228371264399
aave_v3_arbitrum,basket_return,return_shock,29,0.9701228371264399
aave_v3_arbitrum,basket_return,return_shock,30,0.9701228371264399
aave_v3_arbitrum,basket_return,liquidation_shock,0,0.0
aave_v3_arbitrum,basket_return,liquidation_shock,1,0.003928512390659925
aave_v3_arbitrum,basket_return,liquidation_shock,2,0.028352690142890265
aave_v3_arbitrum,basket_return,liquidation_shock,3,0.028473148425485578
aave_v3_arbitrum,basket_return,liquidation_shock,4,0.029833615490119175
aave_v3_arbitrum,basket_return,liquidation_shock,5,0.029840917343992298
aave_v3_arbitrum,basket_return,liquidation_shock,6,0.02987674610069314
aave_v3_arbitrum,basket_return,liquidation_shock,7,0.029876632934556318
aave_v3_arbitrum,basket_return,liquidation_shock,8,0.02987713587602635
aave_v3_arbitrum,basket_return,liquidation_shock,9,0.02987715719730033
aave_v3_arbitrum,basket_return,liquidation_shock,10,0.02987716001842828
aave_v3_arbitrum,basket_return,liquidation_shock,11,0.029877162747668436
aave_v3_arbitrum,basket_return,liquidation_shock,12,0.029877162742683077
aave_v3_arbitrum,basket_return,liquidation_shock,13,0.029877162870408272
aave_v3_arbitrum,basket_return,liquidation_shock,14,0.02987716287013685
aave_v3_arbitrum,basket_return,liquidation_shock,15,0.029877162873504424
aave_v3_arbitrum,basket_return,liquidation_shock,16,0.02987716287350308
aave_v3_arbitrum,basket_return,liquidation_shock,17,0.029877162873556084
aave_v3_arbitrum,basket_return,liquidation_shock,18,0.029877162873559352
aave_v3_arbitrum,basket_return,liquidation_shock,19,0.029877162873559807
aave_v3_arbitrum,basket_return,liquidation_shock,20,0.029877162873560095
aave_v3_arbitrum,basket_return,liquidation_shock,21,0.029877162873560098
aave_v3_arbitrum,basket_return,liquidation_shock,22,0.029877162873560112
aave_v3_arbitrum,basket_return,liquidation_shock,23,0.029877162873560112
aave_v3_arbitrum,basket_return,liquidation_shock,24,0.029877162873560112
aave_v3_arbitrum,basket_return,liquidation_shock,25,0.029877162873560112
aave_v3_arbitrum,basket_return,liquidation_shock,26,0.029877162873560112
aave_v3_arbitrum,basket_return,liquidation_shock,27,0.029877162873560112
aave_v3_arbitrum,basket_return,liquidation_shock,28,0.029877162873560112
aave_v3_arbitrum,basket_return,liquidation_shock,29,0.029877162873560112
aave_v3_arbitrum,basket_return,liquidation_shock,30,0.029877162873560112
aave_v3_arbitrum,liquidation,return_shock,0,0.05951189618761308
aave_v3_arbitrum,liquidation,return_shock,1,0.10003050614862644
aave_v3_arbitrum,liquidation,return_shock,2,0.10371876267596288
aave_v3_arbitrum,liquidation,return_shock,3,0.1057105231843733
aave_v3_arbitrum,liquidation,return_shock,4,0.10585002520712265
aave_v3_arbitrum,liquidation,return_shock,5,0.10589096405460255
aave_v3_arbitrum,liquidation,return_shock,6,0.10589207420517695
aave_v3_arbitrum,liquidation,return_shock,7,0.10589225199309504
aave_v3_arbitrum,liquidation,return_shock,8,0.10589225921028562
aave_v3_arbitrum,liquidation,return_shock,9,0.10589225539694806
aave_v3_arbitrum,liquidation,return_shock,10,0.10589225850584871
aave_v3_arbitrum,liquidation,return_shock,11,0.1058922586684706
aave_v3_arbitrum,liquidation,return_shock,12,0.10589225882516615
aave_v3_arbitrum,liquidation,return_shock,13,0.10589225883268204
aave_v3_arbitrum,liquidation,return_shock,14,0.10589225883589658
aave_v3_arbitrum,liquidation,return_shock,15,0.10589225883594464
aave_v3_arbitrum,liquidation,return_shock,16,0.10589225883596008
aave_v3_arbitrum,liquidation,return_shock,17,0.1058922588359612
aave_v3_arbitrum,liquidation,return_shock,18,0.10589225883596082
aave_v3_arbitrum,liquidation,return_shock,19,0.1058922588359611
aave_v3_arbitrum,liquidation,return_shock,20,0.1058922588359611
aave_v3_arbitrum,liquidation,return_shock,21,0.10589225883596111
aave_v3_arbitrum,liquidation,return_shock,22,0.10589225883596111
aave_v3_arbitrum,liquidation,return_shock,23,0.10589225883596111
aave_v3_arbitrum,liquidation,return_shock,24,0.10589225883596111
aave_v3_arbitrum,liquidation,return_shock,25,0.10589225883596111
aave_v3_arbitrum,liquidation,return_shock,26,0.10589225883596111
aave_v3_arbitrum,liquidation,return_shock,27,0.10589225883596111
aave_v3_arbitrum,liquidation,return_shock,28,0.10589225883596111
aave_v3_arbitrum,liquidation,return_shock,29,0.10589225883596111
aave_v3_arbitrum,liquidation,return_shock,30,0.10589225883596111
aave_v3_arbitrum,liquidation,liquidation_shock,0,0.9404881038123869
aave_v3_arbitrum,liquidation,liquidation_shock,1,0.8999694938513736
aave_v3_arbitrum,liquidation,liquidation_shock,2,0.8962812373240371
aave_v3_arbitrum,liquidation,liquidation_shock,3,0.8942894768156266
aave_v3_arbitrum,liquidation,liquidation_shock,4,0.8941499747928773
aave_v3_arbitrum,liquidation,liquidation_shock,5,0.8941090359453974
aave_v3_arbitrum,liquidation,liquidation_shock,6,0.894107925794823
aave_v3_arbitrum,liquidation,liquidation_shock,7,0.894107748006905
aave_v3_arbitrum,liquidation,liquidation_shock,8,0.8941077407897143
aave_v3_arbitrum,liquidation,liquidation_shock,9,0.894107744603052
aave_v3_arbitrum,liquidation,liquidation_shock,10,0.8941077414941514
aave_v3_arbitrum,liquidation,liquidation_shock,11,0.8941077413315294
aave_v3_arbitrum,liquidation,liquidation_shock,12,0.8941077411748339
aave_v3_arbitrum,liquidation,liquidation_shock,13,0.894107741167318
aave_v3_arbitrum,liquidation,liquidation_shock,14,0.8941077411641034
aave_v3_arbitrum,liquidation,liquidation_shock,15,0.8941077411640554
aave_v3_arbitrum,liquidation,liquidation_shock,16,0.8941077411640399
aave_v3_arbitrum,liquidation,liquidation_shock,17,0.8941077411640388
aave_v3_arbitrum,liquidation,liquidation_shock,18,0.8941077411640391
aave_v3_arbitrum,liquidation,liquidation_shock,19,0.8941077411640389
aave_v3_arbitrum,liquidation,liquidation_shock,20,0.8941077411640389
aave_v3_arbitrum,liquidation,liquidation_shock,21,0.8941077411640389
aave_v3_arbitrum,liquidation,liquidation_shock,22,0.8941077411640389
aave_v3_arbitrum,liquidation,liquidation_shock,23,0.8941077411640389
aave_v3_arbitrum,liquidation,liquidation_shock,24,0.8941077411640389
aave_v3_arbitrum,liquidation,liquidation_shock,25,0.8941077411640389
aave_v3_arbitrum,liquidation,liquidation_shock,26,0.8941077411640389
aave_v3_arbitrum,liquidation,liquidation_shock,27,0.8941077411640389
aave_v3_arbitrum,liquidation,liquidation_shock,28,0.8941077411640389
aave_v3_arbitrum,liquidation,liquidation_shock,29,0.8941077411640389
aave_v3_arbitrum,liquidation,liquidation_shock,30,0.8941077411640389
aave_v3_avalanche,basket_return,return_shock,0,1.0
aave_v3_avalanche,basket_return,return_shock,1,0.9991362432876161
aave_v3_avalanche,basket_return,return_shock,2,0.999120060048873
aave_v3_avalanche,basket_return,return_shock,3,0.9991190564340143
aave_v3_avalanche,basket_return,return_shock,4,0.9991190168368582
aave_v3_avalanche,basket_return,return_shock,5,0.9991190150211471
aave_v3_avalanche,basket_return,return_shock,6,0.9991190149421622
aave_v3_avalanche,basket_return,return_shock,7,0.9991190149386633
aave_v3_avalanche,basket_return,return_shock,8,0.9991190149385092
aave_v3_avalanche,basket_return,return_shock,9,0.9991190149385024
aave_v3_avalanche,basket_return,return_shock,10,0.9991190149385021
aave_v3_avalanche,basket_return,return_shock,11,0.9991190149385021
aave_v3_avalanche,basket_return,return_shock,12,0.9991190149385021
aave_v3_avalanche,basket_return,return_shock,13,0.9991190149385021
aave_v3_avalanche,basket_return,return_shock,14,0.9991190149385021
aave_v3_avalanche,basket_return,return_shock,15,0.9991190149385021
aave_v3_avalanche,basket_return,return_shock,16,0.9991190149385021
aave_v3_avalanche,basket_return,return_shock,17,0.9991190149385021
aave_v3_avalanche,basket_return,return_shock,18,0.9991190149385021
aave_v3_avalanche,basket_return,return_shock,19,0.9991190149385021
aave_v3_avalanche,basket_return,return_shock,20,0.9991190149385021
aave_v3_avalanche,basket_return,return_shock,21,0.9991190149385021
aave_v3_avalanche,basket_return,return_shock,22,0.9991190149385021
aave_v3_avalanche,basket_return,return_shock,23,0.9991190149385021
aave_v3_avalanche,basket_return,return_shock,24,0.9991190149385021
aave_v3_avalanche,basket_return,return_shock,25,0.9991190149385021
aave_v3_avalanche,basket_return,return_shock,26,0.9991190149385021
aave_v3_avalanche,basket_return,return_shock,27,0.9991190149385021
aave_v3_avalanche,basket_return,return_shock,28,0.9991190149385021
aave_v3_avalanche,basket_return,return_shock,29,0.9991190149385021
aave_v3_avalanche,basket_return,return_shock,30,0.9991190149385021
aave_v3_avalanche,basket_return,liquidation_shock,0,0.0
aave_v3_avalanche,basket_return,liquidation_shock,1,0.0008637567123839004
aave_v3_avalanche,basket_return,liquidation_shock,2,0.0008799399511270412
aave_v3_avalanche,basket_return,liquidation_shock,3,0.000880943565985716
aave_v3_avalanche,basket_return,liquidation_shock,4,0.0008809831631417721
aave_v3_avalanche,basket_return,liquidation_shock,5,0.000880984978852981
aave_v3_avalanche,basket_return,liquidation_shock,6,0.0008809850578378588
aave_v3_avalanche,basket_return,liquidation_shock,7,0.0008809850613367195
aave_v3_avalanche,basket_return,liquidation_shock,8,0.0008809850614907391
aave_v3_avalanche,basket_return,liquidation_shock,9,0.0008809850614975338
aave_v3_avalanche,basket_return,liquidation_shock,10,0.0008809850614978333
aave_v3_avalanche,basket_return,liquidation_shock,11,0.0008809850614978466
aave_v3_avalanche,basket_return,liquidation_shock,12,0.0008809850614978471
aave_v3_avalanche,basket_return,liquidation_shock,13,0.0008809850614978471
aave_v3_avalanche,basket_return,liquidation_shock,14,0.0008809850614978471
aave_v3_avalanche,basket_return,liquidation_shock,15,0.0008809850614978471
aave_v3_avalanche,basket_return,liquidation_shock,16,0.0008809850614978471
aave_v3_avalanche,basket_return,liquidation_shock,17,0.0008809850614978471
aave_v3_avalanche,basket_return,liquidation_shock,18,0.0008809850614978471
aave_v3_avalanche,basket_return,liquidation_shock,19,0.0008809850614978471
aave_v3_avalanche,basket_return,liquidation_shock,20,0.0008809850614978471
aave_v3_avalanche,basket_return,liquidation_shock,21,0.0008809850614978471
aave_v3_avalanche,basket_return,liquidation_shock,22,0.0008809850614978471
aave_v3_avalanche,basket_return,liquidation_shock,23,0.0008809850614978471
aave_v3_avalanche,basket_return,liquidation_shock,24,0.0008809850614978471
aave_v3_avalanche,basket_return,liquidation_shock,25,0.0008809850614978471
aave_v3_avalanche,basket_return,liquidation_shock,26,0.0008809850614978471
aave_v3_avalanche,basket_return,liquidation_shock,27,0.0008809850614978471
aave_v3_avalanche,basket_return,liquidation_shock,28,0.0008809850614978471
aave_v3_avalanche,basket_return,liquidation_shock,29,0.0008809850614978471
aave_v3_avalanche,basket_return,liquidation_shock,30,0.0008809850614978471
aave_v3_avalanche,liquidation,return_shock,0,0.044180073786039324
aave_v3_avalanche,liquidation,return_shock,1,0.10465037678753286
aave_v3_avalanche,liquidation,return_shock,2,0.10578881784996522
aave_v3_avalanche,liquidation,return_shock,3,0.10585612651123612
aave_v3_avalanche,liquidation,return_shock,4,0.10585881918779741
aave_v3_avalanche,liquidation,return_shock,5,0.10585894204209671
aave_v3_avalanche,liquidation,return_shock,6,0.10585894739551524
aave_v3_avalanche,liquidation,return_shock,7,0.10585894763251909
aave_v3_avalanche,liquidation,return_shock,8,0.10585894764295412
aave_v3_avalanche,liquidation,return_shock,9,0.10585894764341443
aave_v3_avalanche,liquidation,return_shock,10,0.10585894764343472
aave_v3_avalanche,liquidation,return_shock,11,0.10585894764343562
aave_v3_avalanche,liquidation,return_shock,12,0.10585894764343566
aave_v3_avalanche,liquidation,return_shock,13,0.10585894764343566
aave_v3_avalanche,liquidation,return_shock,14,0.10585894764343566
aave_v3_avalanche,liquidation,return_shock,15,0.10585894764343566
aave_v3_avalanche,liquidation,return_shock,16,0.10585894764343566
aave_v3_avalanche,liquidation,return_shock,17,0.10585894764343566
aave_v3_avalanche,liquidation,return_shock,18,0.10585894764343566
aave_v3_avalanche,liquidation,return_shock,19,0.10585894764343566
aave_v3_avalanche,liquidation,return_shock,20,0.10585894764343566
aave_v3_avalanche,liquidation,return_shock,21,0.10585894764343566
aave_v3_avalanche,liquidation,return_shock,22,0.10585894764343566
aave_v3_avalanche,liquidation,return_shock,23,0.10585894764343566
aave_v3_avalanche,liquidation,return_shock,24,0.10585894764343566
aave_v3_avalanche,liquidation,return_shock,25,0.10585894764343566
aave_v3_avalanche,liquidation,return_shock,26,0.10585894764343566
aave_v3_avalanche,liquidation,return_shock,27,0.10585894764343566
aave_v3_avalanche,liquidation,return_shock,28,0.10585894764343566
aave_v3_avalanche,liquidation,return_shock,29,0.10585894764343566
aave_v3_avalanche,liquidation,return_shock,30,0.10585894764343566
aave_v3_avalanche,liquidation,liquidation_shock,0,0.9558199262139607
aave_v3_avalanche,liquidation,liquidation_shock,1,0.8953496232124671
aave_v3_avalanche,liquidation,liquidation_shock,2,0.8942111821500348
aave_v3_avalanche,liquidation,liquidation_shock,3,0.8941438734887638
aave_v3_avalanche,liquidation,liquidation_shock,4,0.8941411808122026
aave_v3_avalanche,liquidation,liquidation_shock,5,0.8941410579579032
aave_v3_avalanche,liquidation,liquidation_shock,6,0.8941410526044848
aave_v3_avalanche,liquidation,liquidation_shock,7,0.8941410523674809
aave_v3_avalanche,liquidation,liquidation_shock,8,0.8941410523570459
aave_v3_avalanche,liquidation,liquidation_shock,9,0.8941410523565856
aave_v3_avalanche,liquidation,liquidation_shock,10,0.8941410523565654
aave_v3_avalanche,liquidation,liquidation_shock,11,0.8941410523565645
aave_v3_avalanche,liquidation,liquidation_shock,12,0.8941410523565643
aave_v3_avalanche,liquidation,liquidation_shock,13,0.8941410523565643
aave_v3_avalanche,liquidation,liquidation_shock,14,0.8941410523565643
aave_v3_avalanche,liquidation,liquidation_shock,15,0.8941410523565643
aave_v3_avalanche,liquidation,liquidation_shock,16,0.8941410523565643
aave_v3_avalanche,liquidation,liquidation_shock,17,0.8941410523565643
aave_v3_avalanche,liquidation,liquidation_shock,18,0.8941410523565643
aave_v3_avalanche,liquidation,liquidation_shock,19,0.8941410523565643
aave_v3_avalanche,liquidation,liquidation_shock,20,0.8941410523565643
aave_v3_avalanche,liquidation,liquidation_shock,21,0.8941410523565643
aave_v3_avalanche,liquidation,liquidation_shock,22,0.8941410523565643
aave_v3_avalanche,liquidation,liquidation_shock,23,0.8941410523565643
aave_v3_avalanche,liquidation,liquidation_shock,24,0.8941410523565643
aave_v3_avalanche,liquidation,liquidation_shock,25,0.8941410523565643
aave_v3_avalanche,liquidation,liquidation_shock,26,0.8941410523565643
aave_v3_avalanche,liquidation,liquidation_shock,27,0.8941410523565643
aave_v3_avalanche,liquidation,liquidation_shock,28,0.8941410523565643
aave_v3_avalanche,liquidation,liquidation_shock,29,0.8941410523565643
aave_v3_avalanche,liquidation,liquidation_shock,30,0.8941410523565643
aave_v3_base,basket_return,return_shock,0,1.0
aave_v3_base,basket_return,return_shock,1,0.9996292691500169
aave_v3_base,basket_return,return_shock,2,0.9989771685491555
aave_v3_base,basket_return,return_shock,3,0.9983265916396219
aave_v3_base,basket_return,return_shock,4,0.9983048040873179
aave_v3_base,basket_return,return_shock,5,0.9982599410711631
aave_v3_base,basket_return,return_shock,6,0.9982467793452745
aave_v3_base,basket_return,return_shock,7,0.9982431217385116
aave_v3_base,basket_return,return_shock,8,0.9982407273154598
aave_v3_base,basket_return,return_shock,9,0.9982396538305799
aave_v3_base,basket_return,return_shock,10,0.9982393273067193
aave_v3_base,basket_return,return_shock,11,0.9982391482050472
aave_v3_base,basket_return,return_shock,12,0.9982390804909184
aave_v3_base,basket_return,return_shock,13,0.9982390531624297
aave_v3_base,basket_return,return_shock,14,0.9982390410603241
aave_v3_base,basket_return,return_shock,15,0.9982390360326364
aave_v3_base,basket_return,return_shock,16,0.9982390340068338
aave_v3_base,basket_return,return_shock,17,0.9982390331230627
aave_v3_base,basket_return,return_shock,18,0.9982390327615269
aave_v3_base,basket_return,return_shock,19,0.9982390326103918
aave_v3_base,basket_return,return_shock,20,0.9982390325467329
aave_v3_base,basket_return,return_shock,21,0.998239032520194
aave_v3_base,basket_return,return_shock,22,0.9982390325091415
aave_v3_base,basket_return,return_shock,23,0.9982390325044922
aave_v3_base,basket_return,return_shock,24,0.9982390325025563
aave_v3_base,basket_return,return_shock,25,0.9982390325017462
aave_v3_base,basket_return,return_shock,26,0.9982390325014073
aave_v3_base,basket_return,return_shock,27,0.9982390325012657
aave_v3_base,basket_return,return_shock,28,0.9982390325012065
aave_v3_base,basket_return,return_shock,29,0.9982390325011817
aave_v3_base,basket_return,return_shock,30,0.9982390325011714
aave_v3_base,basket_return,liquidation_shock,0,0.0
aave_v3_base,basket_return,liquidation_shock,1,0.0003707308499830908
aave_v3_base,basket_return,liquidation_shock,2,0.0010228314508444814
aave_v3_base,basket_return,liquidation_shock,3,0.001673408360378088
aave_v3_base,basket_return,liquidation_shock,4,0.0016951959126820478
aave_v3_base,basket_return,liquidation_shock,5,0.001740058928836974
aave_v3_base,basket_return,liquidation_shock,6,0.0017532206547255544
aave_v3_base,basket_return,liquidation_shock,7,0.0017568782614883927
aave_v3_base,basket_return,liquidation_shock,8,0.0017592726845402573
aave_v3_base,basket_return,liquidation_shock,9,0.0017603461694200761
aave_v3_base,basket_return,liquidation_shock,10,0.001760672693280783
aave_v3_base,basket_return,liquidation_shock,11,0.001760851794952804
aave_v3_base,basket_return,liquidation_shock,12,0.0017609195090816168
aave_v3_base,basket_return,liquidation_shock,13,0.0017609468375703013
aave_v3_base,basket_return,liquidation_shock,14,0.0017609589396758482
aave_v3_base,basket_return,liquidation_shock,15,0.0017609639673636097
aave_v3_base,basket_return,liquidation_shock,16,0.0017609659931661868
aave_v3_base,basket_return,liquidation_shock,17,0.001760966876937223
aave_v3_base,basket_return,liquidation_shock,18,0.0017609672384730824
aave_v3_base,basket_return,liquidation_shock,19,0.0017609673896082517
aave_v3_base,basket_return,liquidation_shock,20,0.0017609674532671042
aave_v3_base,basket_return,liquidation_shock,21,0.0017609674798060892
aave_v3_base,basket_return,liquidation_shock,22,0.0017609674908585146
aave_v3_base,basket_return,liquidation_shock,23,0.001760967495507891
aave_v3_base,basket_return,liquidation_shock,24,0.0017609674974437795
aave_v3_base,basket_return,liquidation_shock,25,0.001760967498253795
aave_v3_base,basket_return,liquidation_shock,26,0.0017609674985927144
aave_v3_base,basket_return,liquidation_shock,27,0.0017609674987343236
aave_v3_base,basket_return,liquidation_shock,28,0.0017609674987935067
aave_v3_base,basket_return,liquidation_shock,29,0.0017609674988182703
aave_v3_base,basket_return,liquidation_shock,30,0.001760967498828616
aave_v3_base,liquidation,return_shock,0,0.01122250784789515
aave_v3_base,liquidation,return_shock,1,0.011086710346115022
aave_v3_base,liquidation,return_shock,2,0.02122735268991661
aave_v3_base,liquidation,return_shock,3,0.021849753457111102
aave_v3_base,liquidation,return_shock,4,0.02227274085098504
aave_v3_base,liquidation,return_shock,5,0.022468973527809463
aave_v3_base,liquidation,return_shock,6,0.022537400335485378
aave_v3_base,liquidation,return_shock,7,0.022560419388243318
aave_v3_base,liquidation,return_shock,8,0.022576719780160015
aave_v3_base,liquidation,return_shock,9,0.02258131062386949
aave_v3_base,liquidation,return_shock,10,0.022583585285738297
aave_v3_base,liquidation,return_shock,11,0.022584531472969037
aave_v3_base,liquidation,return_shock,12,0.02258491562703527
aave_v3_base,liquidation,return_shock,13,0.02258507277740922
aave_v3_base,liquidation,return_shock,14,0.022585143036240325
aave_v3_base,liquidation,return_shock,15,0.022585170570822242
aave_v3_base,liquidation,return_shock,16,0.02258518249096137
aave_v3_base,liquidation,return_shock,17,0.022585187440067694
aave_v3_base,liquidation,return_shock,18,0.022585189503031334
aave_v3_base,liquidation,return_shock,19,0.022585190364100696
aave_v3_base,liquidation,return_shock,20,0.022585190727120785
aave_v3_base,liquidation,return_shock,21,0.022585190877403676
aave_v3_base,liquidation,return_shock,22,0.02258519094063721
aave_v3_base,liquidation,return_shock,23,0.022585190967016982
aave_v3_base,liquidation,return_shock,24,0.022585190978045303
aave_v3_base,liquidation,return_shock,25,0.022585190982655455
aave_v3_base,liquidation,return_shock,26,0.022585190984584787
aave_v3_base,liquidation,return_shock,27,0.02258519098539023
aave_v3_base,liquidation,return_shock,28,0.022585190985727335
aave_v3_base,liquidation,return_shock,29,0.022585190985868198
aave_v3_base,liquidation,return_shock,30,0.022585190985927095
aave_v3_base,liquidation,liquidation_shock,0,0.9887774921521049
aave_v3_base,liquidation,liquidation_shock,1,0.988913289653885
aave_v3_base,liquidation,liquidation_shock,2,0.9787726473100833
aave_v3_base,liquidation,liquidation_shock,3,0.9781502465428888
aave_v3_base,liquidation,liquidation_shock,4,0.977727259149015
aave_v3_base,liquidation,liquidation_shock,5,0.9775310264721906
aave_v3_base,liquidation,liquidation_shock,6,0.9774625996645148
aave_v3_base,liquidation,liquidation_shock,7,0.9774395806117566
aave_v3_base,liquidation,liquidation_shock,8,0.9774232802198399
aave_v3_base,liquidation,liquidation_shock,9,0.9774186893761304
aave_v3_base,liquidation,liquidation_shock,10,0.9774164147142618
aave_v3_base,liquidation,liquidation_shock,11,0.9774154685270309
aave_v3_base,liquidation,liquidation_shock,12,0.9774150843729649
aave_v3_base,liquidation,liquidation_shock,13,0.9774149272225908
aave_v3_base,liquidation,liquidation_shock,14,0.9774148569637597
aave_v3_base,liquidation,liquidation_shock,15,0.9774148294291778
aave_v3_base,liquidation,liquidation_shock,16,0.9774148175090387
aave_v3_base,liquidation,liquidation_shock,17,0.9774148125599323
aave_v3_base,liquidation,liquidation_shock,18,0.9774148104969687
aave_v3_base,liquidation,liquidation_shock,19,0.9774148096358993
aave_v3_base,liquidation,liquidation_shock,20,0.9774148092728793
aave_v3_base,liquidation,liquidation_shock,21,0.9774148091225963
aave_v3_base,liquidation,liquidation_shock,22,0.9774148090593627
aave_v3_base,liquidation,liquidation_shock,23,0.9774148090329831
aave_v3_base,liquidation,liquidation_shock,24,0.9774148090219548
aave_v3_base,liquidation,liquidation_shock,25,0.9774148090173446
aave_v3_base,liquidation,liquidation_shock,26,0.9774148090154153
aave_v3_base,liquidation,liquidation_shock,27,0.9774148090146099
aave_v3_base,liquidation,liquidation_shock,28,0.9774148090142727
aave_v3_base,liquidation,liquidation_shock,29,0.9774148090141317
aave_v3_base,liquidation,liquidation_shock,30,0.977414809014073
aave_v3_binance,basket_return,return_shock,0,1.0
aave_v3_binance,basket_return,return_shock,1,0.9996917941671013
aave_v3_binance,basket_return,return_shock,2,0.9900458662436259
aave_v3_binance,basket_return,return_shock,3,0.9897509708713907
aave_v3_binance,basket_return,return_shock,4,0.9870589300916534
aave_v3_binance,basket_return,return_shock,5,0.9869886429409737
aave_v3_binance,basket_return,return_shock,6,0.9870206793512015
aave_v3_binance,basket_return,return_shock,7,0.9862301058467196
aave_v3_binance,basket_return,return_shock,8,0.9861741654092161
aave_v3_binance,basket_return,return_shock,9,0.9856901245250241
aave_v3_binance,basket_return,return_shock,10,0.9856088628980448
aave_v3_binance,basket_return,return_shock,11,0.985361229543766
aave_v3_binance,basket_return,return_shock,12,0.9853547195873058
aave_v3_binance,basket_return,return_shock,13,0.985326498589664
aave_v3_binance,basket_return,return_shock,14,0.9852517806928147
aave_v3_binance,basket_return,return_shock,15,0.9852219550113955
aave_v3_binance,basket_return,return_shock,16,0.985183626719316
aave_v3_binance,basket_return,return_shock,17,0.9851662936810817
aave_v3_binance,basket_return,return_shock,18,0.9851438008859774
aave_v3_binance,basket_return,return_shock,19,0.985136136517316
aave_v3_binance,basket_return,return_shock,20,0.9851279111250508
aave_v3_binance,basket_return,return_shock,21,0.9851193899821332
aave_v3_binance,basket_return,return_shock,22,0.9851136201849761
aave_v3_binance,basket_return,return_shock,23,0.9851087119786691
aave_v3_binance,basket_return,return_shock,24,0.9851055107457523
aave_v3_binance,basket_return,return_shock,25,0.9851026544961946
aave_v3_binance,basket_return,return_shock,26,0.9851008314465052
aave_v3_binance,basket_return,return_shock,27,0.985099291994899
aave_v3_binance,basket_return,return_shock,28,0.9850980326551567
aave_v3_binance,basket_return,return_shock,29,0.985097075668225
aave_v3_binance,basket_return,return_shock,30,0.9850963226612007
aave_v3_binance,basket_return,liquidation_shock,0,0.0
aave_v3_binance,basket_return,liquidation_shock,1,0.0003082058328986444
aave_v3_binance,basket_return,liquidation_shock,2,0.009954133756374148
aave_v3_binance,basket_return,liquidation_shock,3,0.010249029128609309
aave_v3_binance,basket_return,liquidation_shock,4,0.012941069908346642
aave_v3_binance,basket_return,liquidation_shock,5,0.013011357059026315
aave_v3_binance,basket_return,liquidation_shock,6,0.01297932064879853
aave_v3_binance,basket_return,liquidation_shock,7,0.013769894153280489
aave_v3_binance,basket_return,liquidation_shock,8,0.013825834590783901
aave_v3_binance,basket_return,liquidation_shock,9,0.014309875474975912
aave_v3_binance,basket_return,liquidation_shock,10,0.014391137101955186
aave_v3_binance,basket_return,liquidation_shock,11,0.014638770456233928
aave_v3_binance,basket_return,liquidation_shock,12,0.014645280412694152
aave_v3_binance,basket_return,liquidation_shock,13,0.014673501410336008
aave_v3_binance,basket_return,liquidation_shock,14,0.014748219307185267
aave_v3_binance,basket_return,liquidation_shock,15,0.014778044988604444
aave_v3_binance,basket_return,liquidation_shock,16,0.014816373280683963
aave_v3_binance,basket_return,liquidation_shock,17,0.01483370631891839
aave_v3_binance,basket_return,liquidation_shock,18,0.014856199114022547
aave_v3_binance,basket_return,liquidation_shock,19,0.014863863482684
aave_v3_binance,basket_return,liquidation_shock,20,0.014872088874949152
aave_v3_binance,basket_return,liquidation_shock,21,0.014880610017866775
aave_v3_binance,basket_return,liquidation_shock,22,0.014886379815024003
aave_v3_binance,basket_return,liquidation_shock,23,0.014891288021330898
aave_v3_binance,basket_return,liquidation_shock,24,0.01489448925424773
aave_v3_binance,basket_return,liquidation_shock,25,0.014897345503805452
aave_v3_binance,basket_return,liquidation_shock,26,0.014899168553494855
aave_v3_binance,basket_return,liquidation_shock,27,0.014900708005100993
aave_v3_binance,basket_return,liquidation_shock,28,0.014901967344843317
aave_v3_binance,basket_return,liquidation_shock,29,0.014902924331774984
aave_v3_binance,basket_return,liquidation_shock,30,0.014903677338799333
aave_v3_binance,liquidation,return_shock,0,0.025270155225554435
aave_v3_binance,liquidation,return_shock,1,0.06281977181330994
aave_v3_binance,liquidation,return_shock,2,0.06225817962856517
aave_v3_binance,liquidation,return_shock,3,0.06464367965784507
aave_v3_binance,liquidation,return_shock,4,0.06519601076783083
aave_v3_binance,liquidation,return_shock,5,0.06609524721652724
aave_v3_binance,liquidation,return_shock,6,0.06692186646547281
aave_v3_binance,liquidation,return_shock,7,0.07008830091366748
aave_v3_binance,liquidation,return_shock,8,0.07121288242675125
aave_v3_binance,liquidation,return_shock,9,0.07113462001752612
aave_v3_binance,liquidation,return_shock,10,0.07116997848869977
aave_v3_binance,liquidation,return_shock,11,0.0712576507370195
aave_v3_binance,liquidation,return_shock,12,0.07109106689896619
aave_v3_binance,liquidation,return_shock,13,0.07093104071478264
aave_v3_binance,liquidation,return_shock,14,0.07101810174539479
aave_v3_binance,liquidation,return_shock,15,0.07103658503840254
aave_v3_binance,liquidation,return_shock,16,0.0710216614503676
aave_v3_binance,liquidation,return_shock,17,0.07100739871050818
aave_v3_binance,liquidation,return_shock,18,0.07100254593636564
aave_v3_binance,liquidation,return_shock,19,0.07098412335048528
aave_v3_binance,liquidation,return_shock,20,0.07096859397623
aave_v3_binance,liquidation,return_shock,21,0.0709670889212438
aave_v3_binance,liquidation,return_shock,22,0.07096448639625322
aave_v3_binance,liquidation,return_shock,23,0.07096158521345566
aave_v3_binance,liquidation,return_shock,24,0.07095873728766902
aave_v3_binance,liquidation,return_shock,25,0.0709567894290687
aave_v3_binance,liquidation,return_shock,26,0.0709547594274773
aave_v3_binance,liquidation,return_shock,27,0.07095323726445131
aave_v3_binance,liquidation,return_shock,28,0.07095243998383087
aave_v3_binance,liquidation,return_shock,29,0.07095177580683534
aave_v3_binance,liquidation,return_shock,30,0.07095124226308192
aave_v3_binance,liquidation,liquidation_shock,0,0.9747298447744456
aave_v3_binance,liquidation,liquidation_shock,1,0.9371802281866901
aave_v3_binance,liquidation,liquidation_shock,2,0.9377418203714349
aave_v3_binance,liquidation,liquidation_shock,3,0.935356320342155
aave_v3_binance,liquidation,liquidation_shock,4,0.9348039892321691
aave_v3_binance,liquidation,liquidation_shock,5,0.9339047527834727
aave_v3_binance,liquidation,liquidation_shock,6,0.9330781335345273
aave_v3_binance,liquidation,liquidation_shock,7,0.9299116990863325
aave_v3_binance,liquidation,liquidation_shock,8,0.9287871175732487
aave_v3_binance,liquidation,liquidation_shock,9,0.9288653799824739
aave_v3_binance,liquidation,liquidation_shock,10,0.9288300215113002
aave_v3_binance,liquidation,liquidation_shock,11,0.9287423492629805
aave_v3_binance,liquidation,liquidation_shock,12,0.9289089331010338
aave_v3_binance,liquidation,liquidation_shock,13,0.9290689592852174
aave_v3_binance,liquidation,liquidation_shock,14,0.9289818982546052
aave_v3_binance,liquidation,liquidation_shock,15,0.9289634149615975
aave_v3_binance,liquidation,liquidation_shock,16,0.9289783385496324
aave_v3_binance,liquidation,liquidation_shock,17,0.9289926012894918
aave_v3_binance,liquidation,liquidation_shock,18,0.9289974540636343
aave_v3_binance,liquidation,liquidation_shock,19,0.9290158766495147
aave_v3_binance,liquidation,liquidation_shock,20,0.92903140602377
aave_v3_binance,liquidation,liquidation_shock,21,0.9290329110787562
aave_v3_binance,liquidation,liquidation_shock,22,0.9290355136037467
aave_v3_binance,liquidation,liquidation_shock,23,0.9290384147865444
aave_v3_binance,liquidation,liquidation_shock,24,0.9290412627123309
aave_v3_binance,liquidation,liquidation_shock,25,0.9290432105709313
aave_v3_binance,liquidation,liquidation_shock,26,0.9290452405725227
aave_v3_binance,liquidation,liquidation_shock,27,0.9290467627355486
aave_v3_binance,liquidation,liquidation_shock,28,0.9290475600161692
aave_v3_binance,liquidation,liquidation_shock,29,0.9290482241931647
aave_v3_binance,liquidation,liquidation_shock,30,0.9290487577369181
aave_v3_ethereum,basket_return,return_shock,0,1.0
aave_v3_ethereum,basket_return,return_shock,1,0.9992176735163336
aave_v3_ethereum,basket_return,return_shock,2,0.990655781654522
aave_v3_ethereum,basket_return,return_shock,3,0.9906801405123961
aave_v3_ethereum,basket_return,return_shock,4,0.9905060583953401
aave_v3_ethereum,basket_return,return_shock,5,0.990475238289357
aave_v3_ethereum,basket_return,return_shock,6,0.9904578411816214
aave_v3_ethereum,basket_return,return_shock,7,0.9904555785211986
aave_v3_ethereum,basket_return,return_shock,8,0.9904524889538707
aave_v3_ethereum,basket_return,return_shock,9,0.9904519820027006
aave_v3_ethereum,basket_return,return_shock,10,0.9904516818684267
aave_v3_ethereum,basket_return,return_shock,11,0.9904515868328473
aave_v3_ethereum,basket_return,return_shock,12,0.9904515452397717
aave_v3_ethereum,basket_return,return_shock,13,0.9904515320659592
aave_v3_ethereum,basket_return,return_shock,14,0.9904515262038952
aave_v3_ethereum,basket_return,return_shock,15,0.9904515242153276
aave_v3_ethereum,basket_return,return_shock,16,0.9904515234180736
aave_v3_ethereum,basket_return,return_shock,17,0.9904515231271276
aave_v3_ethereum,basket_return,return_shock,18,0.9904515230138635
aave_v3_ethereum,basket_return,return_shock,19,0.9904515229722406
aave_v3_ethereum,basket_return,return_shock,20,0.9904515229561582
aave_v3_ethereum,basket_return,return_shock,21,0.9904515229501694
aave_v3_ethereum,basket_return,return_shock,22,0.990451522947886
aave_v3_ethereum,basket_return,return_shock,23,0.9904515229470284
aave_v3_ethereum,basket_return,return_shock,24,0.9904515229467027
aave_v3_ethereum,basket_return,return_shock,25,0.9904515229465801
aave_v3_ethereum,basket_return,return_shock,26,0.9904515229465337
aave_v3_ethereum,basket_return,return_shock,27,0.9904515229465162
aave_v3_ethereum,basket_return,return_shock,28,0.9904515229465096
aave_v3_ethereum,basket_return,return_shock,29,0.9904515229465071
aave_v3_ethereum,basket_return,return_shock,30,0.9904515229465061
aave_v3_ethereum,basket_return,liquidation_shock,0,0.0
aave_v3_ethereum,basket_return,liquidation_shock,1,0.0007823264836663439
aave_v3_ethereum,basket_return,liquidation_shock,2,0.009344218345478052
aave_v3_ethereum,basket_return,liquidation_shock,3,0.00931985948760397
aave_v3_ethereum,basket_return,liquidation_shock,4,0.009493941604659842
aave_v3_ethereum,basket_return,liquidation_shock,5,0.009524761710642975
aave_v3_ethereum,basket_return,liquidation_shock,6,0.009542158818378617
aave_v3_ethereum,basket_return,liquidation_shock,7,0.009544421478801414
aave_v3_ethereum,basket_return,liquidation_shock,8,0.009547511046129248
aave_v3_ethereum,basket_return,liquidation_shock,9,0.0095480179972995
aave_v3_ethereum,basket_return,liquidation_shock,10,0.009548318131573294
aave_v3_ethereum,basket_return,liquidation_shock,11,0.009548413167152704
aave_v3_ethereum,basket_return,liquidation_shock,12,0.009548454760228217
aave_v3_ethereum,basket_return,liquidation_shock,13,0.00954846793404095
aave_v3_ethereum,basket_return,liquidation_shock,14,0.009548473796104767
aave_v3_ethereum,basket_return,liquidation_shock,15,0.009548475784672461
aave_v3_ethereum,basket_return,liquidation_shock,16,0.009548476581926276
aave_v3_ethereum,basket_return,liquidation_shock,17,0.009548476872872379
aave_v3_ethereum,basket_return,liquidation_shock,18,0.009548476986136468
aave_v3_ethereum,basket_return,liquidation_shock,19,0.00954847702775944
aave_v3_ethereum,basket_return,liquidation_shock,20,0.009548477043841777
aave_v3_ethereum,basket_return,liquidation_shock,21,0.009548477049830658
aave_v3_ethereum,basket_return,liquidation_shock,22,0.009548477052114063
aave_v3_ethereum,basket_return,liquidation_shock,23,0.009548477052971597
aave_v3_ethereum,basket_return,liquidation_shock,24,0.009548477053297295
aave_v3_ethereum,basket_return,liquidation_shock,25,0.009548477053419852
aave_v3_ethereum,basket_return,liquidation_shock,26,0.009548477053466307
aave_v3_ethereum,basket_return,liquidation_shock,27,0.009548477053483825
aave_v3_ethereum,basket_return,liquidation_shock,28,0.009548477053490455
aave_v3_ethereum,basket_return,liquidation_shock,29,0.009548477053492956
aave_v3_ethereum,basket_return,liquidation_shock,30,0.009548477053493903
aave_v3_ethereum,liquidation,return_shock,0,0.07316202212711245
aave_v3_ethereum,liquidation,return_shock,1,0.1533620914004251
aave_v3_ethereum,liquidation,return_shock,2,0.1646586262481756
aave_v3_ethereum,liquidation,return_shock,3,0.16721581431231017
aave_v3_ethereum,liquidation,return_shock,4,0.1687734668573315
aave_v3_ethereum,liquidation,return_shock,5,0.16930491899528274
aave_v3_ethereum,liquidation,return_shock,6,0.16945936536845038
aave_v3_ethereum,liquidation,return_shock,7,0.1695357234691592
aave_v3_ethereum,liquidation,return_shock,8,0.16956263983077735
aave_v3_ethereum,liquidation,return_shock,9,0.1695724742890513
aave_v3_ethereum,liquidation,return_shock,10,0.16957630862469808
aave_v3_ethereum,liquidation,return_shock,11,0.16957777378736238
aave_v3_ethereum,liquidation,return_shock,12,0.16957830969725918
aave_v3_ethereum,liquidation,return_shock,13,0.1695785169028405
aave_v3_ethereum,liquidation,return_shock,14,0.16957859476861262
aave_v3_ethereum,liquidation,return_shock,15,0.16957862412889815
aave_v3_ethereum,liquidation,return_shock,16,0.1695786352288409
aave_v3_ethereum,liquidation,return_shock,17,0.16957863943623414
aave_v3_ethereum,liquidation,return_shock,18,0.16957864102003214
aave_v3_ethereum,liquidation,return_shock,19,0.16957864161985559
aave_v3_ethereum,liquidation,return_shock,20,0.1695786418463799
aave_v3_ethereum,liquidation,return_shock,21,0.16957864193198413
aave_v3_ethereum,liquidation,return_shock,22,0.1695786419643231
aave_v3_ethereum,liquidation,return_shock,23,0.1695786419765495
aave_v3_ethereum,liquidation,return_shock,24,0.16957864198116748
aave_v3_ethereum,liquidation,return_shock,25,0.16957864198291298
aave_v3_ethereum,liquidation,return_shock,26,0.1695786419835725
aave_v3_ethereum,liquidation,return_shock,27,0.16957864198382172
aave_v3_ethereum,liquidation,return_shock,28,0.1695786419839159
aave_v3_ethereum,liquidation,return_shock,29,0.16957864198395148
aave_v3_ethereum,liquidation,return_shock,30,0.1695786419839649
aave_v3_ethereum,liquidation,liquidation_shock,0,0.9268379778728876
aave_v3_ethereum,liquidation,liquidation_shock,1,0.8466379085995749
aave_v3_ethereum,liquidation,liquidation_shock,2,0.8353413737518244
aave_v3_ethereum,liquidation,liquidation_shock,3,0.8327841856876899
aave_v3_ethereum,liquidation,liquidation_shock,4,0.8312265331426685
aave_v3_ethereum,liquidation,liquidation_shock,5,0.8306950810047172
aave_v3_ethereum,liquidation,liquidation_shock,6,0.8305406346315496
aave_v3_ethereum,liquidation,liquidation_shock,7,0.8304642765308409
aave_v3_ethereum,liquidation,liquidation_shock,8,0.8304373601692226
aave_v3_ethereum,liquidation,liquidation_shock,9,0.8304275257109487
aave_v3_ethereum,liquidation,liquidation_shock,10,0.8304236913753018
aave_v3_ethereum,liquidation,liquidation_shock,11,0.8304222262126375
aave_v3_ethereum,liquidation,liquidation_shock,12,0.8304216903027407
aave_v3_ethereum,liquidation,liquidation_shock,13,0.8304214830971596
aave_v3_ethereum,liquidation,liquidation_shock,14,0.8304214052313874
aave_v3_ethereum,liquidation,liquidation_shock,15,0.8304213758711018
aave_v3_ethereum,liquidation,liquidation_shock,16,0.8304213647711591
aave_v3_ethereum,liquidation,liquidation_shock,17,0.8304213605637658
aave_v3_ethereum,liquidation,liquidation_shock,18,0.8304213589799678
aave_v3_ethereum,liquidation,liquidation_shock,19,0.8304213583801445
aave_v3_ethereum,liquidation,liquidation_shock,20,0.8304213581536201
aave_v3_ethereum,liquidation,liquidation_shock,21,0.8304213580680159
aave_v3_ethereum,liquidation,liquidation_shock,22,0.830421358035677
aave_v3_ethereum,liquidation,liquidation_shock,23,0.8304213580234505
aave_v3_ethereum,liquidation,liquidation_shock,24,0.8304213580188324
aave_v3_ethereum,liquidation,liquidation_shock,25,0.830421358017087
aave_v3_ethereum,liquidation,liquidation_shock,26,0.8304213580164275
aave_v3_ethereum,liquidation,liquidation_shock,27,0.8304213580161782
aave_v3_ethereum,liquidation,liquidation_shock,28,0.8304213580160841
aave_v3_ethereum,liquidation,liquidation_shock,29,0.8304213580160485
aave_v3_ethereum,liquidation,liquidation_shock,30,0.830421358016035
aave_v3_gnosis,basket_return,return_shock,0,1.0
aave_v3_gnosis,basket_return,return_shock,1,0.9991036930594033
aave_v3_gnosis,basket_return,return_shock,2,0.9973316127290959
aave_v3_gnosis,basket_return,return_shock,3,0.9966755145752964
aave_v3_gnosis,basket_return,return_shock,4,0.9966744232755722
aave_v3_gnosis,basket_return,return_shock,5,0.9966714418340736
aave_v3_gnosis,basket_return,return_shock,6,0.9966702059446945
aave_v3_gnosis,basket_return,return_shock,7,0.9966685445777919
aave_v3_gnosis,basket_return,return_shock,8,0.9966684798207609
aave_v3_gnosis,basket_return,return_shock,9,0.9966681420900451
aave_v3_gnosis,basket_return,return_shock,10,0.9966680677795083
aave_v3_gnosis,basket_return,return_shock,11,0.9966680286401917
aave_v3_gnosis,basket_return,return_shock,12,0.9966680111261028
aave_v3_gnosis,basket_return,return_shock,13,0.9966680019014246
aave_v3_gnosis,basket_return,return_shock,14,0.9966679983346641
aave_v3_gnosis,basket_return,return_shock,15,0.9966679964155191
aave_v3_gnosis,basket_return,return_shock,16,0.9966679955809191
aave_v3_gnosis,basket_return,return_shock,17,0.9966679951886995
aave_v3_gnosis,basket_return,return_shock,18,0.9966679950080147
aave_v3_gnosis,basket_return,return_shock,19,0.9966679949230999
aave_v3_gnosis,basket_return,return_shock,20,0.9966679948843462
aave_v3_gnosis,basket_return,return_shock,21,0.9966679948661671
aave_v3_gnosis,basket_return,return_shock,22,0.9966679948577801
aave_v3_gnosis,basket_return,return_shock,23,0.9966679948538859
aave_v3_gnosis,basket_return,return_shock,24,0.9966679948520817
aave_v3_gnosis,basket_return,return_shock,25,0.996667994851244
aave_v3_gnosis,basket_return,return_shock,26,0.9966679948508561
aave_v3_gnosis,basket_return,return_shock,27,0.996667994850676
aave_v3_gnosis,basket_return,return_shock,28,0.9966679948505925
aave_v3_gnosis,basket_return,return_shock,29,0.9966679948505539
aave_v3_gnosis,basket_return,return_shock,30,0.9966679948505359
aave_v3_gnosis,basket_return,liquidation_shock,0,0.0
aave_v3_gnosis,basket_return,liquidation_shock,1,0.0008963069405967197
aave_v3_gnosis,basket_return,liquidation_shock,2,0.0026683872709041185
aave_v3_gnosis,basket_return,liquidation_shock,3,0.003324485424703713
aave_v3_gnosis,basket_return,liquidation_shock,4,0.003325576724427761
aave_v3_gnosis,basket_return,liquidation_shock,5,0.003328558165926403
aave_v3_gnosis,basket_return,liquidation_shock,6,0.003329794055305481
aave_v3_gnosis,basket_return,liquidation_shock,7,0.0033314554222081175
aave_v3_gnosis,basket_return,liquidation_shock,8,0.00333152017923917
aave_v3_gnosis,basket_return,liquidation_shock,9,0.0033318579099548833
aave_v3_gnosis,basket_return,liquidation_shock,10,0.003331932220491728
aave_v3_gnosis,basket_return,liquidation_shock,11,0.0033319713598083706
aave_v3_gnosis,basket_return,liquidation_shock,12,0.0033319888738971397
aave_v3_gnosis,basket_return,liquidation_shock,13,0.003331998098575432
aave_v3_gnosis,basket_return,liquidation_shock,14,0.003332001665335881
aave_v3_gnosis,basket_return,liquidation_shock,15,0.0033320035844809173
aave_v3_gnosis,basket_return,liquidation_shock,16,0.0033320044190808893
aave_v3_gnosis,basket_return,liquidation_shock,17,0.00333200481130043
aave_v3_gnosis,basket_return,liquidation_shock,18,0.0033320049919852326
aave_v3_gnosis,basket_return,liquidation_shock,19,0.0033320050769001614
aave_v3_gnosis,basket_return,liquidation_shock,20,0.0033320051156538466
aave_v3_gnosis,basket_return,liquidation_shock,21,0.0033320051338329307
aave_v3_gnosis,basket_return,liquidation_shock,22,0.00333200514221985
aave_v3_gnosis,basket_return,liquidation_shock,23,0.0033320051461141315
aave_v3_gnosis,basket_return,liquidation_shock,24,0.0033320051479183094
aave_v3_gnosis,basket_return,liquidation_shock,25,0.0033320051487559957
aave_v3_gnosis,basket_return,liquidation_shock,26,0.0033320051491438937
aave_v3_gnosis,basket_return,liquidation_shock,27,0.0033320051493239246
aave_v3_gnosis,basket_return,liquidation_shock,28,0.00333200514940737
aave_v3_gnosis,basket_return,liquidation_shock,29,0.0033320051494460682
aave_v3_gnosis,basket_return,liquidation_shock,30,0.0033320051494640105
aave_v3_gnosis,liquidation,return_shock,0,0.0076583119783443405
aave_v3_gnosis,liquidation,return_shock,1,0.030060402557691965
aave_v3_gnosis,liquidation,return_shock,2,0.029736760148210743
aave_v3_gnosis,liquidation,return_shock,3,0.02955067333962278
aave_v3_gnosis,liquidation,return_shock,4,0.02966191009031437
aave_v3_gnosis,liquidation,return_shock,5,0.029711277086650282
aave_v3_gnosis,liquidation,return_shock,6,0.029714090045587498
aave_v3_gnosis,liquidation,return_shock,7,0.029730291359335182
aave_v3_gnosis,liquidation,return_shock,8,0.029733387697879466
aave_v3_gnosis,liquidation,return_shock,9,0.029735013740613138
aave_v3_gnosis,liquidation,return_shock,10,0.02973587280429574
aave_v3_gnosis,liquidation,return_shock,11,0.02973627837497049
aave_v3_gnosis,liquidation,return_shock,12,0.02973644443024415
aave_v3_gnosis,liquidation,return_shock,13,0.02973653303014695
aave_v3_gnosis,liquidation,return_shock,14,0.029736571126896063
aave_v3_gnosis,liquidation,return_shock,15,0.02973658897217825
aave_v3_gnosis,liquidation,return_shock,16,0.029736597299224052
aave_v3_gnosis,liquidation,return_shock,17,0.02973660117616247
aave_v3_gnosis,liquidation,return_shock,18,0.029736602952905734
aave_v3_gnosis,liquidation,return_shock,19,0.029736603785983008
aave_v3_gnosis,liquidation,return_shock,20,0.029736604170129098
aave_v3_gnosis,liquidation,return_shock,21,0.02973660434841139
aave_v3_gnosis,liquidation,return_shock,22,0.029736604431094826
aave_v3_gnosis,liquidation,return_shock,23,0.029736604469455964
aave_v3_gnosis,liquidation,return_shock,24,0.029736604487224903
aave_v3_gnosis,liquidation,return_shock,25,0.029736604495471507
aave_v3_gnosis,liquidation,return_shock,26,0.0297366044992938
aave_v3_gnosis,liquidation,return_shock,27,0.02973660450106631
aave_v3_gnosis,liquidation,return_shock,28,0.029736604501888197
aave_v3_gnosis,liquidation,return_shock,29,0.02973660450226932
aave_v3_gnosis,liquidation,return_shock,30,0.02973660450244603
aave_v3_gnosis,liquidation,liquidation_shock,0,0.9923416880216557
aave_v3_gnosis,liquidation,liquidation_shock,1,0.9699395974423081
aave_v3_gnosis,liquidation,liquidation_shock,2,0.9702632398517893
aave_v3_gnosis,liquidation,liquidation_shock,3,0.9704493266603772
aave_v3_gnosis,liquidation,liquidation_shock,4,0.9703380899096856
aave_v3_gnosis,liquidation,liquidation_shock,5,0.9702887229133498
aave_v3_gnosis,liquidation,liquidation_shock,6,0.9702859099544126
aave_v3_gnosis,liquidation,liquidation_shock,7,0.9702697086406649
aave_v3_gnosis,liquidation,liquidation_shock,8,0.9702666123021205
aave_v3_gnosis,liquidation,liquidation_shock,9,0.9702649862593868
aave_v3_gnosis,liquidation,liquidation_shock,10,0.9702641271957042
aave_v3_gnosis,liquidation,liquidation_shock,11,0.9702637216250296
aave_v3_gnosis,liquidation,liquidation_shock,12,0.9702635555697559
aave_v3_gnosis,liquidation,liquidation_shock,13,0.970263466969853
aave_v3_gnosis,liquidation,liquidation_shock,14,0.9702634288731039
aave_v3_gnosis,liquidation,liquidation_shock,15,0.9702634110278218
aave_v3_gnosis,liquidation,liquidation_shock,16,0.9702634027007759
aave_v3_gnosis,liquidation,liquidation_shock,17,0.9702633988238376
aave_v3_gnosis,liquidation,liquidation_shock,18,0.9702633970470943
aave_v3_gnosis,liquidation,liquidation_shock,19,0.970263396214017
aave_v3_gnosis,liquidation,liquidation_shock,20,0.9702633958298709
aave_v3_gnosis,liquidation,liquidation_shock,21,0.9702633956515887
aave_v3_gnosis,liquidation,liquidation_shock,22,0.9702633955689052
aave_v3_gnosis,liquidation,liquidation_shock,23,0.9702633955305441
aave_v3_gnosis,liquidation,liquidation_shock,24,0.9702633955127752
aave_v3_gnosis,liquidation,liquidation_shock,25,0.9702633955045284
aave_v3_gnosis,liquidation,liquidation_shock,26,0.9702633955007062
aave_v3_gnosis,liquidation,liquidation_shock,27,0.9702633954989337
aave_v3_gnosis,liquidation,liquidation_shock,28,0.9702633954981118
aave_v3_gnosis,liquidation,liquidation_shock,29,0.9702633954977307
aave_v3_gnosis,liquidation,liquidation_shock,30,0.970263395497554
aave_v3_linea,basket_return,return_shock,0,1.0
aave_v3_linea,basket_return,return_shock,1,0.9961143713201964
aave_v3_linea,basket_return,return_shock,2,0.995991511583689
aave_v3_linea,basket_return,return_shock,3,0.9959757001949411
aave_v3_linea,basket_return,return_shock,4,0.9959745623756714
aave_v3_linea,basket_return,return_shock,5,0.9959744613986239
aave_v3_linea,basket_return,return_shock,6,0.9959744531325839
aave_v3_linea,basket_return,return_shock,7,0.9959744524350298
aave_v3_linea,basket_return,return_shock,8,0.9959744523768407
aave_v3_linea,basket_return,return_shock,9,0.9959744523719655
aave_v3_linea,basket_return,return_shock,10,0.9959744523715577
aave_v3_linea,basket_return,return_shock,11,0.9959744523715235
aave_v3_linea,basket_return,return_shock,12,0.9959744523715206
aave_v3_linea,basket_return,return_shock,13,0.9959744523715204
aave_v3_linea,basket_return,return_shock,14,0.9959744523715204
aave_v3_linea,basket_return,return_shock,15,0.9959744523715204
aave_v3_linea,basket_return,return_shock,16,0.9959744523715204
aave_v3_linea,basket_return,return_shock,17,0.9959744523715204
aave_v3_linea,basket_return,return_shock,18,0.9959744523715204
aave_v3_linea,basket_return,return_shock,19,0.9959744523715204
aave_v3_linea,basket_return,return_shock,20,0.9959744523715204
aave_v3_linea,basket_return,return_shock,21,0.9959744523715204
aave_v3_linea,basket_return,return_shock,22,0.9959744523715204
aave_v3_linea,basket_return,return_shock,23,0.9959744523715204
aave_v3_linea,basket_return,return_shock,24,0.9959744523715204
aave_v3_linea,basket_return,return_shock,25,0.9959744523715204
aave_v3_linea,basket_return,return_shock,26,0.9959744523715204
aave_v3_linea,basket_return,return_shock,27,0.9959744523715204
aave_v3_linea,basket_return,return_shock,28,0.9959744523715204
aave_v3_linea,basket_return,return_shock,29,0.9959744523715204
aave_v3_linea,basket_return,return_shock,30,0.9959744523715204
aave_v3_linea,basket_return,liquidation_shock,0,0.0
aave_v3_linea,basket_return,liquidation_shock,1,0.003885628679803485
aave_v3_linea,basket_return,liquidation_shock,2,0.00400848841631087
aave_v3_linea,basket_return,liquidation_shock,3,0.004024299805058983
aave_v3_linea,basket_return,liquidation_shock,4,0.004025437624328547
aave_v3_linea,basket_return,liquidation_shock,5,0.0040255386013760995
aave_v3_linea,basket_return,liquidation_shock,6,0.004025546867416062
aave_v3_linea,basket_return,liquidation_shock,7,0.004025547564970214
aave_v3_linea,basket_return,liquidation_shock,8,0.004025547623159283
aave_v3_linea,basket_return,liquidation_shock,9,0.004025547628034618
aave_v3_linea,basket_return,liquidation_shock,10,0.004025547628442418
aave_v3_linea,basket_return,liquidation_shock,11,0.004025547628476549
aave_v3_linea,basket_return,liquidation_shock,12,0.004025547628479406
aave_v3_linea,basket_return,liquidation_shock,13,0.004025547628479645
aave_v3_linea,basket_return,liquidation_shock,14,0.004025547628479665
aave_v3_linea,basket_return,liquidation_shock,15,0.004025547628479667
aave_v3_linea,basket_return,liquidation_shock,16,0.004025547628479667
aave_v3_linea,basket_return,liquidation_shock,17,0.004025547628479667
aave_v3_linea,basket_return,liquidation_shock,18,0.004025547628479667
aave_v3_linea,basket_return,liquidation_shock,19,0.004025547628479667
aave_v3_linea,basket_return,liquidation_shock,20,0.004025547628479667
aave_v3_linea,basket_return,liquidation_shock,21,0.004025547628479667
aave_v3_linea,basket_return,liquidation_shock,22,0.004025547628479667
aave_v3_linea,basket_return,liquidation_shock,23,0.004025547628479667
aave_v3_linea,basket_return,liquidation_shock,24,0.004025547628479667
aave_v3_linea,basket_return,liquidation_shock,25,0.004025547628479667
aave_v3_linea,basket_return,liquidation_shock,26,0.004025547628479667
aave_v3_linea,basket_return,liquidation_shock,27,0.004025547628479667
aave_v3_linea,basket_return,liquidation_shock,28,0.004025547628479667
aave_v3_linea,basket_return,liquidation_shock,29,0.004025547628479667
aave_v3_linea,basket_return,liquidation_shock,30,0.004025547628479667
aave_v3_linea,liquidation,return_shock,0,0.04879436562450268
aave_v3_linea,liquidation,return_shock,1,0.12197320981305947
aave_v3_linea,liquidation,return_shock,2,0.12424819589385178
aave_v3_linea,liquidation,return_shock,3,0.12452222981384004
aave_v3_linea,liquidation,return_shock,4,0.1245423176018605
aave_v3_linea,liquidation,return_shock,5,0.12454408668000248
aave_v3_linea,liquidation,return_shock,6,0.12454423190846138
aave_v3_linea,liquidation,return_shock,7,0.12454424415073281
aave_v3_linea,liquidation,return_shock,8,0.12454424517238517
aave_v3_linea,liquidation,return_shock,9,0.12454424525797038
aave_v3_linea,liquidation,return_shock,10,0.12454424526512964
aave_v3_linea,liquidation,return_shock,11,0.12454424526572885
aave_v3_linea,liquidation,return_shock,12,0.124544245265779
aave_v3_linea,liquidation,return_shock,13,0.12454424526578318
aave_v3_linea,liquidation,return_shock,14,0.12454424526578353
aave_v3_linea,liquidation,return_shock,15,0.12454424526578357
aave_v3_linea,liquidation,return_shock,16,0.12454424526578357
aave_v3_linea,liquidation,return_shock,17,0.12454424526578357
aave_v3_linea,liquidation,return_shock,18,0.12454424526578357
aave_v3_linea,liquidation,return_shock,19,0.12454424526578357
aave_v3_linea,liquidation,return_shock,20,0.12454424526578357
aave_v3_linea,liquidation,return_shock,21,0.12454424526578357
aave_v3_linea,liquidation,return_shock,22,0.12454424526578357
aave_v3_linea,liquidation,return_shock,23,0.12454424526578357
aave_v3_linea,liquidation,return_shock,24,0.12454424526578357
aave_v3_linea,liquidation,return_shock,25,0.12454424526578357
aave_v3_linea,liquidation,return_shock,26,0.12454424526578357
aave_v3_linea,liquidation,return_shock,27,0.12454424526578357
aave_v3_linea,liquidation,return_shock,28,0.12454424526578357
aave_v3_linea,liquidation,return_shock,29,0.12454424526578357
aave_v3_linea,liquidation,return_shock,30,0.12454424526578357
aave_v3_linea,liquidation,liquidation_shock,0,0.9512056343754973
aave_v3_linea,liquidation,liquidation_shock,1,0.8780267901869405
aave_v3_linea,liquidation,liquidation_shock,2,0.8757518041061483
aave_v3_linea,liquidation,liquidation_shock,3,0.87547777018616
aave_v3_linea,liquidation,liquidation_shock,4,0.8754576823981395
aave_v3_linea,liquidation,liquidation_shock,5,0.8754559133199975
aave_v3_linea,liquidation,liquidation_shock,6,0.8754557680915387
aave_v3_linea,liquidation,liquidation_shock,7,0.8754557558492673
aave_v3_linea,liquidation,liquidation_shock,8,0.8754557548276148
aave_v3_linea,liquidation,liquidation_shock,9,0.8754557547420295
aave_v3_linea,liquidation,liquidation_shock,10,0.8754557547348704
aave_v3_linea,liquidation,liquidation_shock,11,0.8754557547342712
aave_v3_linea,liquidation,liquidation_shock,12,0.875455754734221
aave_v3_linea,liquidation,liquidation_shock,13,0.8754557547342168
aave_v3_linea,liquidation,liquidation_shock,14,0.8754557547342164
aave_v3_linea,liquidation,liquidation_shock,15,0.8754557547342164
aave_v3_linea,liquidation,liquidation_shock,16,0.8754557547342164
aave_v3_linea,liquidation,liquidation_shock,17,0.8754557547342164
aave_v3_linea,liquidation,liquidation_shock,18,0.8754557547342164
aave_v3_linea,liquidation,liquidation_shock,19,0.8754557547342164
aave_v3_linea,liquidation,liquidation_shock,20,0.8754557547342164
aave_v3_linea,liquidation,liquidation_shock,21,0.8754557547342164
aave_v3_linea,liquidation,liquidation_shock,22,0.8754557547342164
aave_v3_linea,liquidation,liquidation_shock,23,0.8754557547342164
aave_v3_linea,liquidation,liquidation_shock,24,0.8754557547342164
aave_v3_linea,liquidation,liquidation_shock,25,0.8754557547342164
aave_v3_linea,liquidation,liquidation_shock,26,0.8754557547342164
aave_v3_linea,liquidation,liquidation_shock,27,0.8754557547342164
aave_v3_linea,liquidation,liquidation_shock,28,0.8754557547342164
aave_v3_linea,liquidation,liquidation_shock,29,0.8754557547342164
aave_v3_linea,liquidation,liquidation_shock,30,0.8754557547342164
aave_v3_optimism,basket_return,return_shock,0,1.0
aave_v3_optimism,basket_return,return_shock,1,0.9999753592045982
aave_v3_optimism,basket_return,return_shock,2,0.9999749466616519
aave_v3_optimism,basket_return,return_shock,3,0.9999749279394246
aave_v3_optimism,basket_return,return_shock,4,0.9999749273313701
aave_v3_optimism,basket_return,return_shock,5,0.9999749273095478
aave_v3_optimism,basket_return,return_shock,6,0.9999749273087887
aave_v3_optimism,basket_return,return_shock,7,0.9999749273087619
aave_v3_optimism,basket_return,return_shock,8,0.999974927308761
aave_v3_optimism,basket_return,return_shock,9,0.999974927308761
aave_v3_optimism,basket_return,return_shock,10,0.999974927308761
aave_v3_optimism,basket_return,return_shock,11,0.999974927308761
aave_v3_optimism,basket_return,return_shock,12,0.999974927308761
aave_v3_optimism,basket_return,return_shock,13,0.999974927308761
aave_v3_optimism,basket_return,return_shock,14,0.999974927308761
aave_v3_optimism,basket_return,return_shock,15,0.999974927308761
aave_v3_optimism,basket_return,return_shock,16,0.999974927308761
aave_v3_optimism,basket_return,return_shock,17,0.999974927308761
aave_v3_optimism,basket_return,return_shock,18,0.999974927308761
aave_v3_optimism,basket_return,return_shock,19,0.999974927308761
aave_v3_optimism,basket_return,return_shock,20,0.999974927308761
aave_v3_optimism,basket_return,return_shock,21,0.999974927308761
aave_v3_optimism,basket_return,return_shock,22,0.999974927308761
aave_v3_optimism,basket_return,return_shock,23,0.999974927308761
aave_v3_optimism,basket_return,return_shock,24,0.999974927308761
aave_v3_optimism,basket_return,return_shock,25,0.999974927308761
aave_v3_optimism,basket_return,return_shock,26,0.999974927308761
aave_v3_optimism,basket_return,return_shock,27,0.999974927308761
aave_v3_optimism,basket_return,return_shock,28,0.999974927308761
aave_v3_optimism,basket_return,return_shock,29,0.999974927308761
aave_v3_optimism,basket_return,return_shock,30,0.999974927308761
aave_v3_optimism,basket_return,liquidation_shock,0,0.0
aave_v3_optimism,basket_return,liquidation_shock,1,2.4640795401772758e-05
aave_v3_optimism,basket_return,liquidation_shock,2,2.5053338348158226e-05
aave_v3_optimism,basket_return,liquidation_shock,3,2.507206057545616e-05
aave_v3_optimism,basket_return,liquidation_shock,4,2.50726686299423e-05
aave_v3_optimism,basket_return,liquidation_shock,5,2.507269045214681e-05
aave_v3_optimism,basket_return,liquidation_shock,6,2.5072691211318803e-05
aave_v3_optimism,basket_return,liquidation_shock,7,2.5072691237983715e-05
aave_v3_optimism,basket_return,liquidation_shock,8,2.5072691238917518e-05
aave_v3_optimism,basket_return,liquidation_shock,9,2.507269123895025e-05
aave_v3_optimism,basket_return,liquidation_shock,10,2.50726912389514e-05
aave_v3_optimism,basket_return,liquidation_shock,11,2.507269123895144e-05
aave_v3_optimism,basket_return,liquidation_shock,12,2.507269123895144e-05
aave_v3_optimism,basket_return,liquidation_shock,13,2.507269123895144e-05
aave_v3_optimism,basket_return,liquidation_shock,14,2.507269123895144e-05
aave_v3_optimism,basket_return,liquidation_shock,15,2.507269123895144e-05
aave_v3_optimism,basket_return,liquidation_shock,16,2.507269123895144e-05
aave_v3_optimism,basket_return,liquidation_shock,17,2.507269123895144e-05
aave_v3_optimism,basket_return,liquidation_shock,18,2.507269123895144e-05
aave_v3_optimism,basket_return,liquidation_shock,19,2.507269123895144e-05
aave_v3_optimism,basket_return,liquidation_shock,20,2.507269123895144e-05
aave_v3_optimism,basket_return,liquidation_shock,21,2.507269123895144e-05
aave_v3_optimism,basket_return,liquidation_shock,22,2.507269123895144e-05
aave_v3_optimism,basket_return,liquidation_shock,23,2.507269123895144e-05
aave_v3_optimism,basket_return,liquidation_shock,24,2.507269123895144e-05
aave_v3_optimism,basket_return,liquidation_shock,25,2.507269123895144e-05
aave_v3_optimism,basket_return,liquidation_shock,26,2.507269123895144e-05
aave_v3_optimism,basket_return,liquidation_shock,27,2.507269123895144e-05
aave_v3_optimism,basket_return,liquidation_shock,28,2.507269123895144e-05
aave_v3_optimism,basket_return,liquidation_shock,29,2.507269123895144e-05
aave_v3_optimism,basket_return,liquidation_shock,30,2.507269123895144e-05
aave_v3_optimism,liquidation,return_shock,0,0.040489485867990185
aave_v3_optimism,liquidation,return_shock,1,0.06649635095670824
aave_v3_optimism,liquidation,return_shock,2,0.06695590445933118
aave_v3_optimism,liquidation,return_shock,3,0.06697584177895743
aave_v3_optimism,liquidation,return_shock,4,0.06697649730805423
aave_v3_optimism,liquidation,return_shock,5,0.06697652074240285
aave_v3_optimism,liquidation,return_shock,6,0.0669765215586349
aave_v3_optimism,liquidation,return_shock,7,0.06697652158729338
aave_v3_optimism,liquidation,return_shock,8,0.06697652158829712
aave_v3_optimism,liquidation,return_shock,9,0.06697652158833228
aave_v3_optimism,liquidation,return_shock,10,0.06697652158833352
aave_v3_optimism,liquidation,return_shock,11,0.06697652158833356
aave_v3_optimism,liquidation,return_shock,12,0.06697652158833356
aave_v3_optimism,liquidation,return_shock,13,0.06697652158833356
aave_v3_optimism,liquidation,return_shock,14,0.06697652158833356
aave_v3_optimism,liquidation,return_shock,15,0.06697652158833356
aave_v3_optimism,liquidation,return_shock,16,0.06697652158833356
aave_v3_optimism,liquidation,return_shock,17,0.06697652158833356
aave_v3_optimism,liquidation,return_shock,18,0.06697652158833356
aave_v3_optimism,liquidation,return_shock,19,0.06697652158833356
aave_v3_optimism,liquidation,return_shock,20,0.06697652158833356
aave_v3_optimism,liquidation,return_shock,21,0.06697652158833356
aave_v3_optimism,liquidation,return_shock,22,0.06697652158833356
aave_v3_optimism,liquidation,return_shock,23,0.06697652158833356
aave_v3_optimism,liquidation,return_shock,24,0.06697652158833356
aave_v3_optimism,liquidation,return_shock,25,0.06697652158833356
aave_v3_optimism,liquidation,return_shock,26,0.06697652158833356
aave_v3_optimism,liquidation,return_shock,27,0.06697652158833356
aave_v3_optimism,liquidation,return_shock,28,0.06697652158833356
aave_v3_optimism,liquidation,return_shock,29,0.06697652158833356
aave_v3_optimism,liquidation,return_shock,30,0.06697652158833356
aave_v3_optimism,liquidation,liquidation_shock,0,0.9595105141320098
aave_v3_optimism,liquidation,liquidation_shock,1,0.9335036490432917
aave_v3_optimism,liquidation,liquidation_shock,2,0.9330440955406688
aave_v3_optimism,liquidation,liquidation_shock,3,0.9330241582210426
aave_v3_optimism,liquidation,liquidation_shock,4,0.9330235026919458
aave_v3_optimism,liquidation,liquidation_shock,5,0.9330234792575972
aave_v3_optimism,liquidation,liquidation_shock,6,0.933023478441365
aave_v3_optimism,liquidation,liquidation_shock,7,0.9330234784127066
aave_v3_optimism,liquidation,liquidation_shock,8,0.933023478411703
aave_v3_optimism,liquidation,liquidation_shock,9,0.9330234784116677
aave_v3_optimism,liquidation,liquidation_shock,10,0.9330234784116666
aave_v3_optimism,liquidation,liquidation_shock,11,0.9330234784116664
aave_v3_optimism,liquidation,liquidation_shock,12,0.9330234784116664
aave_v3_optimism,liquidation,liquidation_shock,13,0.9330234784116664
aave_v3_optimism,liquidation,liquidation_shock,14,0.9330234784116664
aave_v3_optimism,liquidation,liquidation_shock,15,0.9330234784116664
aave_v3_optimism,liquidation,liquidation_shock,16,0.9330234784116664
aave_v3_optimism,liquidation,liquidation_shock,17,0.9330234784116664
aave_v3_optimism,liquidation,liquidation_shock,18,0.9330234784116664
aave_v3_optimism,liquidation,liquidation_shock,19,0.9330234784116664
aave_v3_optimism,liquidation,liquidation_shock,20,0.9330234784116664
aave_v3_optimism,liquidation,liquidation_shock,21,0.9330234784116664
aave_v3_optimism,liquidation,liquidation_shock,22,0.9330234784116664
aave_v3_optimism,liquidation,liquidation_shock,23,0.9330234784116664
aave_v3_optimism,liquidation,liquidation_shock,24,0.9330234784116664
aave_v3_optimism,liquidation,liquidation_shock,25,0.9330234784116664
aave_v3_optimism,liquidation,liquidation_shock,26,0.9330234784116664
aave_v3_optimism,liquidation,liquidation_shock,27,0.9330234784116664
aave_v3_optimism,liquidation,liquidation_shock,28,0.9330234784116664
aave_v3_optimism,liquidation,liquidation_shock,29,0.9330234784116664
aave_v3_optimism,liquidation,liquidation_shock,30,0.9330234784116664
aave_v3_polygon,basket_return,return_shock,0,1.0
aave_v3_polygon,basket_return,return_shock,1,0.9998515006245839
aave_v3_polygon,basket_return,return_shock,2,0.9880759391566615
aave_v3_polygon,basket_return,return_shock,3,0.9879776016522489
aave_v3_polygon,basket_return,return_shock,4,0.9875875927801089
aave_v3_polygon,basket_return,return_shock,5,0.9875884325072916
aave_v3_polygon,basket_return,return_shock,6,0.9875820275256644
aave_v3_polygon,basket_return,return_shock,7,0.9875818306585651
aave_v3_polygon,basket_return,return_shock,8,0.9875817471611839
aave_v3_polygon,basket_return,return_shock,9,0.9875817280827003
aave_v3_polygon,basket_return,return_shock,10,0.9875817265717887
aave_v3_polygon,basket_return,return_shock,11,0.9875817257986736
aave_v3_polygon,basket_return,return_shock,12,0.9875817257462932
aave_v3_polygon,basket_return,return_shock,13,0.9875817257237076
aave_v3_polygon,basket_return,return_shock,14,0.9875817257213256
aave_v3_polygon,basket_return,return_shock,15,0.9875817257207159
aave_v3_polygon,basket_return,return_shock,16,0.9875817257206153
aave_v3_polygon,basket_return,return_shock,17,0.9875817257205975
aave_v3_polygon,basket_return,return_shock,18,0.9875817257205939
aave_v3_polygon,basket_return,return_shock,19,0.9875817257205933
aave_v3_polygon,basket_return,return_shock,20,0.9875817257205931
aave_v3_polygon,basket_return,return_shock,21,0.9875817257205931
aave_v3_polygon,basket_return,return_shock,22,0.9875817257205931
aave_v3_polygon,basket_return,return_shock,23,0.9875817257205931
aave_v3_polygon,basket_return,return_shock,24,0.9875817257205931
aave_v3_polygon,basket_return,return_shock,25,0.9875817257205931
aave_v3_polygon,basket_return,return_shock,26,0.9875817257205931
aave_v3_polygon,basket_return,return_shock,27,0.9875817257205931
aave_v3_polygon,basket_return,return_shock,28,0.9875817257205931
aave_v3_polygon,basket_return,return_shock,29,0.9875817257205931
aave_v3_polygon,basket_return,return_shock,30,0.9875817257205931
aave_v3_polygon,basket_return,liquidation_shock,0,0.0
aave_v3_polygon,basket_return,liquidation_shock,1,0.00014849937541605346
aave_v3_polygon,basket_return,liquidation_shock,2,0.011924060843338507
aave_v3_polygon,basket_return,liquidation_shock,3,0.012022398347751083
aave_v3_polygon,basket_return,liquidation_shock,4,0.012412407219891081
aave_v3_polygon,basket_return,liquidation_shock,5,0.012411567492708416
aave_v3_polygon,basket_return,liquidation_shock,6,0.012417972474335612
aave_v3_polygon,basket_return,liquidation_shock,7,0.012418169341434897
aave_v3_polygon,basket_return,liquidation_shock,8,0.01241825283881618
aave_v3_polygon,basket_return,liquidation_shock,9,0.012418271917299656
aave_v3_polygon,basket_return,liquidation_shock,10,0.012418273428211328
aave_v3_polygon,basket_return,liquidation_shock,11,0.012418274201326353
aave_v3_polygon,basket_return,liquidation_shock,12,0.012418274253706802
aave_v3_polygon,basket_return,liquidation_shock,13,0.012418274276292468
aave_v3_polygon,basket_return,liquidation_shock,14,0.012418274278674347
aave_v3_polygon,basket_return,liquidation_shock,15,0.012418274279284136
aave_v3_polygon,basket_return,liquidation_shock,16,0.01241827427938473
aave_v3_polygon,basket_return,liquidation_shock,17,0.01241827427940243
aave_v3_polygon,basket_return,liquidation_shock,18,0.012418274279406137
aave_v3_polygon,basket_return,liquidation_shock,19,0.012418274279406713
aave_v3_polygon,basket_return,liquidation_shock,20,0.012418274279406836
aave_v3_polygon,basket_return,liquidation_shock,21,0.012418274279406857
aave_v3_polygon,basket_return,liquidation_shock,22,0.01241827427940686
aave_v3_polygon,basket_return,liquidation_shock,23,0.01241827427940686
aave_v3_polygon,basket_return,liquidation_shock,24,0.01241827427940686
aave_v3_polygon,basket_return,liquidation_shock,25,0.01241827427940686
aave_v3_polygon,basket_return,liquidation_shock,26,0.01241827427940686
aave_v3_polygon,basket_return,liquidation_shock,27,0.01241827427940686
aave_v3_polygon,basket_return,liquidation_shock,28,0.01241827427940686
aave_v3_polygon,basket_return,liquidation_shock,29,0.01241827427940686
aave_v3_polygon,basket_return,liquidation_shock,30,0.01241827427940686
aave_v3_polygon,liquidation,return_shock,0,0.07533289305362761
aave_v3_polygon,liquidation,return_shock,1,0.1287958583685062
aave_v3_polygon,liquidation,return_shock,2,0.1286920941793046
aave_v3_polygon,liquidation,return_shock,3,0.1299446389435301
aave_v3_polygon,liquidation,return_shock,4,0.1299378954910196
aave_v3_polygon,liquidation,return_shock,5,0.12995249952070168
aave_v3_polygon,liquidation,return_shock,6,0.12995343840687082
aave_v3_polygon,liquidation,return_shock,7,0.1299535424943494
aave_v3_polygon,liquidation,return_shock,8,0.12995361279857717
aave_v3_polygon,liquidation,return_shock,9,0.1299536144161105
aave_v3_polygon,liquidation,return_shock,10,0.12995361682069037
aave_v3_polygon,liquidation,return_shock,11,0.12995361693251414
aave_v3_polygon,liquidation,return_shock,12,0.1299536169933291
aave_v3_polygon,liquidation,return_shock,13,0.12995361699993493
aave_v3_polygon,liquidation,return_shock,14,0.12995361700142688
aave_v3_polygon,liquidation,return_shock,15,0.12995361700171654
aave_v3_polygon,liquidation,return_shock,16,0.12995361700175936
aave_v3_polygon,liquidation,return_shock,17,0.12995361700176972
aave_v3_polygon,liquidation,return_shock,18,0.1299536170017712
aave_v3_polygon,liquidation,return_shock,19,0.12995361700177152
aave_v3_polygon,liquidation,return_shock,20,0.12995361700177158
aave_v3_polygon,liquidation,return_shock,21,0.12995361700177158
aave_v3_polygon,liquidation,return_shock,22,0.12995361700177158
aave_v3_polygon,liquidation,return_shock,23,0.12995361700177158
aave_v3_polygon,liquidation,return_shock,24,0.12995361700177158
aave_v3_polygon,liquidation,return_shock,25,0.12995361700177158
aave_v3_polygon,liquidation,return_shock,26,0.12995361700177158
aave_v3_polygon,liquidation,return_shock,27,0.12995361700177158
aave_v3_polygon,liquidation,return_shock,28,0.12995361700177158
aave_v3_polygon,liquidation,return_shock,29,0.12995361700177158
aave_v3_polygon,liquidation,return_shock,30,0.12995361700177158
aave_v3_polygon,liquidation,liquidation_shock,0,0.9246671069463723
aave_v3_polygon,liquidation,liquidation_shock,1,0.8712041416314937
aave_v3_polygon,liquidation,liquidation_shock,2,0.8713079058206954
aave_v3_polygon,liquidation,liquidation_shock,3,0.8700553610564699
aave_v3_polygon,liquidation,liquidation_shock,4,0.8700621045089804
aave_v3_polygon,liquidation,liquidation_shock,5,0.8700475004792984
aave_v3_polygon,liquidation,liquidation_shock,6,0.8700465615931291
aave_v3_polygon,liquidation,liquidation_shock,7,0.8700464575056507
aave_v3_polygon,liquidation,liquidation_shock,8,0.8700463872014229
aave_v3_polygon,liquidation,liquidation_shock,9,0.8700463855838895
aave_v3_polygon,liquidation,liquidation_shock,10,0.8700463831793097
aave_v3_polygon,liquidation,liquidation_shock,11,0.8700463830674858
aave_v3_polygon,liquidation,liquidation_shock,12,0.8700463830066709
aave_v3_polygon,liquidation,liquidation_shock,13,0.8700463830000651
aave_v3_polygon,liquidation,liquidation_shock,14,0.8700463829985732
aave_v3_polygon,liquidation,liquidation_shock,15,0.8700463829982834
aave_v3_polygon,liquidation,liquidation_shock,16,0.8700463829982407
aave_v3_polygon,liquidation,liquidation_shock,17,0.8700463829982302
aave_v3_polygon,liquidation,liquidation_shock,18,0.8700463829982289
aave_v3_polygon,liquidation,liquidation_shock,19,0.8700463829982285
aave_v3_polygon,liquidation,liquidation_shock,20,0.8700463829982285
aave_v3_polygon,liquidation,liquidation_shock,21,0.8700463829982285
aave_v3_polygon,liquidation,liquidation_shock,22,0.8700463829982285
aave_v3_polygon,liquidation,liquidation_shock,23,0.8700463829982285
aave_v3_polygon,liquidation,liquidation_shock,24,0.8700463829982285
aave_v3_polygon,liquidation,liquidation_shock,25,0.8700463829982285
aave_v3_polygon,liquidation,liquidation_shock,26,0.8700463829982285
aave_v3_polygon,liquidation,liquidation_shock,27,0.8700463829982285
aave_v3_polygon,liquidation,liquidation_shock,28,0.8700463829982285
aave_v3_polygon,liquidation,liquidation_shock,29,0.8700463829982285
aave_v3_polygon,liquidation,liquidation_shock,30,0.8700463829982285
aave_v3_scroll,basket_return,return_shock,0,1.0
aave_v3_scroll,basket_return,return_shock,1,0.9999972096100217
aave_v3_scroll,basket_return,return_shock,2,0.9997112856560763
aave_v3_scroll,basket_return,return_shock,3,0.9961160791317105
aave_v3_scroll,basket_return,return_shock,4,0.9960950952707501
aave_v3_scroll,basket_return,return_shock,5,0.9959953900063513
aave_v3_scroll,basket_return,return_shock,6,0.9959447492664043
aave_v3_scroll,basket_return,return_shock,7,0.99591803519169
aave_v3_scroll,basket_return,return_shock,8,0.9959099162435816
aave_v3_scroll,basket_return,return_shock,9,0.9959042098819868
aave_v3_scroll,basket_return,return_shock,10,0.9959019127948597
aave_v3_scroll,basket_return,return_shock,11,0.9959007880943177
aave_v3_scroll,basket_return,return_shock,12,0.9959002629364027
aave_v3_scroll,basket_return,return_shock,13,0.9959000071720492
aave_v3_scroll,basket_return,return_shock,14,0.9958998895531549
aave_v3_scroll,basket_return,return_shock,15,0.9958998329587808
aave_v3_scroll,basket_return,return_shock,16,0.9958998063194381
aave_v3_scroll,basket_return,return_shock,17,0.9958997936834926
aave_v3_scroll,basket_return,return_shock,18,0.9958997877147582
aave_v3_scroll,basket_return,return_shock,19,0.9958997848832124
aave_v3_scroll,basket_return,return_shock,20,0.9958997835448035
aave_v3_scroll,basket_return,return_shock,21,0.9958997829108314
aave_v3_scroll,basket_return,return_shock,22,0.9958997826108117
aave_v3_scroll,basket_return,return_shock,23,0.9958997824687671
aave_v3_scroll,basket_return,return_shock,24,0.9958997824015394
aave_v3_scroll,basket_return,return_shock,25,0.9958997823697124
aave_v3_scroll,basket_return,return_shock,26,0.9958997823546477
aave_v3_scroll,basket_return,return_shock,27,0.9958997823475164
aave_v3_scroll,basket_return,return_shock,28,0.9958997823441406
aave_v3_scroll,basket_return,return_shock,29,0.9958997823425426
aave_v3_scroll,basket_return,return_shock,30,0.9958997823417862
aave_v3_scroll,basket_return,liquidation_shock,0,0.0
aave_v3_scroll,basket_return,liquidation_shock,1,2.7903899782809336e-06
aave_v3_scroll,basket_return,liquidation_shock,2,0.0002887143439237248
aave_v3_scroll,basket_return,liquidation_shock,3,0.003883920868289465
aave_v3_scroll,basket_return,liquidation_shock,4,0.003904904729249843
aave_v3_scroll,basket_return,liquidation_shock,5,0.004004609993648676
aave_v3_scroll,basket_return,liquidation_shock,6,0.004055250733595674
aave_v3_scroll,basket_return,liquidation_shock,7,0.0040819648083099585
aave_v3_scroll,basket_return,liquidation_shock,8,0.004090083756418442
aave_v3_scroll,basket_return,liquidation_shock,9,0.004095790118013246
aave_v3_scroll,basket_return,liquidation_shock,10,0.004098087205140305
aave_v3_scroll,basket_return,liquidation_shock,11,0.004099211905682217
aave_v3_scroll,basket_return,liquidation_shock,12,0.004099737063597337
aave_v3_scroll,basket_return,liquidation_shock,13,0.004099992827950766
aave_v3_scroll,basket_return,liquidation_shock,14,0.004100110446845009
aave_v3_scroll,basket_return,liquidation_shock,15,0.004100167041219176
aave_v3_scroll,basket_return,liquidation_shock,16,0.0041001936805618545
aave_v3_scroll,basket_return,liquidation_shock,17,0.004100206316507441
aave_v3_scroll,basket_return,liquidation_shock,18,0.004100212285241901
aave_v3_scroll,basket_return,liquidation_shock,19,0.004100215116787625
aave_v3_scroll,basket_return,liquidation_shock,20,0.004100216455196625
aave_v3_scroll,basket_return,liquidation_shock,21,0.004100217089168682
aave_v3_scroll,basket_return,liquidation_shock,22,0.004100217389188346
aave_v3_scroll,basket_return,liquidation_shock,23,0.004100217531233014
aave_v3_scroll,basket_return,liquidation_shock,24,0.004100217598460531
aave_v3_scroll,basket_return,liquidation_shock,25,0.004100217630287565
aave_v3_scroll,basket_return,liquidation_shock,26,0.004100217645352346
aave_v3_scroll,basket_return,liquidation_shock,27,0.0041002176524836936
aave_v3_scroll,basket_return,liquidation_shock,28,0.004100217655859359
aave_v3_scroll,basket_return,liquidation_shock,29,0.004100217657457301
aave_v3_scroll,basket_return,liquidation_shock,30,0.004100217658213702
aave_v3_scroll,liquidation,return_shock,0,0.03372406494939335
aave_v3_scroll,liquidation,return_shock,1,0.09963879719576131
aave_v3_scroll,liquidation,return_shock,2,0.0978691530855049
aave_v3_scroll,liquidation,return_shock,3,0.09654622212595904
aave_v3_scroll,liquidation,return_shock,4,0.09619803124214453
aave_v3_scroll,liquidation,return_shock,5,0.0958327182475956
aave_v3_scroll,liquidation,return_shock,6,0.09561075751158252
aave_v3_scroll,liquidation,return_shock,7,0.09551357592031721
aave_v3_scroll,liquidation,return_shock,8,0.09547155351708324
aave_v3_scroll,liquidation,return_shock,9,0.09544971269802278
aave_v3_scroll,liquidation,return_shock,10,0.09543962490374923
aave_v3_scroll,liquidation,return_shock,11,0.0954348959147256
aave_v3_scroll,liquidation,return_shock,12,0.09543263985558832
aave_v3_scroll,liquidation,return_shock,13,0.09543156863744252
aave_v3_scroll,liquidation,return_shock,14,0.09543106464996622
aave_v3_scroll,liquidation,return_shock,15,0.09543082536806041
aave_v3_scroll,liquidation,return_shock,16,0.09543071211215719
aave_v3_scroll,liquidation,return_shock,17,0.09543065852482129
aave_v3_scroll,liquidation,return_shock,18,0.09543063316050837
aave_v3_scroll,liquidation,return_shock,19,0.0954306211494351
aave_v3_scroll,liquidation,return_shock,20,0.09543061546530529
aave_v3_scroll,liquidation,return_shock,21,0.09543061277446648
aave_v3_scroll,liquidation,return_shock,22,0.09543061150070427
aave_v3_scroll,liquidation,return_shock,23,0.09543061089774973
aave_v3_scroll,liquidation,return_shock,24,0.095430610612339
aave_v3_scroll,liquidation,return_shock,25,0.09543061047723297
aave_v3_scroll,liquidation,return_shock,26,0.09543061041327915
aave_v3_scroll,liquidation,return_shock,27,0.09543061038300565
aave_v3_scroll,liquidation,return_shock,28,0.09543061036867526
aave_v3_scroll,liquidation,return_shock,29,0.09543061036189177
aave_v3_scroll,liquidation,return_shock,30,0.0954306103586807
aave_v3_scroll,liquidation,liquidation_shock,0,0.9662759350506066
aave_v3_scroll,liquidation,liquidation_shock,1,0.9003612028042387
aave_v3_scroll,liquidation,liquidation_shock,2,0.9021308469144951
aave_v3_scroll,liquidation,liquidation_shock,3,0.903453777874041
aave_v3_scroll,liquidation,liquidation_shock,4,0.9038019687578555
aave_v3_scroll,liquidation,liquidation_shock,5,0.9041672817524045
aave_v3_scroll,liquidation,liquidation_shock,6,0.9043892424884175
aave_v3_scroll,liquidation,liquidation_shock,7,0.9044864240796827
aave_v3_scroll,liquidation,liquidation_shock,8,0.9045284464829167
aave_v3_scroll,liquidation,liquidation_shock,9,0.9045502873019772
aave_v3_scroll,liquidation,liquidation_shock,10,0.9045603750962508
aave_v3_scroll,liquidation,liquidation_shock,11,0.9045651040852744
aave_v3_scroll,liquidation,liquidation_shock,12,0.9045673601444116
aave_v3_scroll,liquidation,liquidation_shock,13,0.9045684313625575
aave_v3_scroll,liquidation,liquidation_shock,14,0.9045689353500338
aave_v3_scroll,liquidation,liquidation_shock,15,0.9045691746319395
aave_v3_scroll,liquidation,liquidation_shock,16,0.9045692878878427
aave_v3_scroll,liquidation,liquidation_shock,17,0.9045693414751788
aave_v3_scroll,liquidation,liquidation_shock,18,0.9045693668394916
aave_v3_scroll,liquidation,liquidation_shock,19,0.9045693788505649
aave_v3_scroll,liquidation,liquidation_shock,20,0.9045693845346947
aave_v3_scroll,liquidation,liquidation_shock,21,0.9045693872255335
aave_v3_scroll,liquidation,liquidation_shock,22,0.9045693884992957
aave_v3_scroll,liquidation,liquidation_shock,23,0.9045693891022503
aave_v3_scroll,liquidation,liquidation_shock,24,0.9045693893876611
aave_v3_scroll,liquidation,liquidation_shock,25,0.904569389522767
aave_v3_scroll,liquidation,liquidation_shock,26,0.904569389586721
aave_v3_scroll,liquidation,liquidation_shock,27,0.9045693896169944
aave_v3_scroll,liquidation,liquidation_shock,28,0.9045693896313247
aave_v3_scroll,liquidation,liquidation_shock,29,0.9045693896381083
aave_v3_scroll,liquidation,liquidation_shock,30,0.9045693896413194
aave_v3_sonic,basket_return,return_shock,0,1.0
aave_v3_sonic,basket_return,return_shock,1,0.9997652682378162
aave_v3_sonic,basket_return,return_shock,2,0.9997651568413874
aave_v3_sonic,basket_return,return_shock,3,0.9997651565609553
aave_v3_sonic,basket_return,return_shock,4,0.9997651565601565
aave_v3_sonic,basket_return,return_shock,5,0.9997651565601565
aave_v3_sonic,basket_return,return_shock,6,0.9997651565601563
aave_v3_sonic,basket_return,return_shock,7,0.9997651565601563
aave_v3_sonic,basket_return,return_shock,8,0.9997651565601563
aave_v3_sonic,basket_return,return_shock,9,0.9997651565601563
aave_v3_sonic,basket_return,return_shock,10,0.9997651565601563
aave_v3_sonic,basket_return,return_shock,11,0.9997651565601563
aave_v3_sonic,basket_return,return_shock,12,0.9997651565601563
aave_v3_sonic,basket_return,return_shock,13,0.9997651565601563
aave_v3_sonic,basket_return,return_shock,14,0.9997651565601563
aave_v3_sonic,basket_return,return_shock,15,0.9997651565601563
aave_v3_sonic,basket_return,return_shock,16,0.9997651565601563
aave_v3_sonic,basket_return,return_shock,17,0.9997651565601563
aave_v3_sonic,basket_return,return_shock,18,0.9997651565601563
aave_v3_sonic,basket_return,return_shock,19,0.9997651565601563
aave_v3_sonic,basket_return,return_shock,20,0.9997651565601563
aave_v3_sonic,basket_return,return_shock,21,0.9997651565601563
aave_v3_sonic,basket_return,return_shock,22,0.9997651565601563
aave_v3_sonic,basket_return,return_shock,23,0.9997651565601563
aave_v3_sonic,basket_return,return_shock,24,0.9997651565601563
aave_v3_sonic,basket_return,return_shock,25,0.9997651565601563
aave_v3_sonic,basket_return,return_shock,26,0.9997651565601563
aave_v3_sonic,basket_return,return_shock,27,0.9997651565601563
aave_v3_sonic,basket_return,return_shock,28,0.9997651565601563
aave_v3_sonic,basket_return,return_shock,29,0.9997651565601563
aave_v3_sonic,basket_return,return_shock,30,0.9997651565601563
aave_v3_sonic,basket_return,liquidation_shock,0,0.0
aave_v3_sonic,basket_return,liquidation_shock,1,0.0002347317621839179
aave_v3_sonic,basket_return,liquidation_shock,2,0.00023484315861263595
aave_v3_sonic,basket_return,liquidation_shock,3,0.00023484343904460036
aave_v3_sonic,basket_return,liquidation_shock,4,0.0002348434398435856
aave_v3_sonic,basket_return,liquidation_shock,5,0.00023484343984362936
aave_v3_sonic,basket_return,liquidation_shock,6,0.00023484343984363175
aave_v3_sonic,basket_return,liquidation_shock,7,0.00023484343984363175
aave_v3_sonic,basket_return,liquidation_shock,8,0.00023484343984363175
aave_v3_sonic,basket_return,liquidation_shock,9,0.00023484343984363175
aave_v3_sonic,basket_return,liquidation_shock,10,0.00023484343984363175
aave_v3_sonic,basket_return,liquidation_shock,11,0.00023484343984363175
aave_v3_sonic,basket_return,liquidation_shock,12,0.00023484343984363175
aave_v3_sonic,basket_return,liquidation_shock,13,0.00023484343984363175
aave_v3_sonic,basket_return,liquidation_shock,14,0.00023484343984363175
aave_v3_sonic,basket_return,liquidation_shock,15,0.00023484343984363175
aave_v3_sonic,basket_return,liquidation_shock,16,0.00023484343984363175
aave_v3_sonic,basket_return,liquidation_shock,17,0.00023484343984363175
aave_v3_sonic,basket_return,liquidation_shock,18,0.00023484343984363175
aave_v3_sonic,basket_return,liquidation_shock,19,0.00023484343984363175
aave_v3_sonic,basket_return,liquidation_shock,20,0.00023484343984363175
aave_v3_sonic,basket_return,liquidation_shock,21,0.00023484343984363175
aave_v3_sonic,basket_return,liquidation_shock,22,0.00023484343984363175
aave_v3_sonic,basket_return,liquidation_shock,23,0.00023484343984363175
aave_v3_sonic,basket_return,liquidation_shock,24,0.00023484343984363175
aave_v3_sonic,basket_return,liquidation_shock,25,0.00023484343984363175
aave_v3_sonic,basket_return,liquidation_shock,26,0.00023484343984363175
aave_v3_sonic,basket_return,liquidation_shock,27,0.00023484343984363175
aave_v3_sonic,basket_return,liquidation_shock,28,0.00023484343984363175
aave_v3_sonic,basket_return,liquidation_shock,29,0.00023484343984363175
aave_v3_sonic,basket_return,liquidation_shock,30,0.00023484343984363175
aave_v3_sonic,liquidation,return_shock,0,0.07140178552659114
aave_v3_sonic,liquidation,return_shock,1,0.13118201947135724
aave_v3_sonic,liquidation,return_shock,2,0.13120522759865166
aave_v3_sonic,liquidation,return_shock,3,0.13120529790928964
aave_v3_sonic,liquidation,return_shock,4,0.13120529808975828
aave_v3_sonic,liquidation,return_shock,5,0.13120529808977252
aave_v3_sonic,liquidation,return_shock,6,0.13120529808977308
aave_v3_sonic,liquidation,return_shock,7,0.13120529808977308
aave_v3_sonic,liquidation,return_shock,8,0.13120529808977308
aave_v3_sonic,liquidation,return_shock,9,0.13120529808977308
aave_v3_sonic,liquidation,return_shock,10,0.13120529808977308
aave_v3_sonic,liquidation,return_shock,11,0.13120529808977308
aave_v3_sonic,liquidation,return_shock,12,0.13120529808977308
aave_v3_sonic,liquidation,return_shock,13,0.13120529808977308
aave_v3_sonic,liquidation,return_shock,14,0.13120529808977308
aave_v3_sonic,liquidation,return_shock,15,0.13120529808977308
aave_v3_sonic,liquidation,return_shock,16,0.13120529808977308
aave_v3_sonic,liquidation,return_shock,17,0.13120529808977308
aave_v3_sonic,liquidation,return_shock,18,0.13120529808977308
aave_v3_sonic,liquidation,return_shock,19,0.13120529808977308
aave_v3_sonic,liquidation,return_shock,20,0.13120529808977308
aave_v3_sonic,liquidation,return_shock,21,0.13120529808977308
aave_v3_sonic,liquidation,return_shock,22,0.13120529808977308
aave_v3_sonic,liquidation,return_shock,23,0.13120529808977308
aave_v3_sonic,liquidation,return_shock,24,0.13120529808977308
aave_v3_sonic,liquidation,return_shock,25,0.13120529808977308
aave_v3_sonic,liquidation,return_shock,26,0.13120529808977308
aave_v3_sonic,liquidation,return_shock,27,0.13120529808977308
aave_v3_sonic,liquidation,return_shock,28,0.13120529808977308
aave_v3_sonic,liquidation,return_shock,29,0.13120529808977308
aave_v3_sonic,liquidation,return_shock,30,0.13120529808977308
aave_v3_sonic,liquidation,liquidation_shock,0,0.9285982144734088
aave_v3_sonic,liquidation,liquidation_shock,1,0.8688179805286429
aave_v3_sonic,liquidation,liquidation_shock,2,0.8687947724013484
aave_v3_sonic,liquidation,liquidation_shock,3,0.8687947020907104
aave_v3_sonic,liquidation,liquidation_shock,4,0.8687947019102418
aave_v3_sonic,liquidation,liquidation_shock,5,0.8687947019102276
aave_v3_sonic,liquidation,liquidation_shock,6,0.8687947019102268
aave_v3_sonic,liquidation,liquidation_shock,7,0.8687947019102268
aave_v3_sonic,liquidation,liquidation_shock,8,0.8687947019102268
aave_v3_sonic,liquidation,liquidation_shock,9,0.8687947019102268
aave_v3_sonic,liquidation,liquidation_shock,10,0.8687947019102268
aave_v3_sonic,liquidation,liquidation_shock,11,0.8687947019102268
aave_v3_sonic,liquidation,liquidation_shock,12,0.8687947019102268
aave_v3_sonic,liquidation,liquidation_shock,13,0.8687947019102268
aave_v3_sonic,liquidation,liquidation_shock,14,0.8687947019102268
aave_v3_sonic,liquidation,liquidation_shock,15,0.8687947019102268
aave_v3_sonic,liquidation,liquidation_shock,16,0.8687947019102268
aave_v3_sonic,liquidation,liquidation_shock,17,0.8687947019102268
aave_v3_sonic,liquidation,liquidation_shock,18,0.8687947019102268
aave_v3_sonic,liquidation,liquidation_shock,19,0.8687947019102268
aave_v3_sonic,liquidation,liquidation_shock,20,0.8687947019102268
aave_v3_sonic,liquidation,liquidation_shock,21,0.8687947019102268
aave_v3_sonic,liquidation,liquidation_shock,22,0.8687947019102268
aave_v3_sonic,liquidation,liquidation_shock,23,0.8687947019102268
aave_v3_sonic,liquidation,liquidation_shock,24,0.8687947019102268
aave_v3_sonic,liquidation,liquidation_shock,25,0.8687947019102268
aave_v3_sonic,liquidation,liquidation_shock,26,0.8687947019102268
aave_v3_sonic,liquidation,liquidation_shock,27,0.8687947019102268
aave_v3_sonic,liquidation,liquidation_shock,28,0.8687947019102268
aave_v3_sonic,liquidation,liquidation_shock,29,0.8687947019102268
aave_v3_sonic,liquidation,liquidation_shock,30,0.8687947019102268
benqi_lending_avalanche,basket_return,return_shock,0,1.0
benqi_lending_avalanche,basket_return,return_shock,1,0.9997755319500657
benqi_lending_avalanche,basket_return,return_shock,2,0.9997404955542981
benqi_lending_avalanche,basket_return,return_shock,3,0.9997372368987738
benqi_lending_avalanche,basket_return,return_shock,4,0.9997369875979201
benqi_lending_avalanche,basket_return,return_shock,5,0.9997369701902663
benqi_lending_avalanche,basket_return,return_shock,6,0.999736969031022
benqi_lending_avalanche,basket_return,return_shock,7,0.9997369689558002
benqi_lending_avalanche,basket_return,return_shock,8,0.9997369689509898
benqi_lending_avalanche,basket_return,return_shock,9,0.9997369689506849
benqi_lending_avalanche,basket_return,return_shock,10,0.9997369689506657
benqi_lending_avalanche,basket_return,return_shock,11,0.9997369689506644
benqi_lending_avalanche,basket_return,return_shock,12,0.9997369689506643
benqi_lending_avalanche,basket_return,return_shock,13,0.9997369689506643
benqi_lending_avalanche,basket_return,return_shock,14,0.9997369689506643
benqi_lending_avalanche,basket_return,return_shock,15,0.9997369689506643
benqi_lending_avalanche,basket_return,return_shock,16,0.9997369689506643
benqi_lending_avalanche,basket_return,return_shock,17,0.9997369689506643
benqi_lending_avalanche,basket_return,return_shock,18,0.9997369689506643
benqi_lending_avalanche,basket_return,return_shock,19,0.9997369689506643
benqi_lending_avalanche,basket_return,return_shock,20,0.9997369689506643
benqi_lending_avalanche,basket_return,return_shock,21,0.9997369689506643
benqi_lending_avalanche,basket_return,return_shock,22,0.9997369689506643
benqi_lending_avalanche,basket_return,return_shock,23,0.9997369689506643
benqi_lending_avalanche,basket_return,return_shock,24,0.9997369689506643
benqi_lending_avalanche,basket_return,return_shock,25,0.9997369689506643
benqi_lending_avalanche,basket_return,return_shock,26,0.9997369689506643
benqi_lending_avalanche,basket_return,return_shock,27,0.9997369689506643
benqi_lending_avalanche,basket_return,return_shock,28,0.9997369689506643
benqi_lending_avalanche,basket_return,return_shock,29,0.9997369689506643
benqi_lending_avalanche,basket_return,return_shock,30,0.9997369689506643
benqi_lending_avalanche,basket_return,liquidation_shock,0,0.0
benqi_lending_avalanche,basket_return,liquidation_shock,1,0.0002244680499342383
benqi_lending_avalanche,basket_return,liquidation_shock,2,0.00025950444570191805
benqi_lending_avalanche,basket_return,liquidation_shock,3,0.00026276310122616976
benqi_lending_avalanche,basket_return,liquidation_shock,4,0.0002630124020798858
benqi_lending_avalanche,basket_return,liquidation_shock,5,0.00026302980973362143
benqi_lending_avalanche,basket_return,liquidation_shock,6,0.00026303096897798767
benqi_lending_avalanche,basket_return,liquidation_shock,7,0.00026303104419984815
benqi_lending_avalanche,basket_return,liquidation_shock,8,0.000263031049010081
benqi_lending_avalanche,basket_return,liquidation_shock,9,0.0002630310493151191
benqi_lending_avalanche,basket_return,liquidation_shock,10,0.00026303104933436965
benqi_lending_avalanche,basket_return,liquidation_shock,11,0.00026303104933558114
benqi_lending_avalanche,basket_return,liquidation_shock,12,0.00026303104933565725
benqi_lending_avalanche,basket_return,liquidation_shock,13,0.000263031049335662
benqi_lending_avalanche,basket_return,liquidation_shock,14,0.00026303104933566234
benqi_lending_avalanche,basket_return,liquidation_shock,15,0.00026303104933566234
benqi_lending_avalanche,basket_return,liquidation_shock,16,0.00026303104933566234
benqi_lending_avalanche,basket_return,liquidation_shock,17,0.00026303104933566234
benqi_lending_avalanche,basket_return,liquidation_shock,18,0.00026303104933566234
benqi_lending_avalanche,basket_return,liquidation_shock,19,0.00026303104933566234
benqi_lending_avalanche,basket_return,liquidation_shock,20,0.00026303104933566234
benqi_lending_avalanche,basket_return,liquidation_shock,21,0.00026303104933566234
benqi_lending_avalanche,basket_return,liquidation_shock,22,0.00026303104933566234
benqi_lending_avalanche,basket_return,liquidation_shock,23,0.00026303104933566234
benqi_lending_avalanche,basket_return,liquidation_shock,24,0.00026303104933566234
benqi_lending_avalanche,basket_return,liquidation_shock,25,0.00026303104933566234
benqi_lending_avalanche,basket_return,liquidation_shock,26,0.00026303104933566234
benqi_lending_avalanche,basket_return,liquidation_shock,27,0.00026303104933566234
benqi_lending_avalanche,basket_return,liquidation_shock,28,0.00026303104933566234
benqi_lending_avalanche,basket_return,liquidation_shock,29,0.00026303104933566234
benqi_lending_avalanche,basket_return,liquidation_shock,30,0.00026303104933566234
benqi_lending_avalanche,liquidation,return_shock,0,0.05480442145183905
benqi_lending_avalanche,liquidation,return_shock,1,0.08565214230508936
benqi_lending_avalanche,liquidation,return_shock,2,0.0894293432701139
benqi_lending_avalanche,liquidation,return_shock,3,0.0897569576509562
benqi_lending_avalanche,liquidation,return_shock,4,0.08978128849564382
benqi_lending_avalanche,liquidation,return_shock,5,0.0897829620547563
benqi_lending_avalanche,liquidation,return_shock,6,0.08978307259612534
benqi_lending_avalanche,liquidation,return_shock,7,0.08978307973614255
benqi_lending_avalanche,liquidation,return_shock,8,0.08978308019153002
benqi_lending_avalanche,liquidation,return_shock,9,0.08978308022036442
benqi_lending_avalanche,liquidation,return_shock,10,0.08978308022218252
benqi_lending_avalanche,liquidation,return_shock,11,0.08978308022229688
benqi_lending_avalanche,liquidation,return_shock,12,0.08978308022230405
benqi_lending_avalanche,liquidation,return_shock,13,0.08978308022230452
benqi_lending_avalanche,liquidation,return_shock,14,0.08978308022230454
benqi_lending_avalanche,liquidation,return_shock,15,0.08978308022230454
benqi_lending_avalanche,liquidation,return_shock,16,0.08978308022230454
benqi_lending_avalanche,liquidation,return_shock,17,0.08978308022230454
benqi_lending_avalanche,liquidation,return_shock,18,0.08978308022230454
benqi_lending_avalanche,liquidation,return_shock,19,0.08978308022230454
benqi_lending_avalanche,liquidation,return_shock,20,0.08978308022230454
benqi_lending_avalanche,liquidation,return_shock,21,0.08978308022230454
benqi_lending_avalanche,liquidation,return_shock,22,0.08978308022230454
benqi_lending_avalanche,liquidation,return_shock,23,0.08978308022230454
benqi_lending_avalanche,liquidation,return_shock,24,0.08978308022230454
benqi_lending_avalanche,liquidation,return_shock,25,0.08978308022230454
benqi_lending_avalanche,liquidation,return_shock,26,0.08978308022230454
benqi_lending_avalanche,liquidation,return_shock,27,0.08978308022230454
benqi_lending_avalanche,liquidation,return_shock,28,0.08978308022230454
benqi_lending_avalanche,liquidation,return_shock,29,0.08978308022230454
benqi_lending_avalanche,liquidation,return_shock,30,0.08978308022230454
benqi_lending_avalanche,liquidation,liquidation_shock,0,0.9451955785481609
benqi_lending_avalanche,liquidation,liquidation_shock,1,0.9143478576949107
benqi_lending_avalanche,liquidation,liquidation_shock,2,0.910570656729886
benqi_lending_avalanche,liquidation,liquidation_shock,3,0.9102430423490437
benqi_lending_avalanche,liquidation,liquidation_shock,4,0.9102187115043563
benqi_lending_avalanche,liquidation,liquidation_shock,5,0.9102170379452436
benqi_lending_avalanche,liquidation,liquidation_shock,6,0.9102169274038746
benqi_lending_avalanche,liquidation,liquidation_shock,7,0.9102169202638574
benqi_lending_avalanche,liquidation,liquidation_shock,8,0.91021691980847
benqi_lending_avalanche,liquidation,liquidation_shock,9,0.9102169197796356
benqi_lending_avalanche,liquidation,liquidation_shock,10,0.9102169197778175
benqi_lending_avalanche,liquidation,liquidation_shock,11,0.9102169197777031
benqi_lending_avalanche,liquidation,liquidation_shock,12,0.9102169197776958
benqi_lending_avalanche,liquidation,liquidation_shock,13,0.9102169197776956
benqi_lending_avalanche,liquidation,liquidation_shock,14,0.9102169197776956
benqi_lending_avalanche,liquidation,liquidation_shock,15,0.9102169197776956
benqi_lending_avalanche,liquidation,liquidation_shock,16,0.9102169197776956
benqi_lending_avalanche,liquidation,liquidation_shock,17,0.9102169197776956
benqi_lending_avalanche,liquidation,liquidation_shock,18,0.9102169197776956
benqi_lending_avalanche,liquidation,liquidation_shock,19,0.9102169197776956
benqi_lending_avalanche,liquidation,liquidation_shock,20,0.9102169197776956
benqi_lending_avalanche,liquidation,liquidation_shock,21,0.9102169197776956
benqi_lending_avalanche,liquidation,liquidation_shock,22,0.9102169197776956
benqi_lending_avalanche,liquidation,liquidation_shock,23,0.9102169197776956
benqi_lending_avalanche,liquidation,liquidation_shock,24,0.9102169197776956
benqi_lending_avalanche,liquidation,liquidation_shock,25,0.9102169197776956
benqi_lending_avalanche,liquidation,liquidation_shock,26,0.9102169197776956
benqi_lending_avalanche,liquidation,liquidation_shock,27,0.9102169197776956
benqi_lending_avalanche,liquidation,liquidation_shock,28,0.9102169197776956
benqi_lending_avalanche,liquidation,liquidation_shock,29,0.9102169197776956
benqi_lending_avalanche,liquidation,liquidation_shock,30,0.9102169197776956
compound_v2_ethereum,basket_return,return_shock,0,1.0
compound_v2_ethereum,basket_return,return_shock,1,0.9994964979041868
compound_v2_ethereum,basket_return,return_shock,2,0.9921463519824747
compound_v2_ethereum,basket_return,return_shock,3,0.9891214998359185
compound_v2_ethereum,basket_return,return_shock,4,0.9891164163991553
compound_v2_ethereum,basket_return,return_shock,5,0.989073897127309
compound_v2_ethereum,basket_return,return_shock,6,0.9890535590669486
compound_v2_ethereum,basket_return,return_shock,7,0.9890240301076685
compound_v2_ethereum,basket_return,return_shock,8,0.9890240795837764
compound_v2_ethereum,basket_return,return_shock,9,0.9890240427901598
compound_v2_ethereum,basket_return,return_shock,10,0.9890240029268631
compound_v2_ethereum,basket_return,return_shock,11,0.9890234147612063
compound_v2_ethereum,basket_return,return_shock,12,0.9890233895455216
compound_v2_ethereum,basket_return,return_shock,13,0.9890233688750137
compound_v2_ethereum,basket_return,return_shock,14,0.989023348420243
compound_v2_ethereum,basket_return,return_shock,15,0.9890233297491308
compound_v2_ethereum,basket_return,return_shock,16,0.9890233265548426
compound_v2_ethereum,basket_return,return_shock,17,0.9890233240014711
compound_v2_ethereum,basket_return,return_shock,18,0.989023322093761
compound_v2_ethereum,basket_return,return_shock,19,0.9890233210542939
compound_v2_ethereum,basket_return,return_shock,20,0.989023320666232
compound_v2_ethereum,basket_return,return_shock,21,0.9890233204088228
compound_v2_ethereum,basket_return,return_shock,22,0.9890233202549767
compound_v2_ethereum,basket_return,return_shock,23,0.9890233201776388
compound_v2_ethereum,basket_return,return_shock,24,0.9890233201395384
compound_v2_ethereum,basket_return,return_shock,25,0.9890233201167973
compound_v2_ethereum,basket_return,return_shock,26,0.9890233201042552
compound_v2_ethereum,basket_return,return_shock,27,0.989023320097763
compound_v2_ethereum,basket_return,return_shock,28,0.9890233200942935
compound_v2_ethereum,basket_return,return_shock,29,0.9890233200923397
compound_v2_ethereum,basket_return,return_shock,30,0.9890233200912862
compound_v2_ethereum,basket_return,liquidation_shock,0,0.0
compound_v2_ethereum,basket_return,liquidation_shock,1,0.0005035020958131344
compound_v2_ethereum,basket_return,liquidation_shock,2,0.007853648017525257
compound_v2_ethereum,basket_return,liquidation_shock,3,0.0108785001640815
compound_v2_ethereum,basket_return,liquidation_shock,4,0.010883583600844817
compound_v2_ethereum,basket_return,liquidation_shock,5,0.010926102872691091
compound_v2_ethereum,basket_return,liquidation_shock,6,0.010946440933051393
compound_v2_ethereum,basket_return,liquidation_shock,7,0.010975969892331511
compound_v2_ethereum,basket_return,liquidation_shock,8,0.010975920416223608
compound_v2_ethereum,basket_return,liquidation_shock,9,0.010975957209840249
compound_v2_ethereum,basket_return,liquidation_shock,10,0.010975997073136894
compound_v2_ethereum,basket_return,liquidation_shock,11,0.010976585238793676
compound_v2_ethereum,basket_return,liquidation_shock,12,0.010976610454478338
compound_v2_ethereum,basket_return,liquidation_shock,13,0.01097663112498631
compound_v2_ethereum,basket_return,liquidation_shock,14,0.010976651579756972
compound_v2_ethereum,basket_return,liquidation_shock,15,0.010976670250869134
compound_v2_ethereum,basket_return,liquidation_shock,16,0.010976673445157334
compound_v2_ethereum,basket_return,liquidation_shock,17,0.010976675998528947
compound_v2_ethereum,basket_return,liquidation_shock,18,0.010976677906239038
compound_v2_ethereum,basket_return,liquidation_shock,19,0.010976678945706019
compound_v2_ethereum,basket_return,liquidation_shock,20,0.010976679333767926
compound_v2_ethereum,basket_return,liquidation_shock,21,0.010976679591177228
compound_v2_ethereum,basket_return,liquidation_shock,22,0.010976679745023303
compound_v2_ethereum,basket_return,liquidation_shock,23,0.010976679822361184
compound_v2_ethereum,basket_return,liquidation_shock,24,0.010976679860461606
compound_v2_ethereum,basket_return,liquidation_shock,25,0.010976679883202771
compound_v2_ethereum,basket_return,liquidation_shock,26,0.010976679895744846
compound_v2_ethereum,basket_return,liquidation_shock,27,0.010976679902237017
compound_v2_ethereum,basket_return,liquidation_shock,28,0.010976679905706532
compound_v2_ethereum,basket_return,liquidation_shock,29,0.0109766799076602
compound_v2_ethereum,basket_return,liquidation_shock,30,0.010976679908713788
compound_v2_ethereum,liquidation,return_shock,0,0.010128364538028699
compound_v2_ethereum,liquidation,return_shock,1,0.046687762291034766
compound_v2_ethereum,liquidation,return_shock,2,0.05385316150009606
compound_v2_ethereum,liquidation,return_shock,3,0.06756218054579687
compound_v2_ethereum,liquidation,return_shock,4,0.07246104714533165
compound_v2_ethereum,liquidation,return_shock,5,0.07431966973302641
compound_v2_ethereum,liquidation,return_shock,6,0.07509410303458978
compound_v2_ethereum,liquidation,return_shock,7,0.07560100438515416
compound_v2_ethereum,liquidation,return_shock,8,0.07588150344536805
compound_v2_ethereum,liquidation,return_shock,9,0.07602687559003429
compound_v2_ethereum,liquidation,return_shock,10,0.07610945524965246
compound_v2_ethereum,liquidation,return_shock,11,0.07615773957263844
compound_v2_ethereum,liquidation,return_shock,12,0.07618271090345172
compound_v2_ethereum,liquidation,return_shock,13,0.07619574748044615
compound_v2_ethereum,liquidation,return_shock,14,0.07620288485983233
compound_v2_ethereum,liquidation,return_shock,15,0.07620682940306346
compound_v2_ethereum,liquidation,return_shock,16,0.07620892861258155
compound_v2_ethereum,liquidation,return_shock,17,0.07621006302658884
compound_v2_ethereum,liquidation,return_shock,18,0.0762106847199063
compound_v2_ethereum,liquidation,return_shock,19,0.07621102257256619
compound_v2_ethereum,liquidation,return_shock,20,0.07621120400756712
compound_v2_ethereum,liquidation,return_shock,21,0.07621130230606595
compound_v2_ethereum,liquidation,return_shock,22,0.07621135577260389
compound_v2_ethereum,liquidation,return_shock,23,0.07621138471637297
compound_v2_ethereum,liquidation,return_shock,24,0.0762114003528552
compound_v2_ethereum,liquidation,return_shock,25,0.07621140883455726
compound_v2_ethereum,liquidation,return_shock,26,0.07621141343580932
compound_v2_ethereum,liquidation,return_shock,27,0.07621141592627947
compound_v2_ethereum,liquidation,return_shock,28,0.07621141727436963
compound_v2_ethereum,liquidation,return_shock,29,0.07621141800518624
compound_v2_ethereum,liquidation,return_shock,30,0.07621141840119947
compound_v2_ethereum,liquidation,liquidation_shock,0,0.9898716354619713
compound_v2_ethereum,liquidation,liquidation_shock,1,0.9533122377089652
compound_v2_ethereum,liquidation,liquidation_shock,2,0.946146838499904
compound_v2_ethereum,liquidation,liquidation_shock,3,0.9324378194542032
compound_v2_ethereum,liquidation,liquidation_shock,4,0.9275389528546684
compound_v2_ethereum,liquidation,liquidation_shock,5,0.9256803302669736
compound_v2_ethereum,liquidation,liquidation_shock,6,0.9249058969654103
compound_v2_ethereum,liquidation,liquidation_shock,7,0.9243989956148457
compound_v2_ethereum,liquidation,liquidation_shock,8,0.9241184965546321
compound_v2_ethereum,liquidation,liquidation_shock,9,0.9239731244099656
compound_v2_ethereum,liquidation,liquidation_shock,10,0.9238905447503475
compound_v2_ethereum,liquidation,liquidation_shock,11,0.9238422604273615
compound_v2_ethereum,liquidation,liquidation_shock,12,0.9238172890965481
compound_v2_ethereum,liquidation,liquidation_shock,13,0.923804252519554
compound_v2_ethereum,liquidation,liquidation_shock,14,0.9237971151401677
compound_v2_ethereum,liquidation,liquidation_shock,15,0.9237931705969366
compound_v2_ethereum,liquidation,liquidation_shock,16,0.9237910713874183
compound_v2_ethereum,liquidation,liquidation_shock,17,0.923789936973411
compound_v2_ethereum,liquidation,liquidation_shock,18,0.9237893152800937
compound_v2_ethereum,liquidation,liquidation_shock,19,0.9237889774274339
compound_v2_ethereum,liquidation,liquidation_shock,20,0.9237887959924328
compound_v2_ethereum,liquidation,liquidation_shock,21,0.923788697693934
compound_v2_ethereum,liquidation,liquidation_shock,22,0.923788644227396
compound_v2_ethereum,liquidation,liquidation_shock,23,0.923788615283627
compound_v2_ethereum,liquidation,liquidation_shock,24,0.9237885996471447
compound_v2_ethereum,liquidation,liquidation_shock,25,0.9237885911654427
compound_v2_ethereum,liquidation,liquidation_shock,26,0.9237885865641906
compound_v2_ethereum,liquidation,liquidation_shock,27,0.9237885840737204
compound_v2_ethereum,liquidation,liquidation_shock,28,0.9237885827256302
compound_v2_ethereum,liquidation,liquidation_shock,29,0.9237885819948138
compound_v2_ethereum,liquidation,liquidation_shock,30,0.9237885815988005
compound_v3_arb_usdc,basket_return,return_shock,0,1.0
compound_v3_arb_usdc,basket_return,return_shock,1,0.9922605146342264
compound_v3_arb_usdc,basket_return,return_shock,2,0.9751161009266777
compound_v3_arb_usdc,basket_return,return_shock,3,0.9751948985879252
compound_v3_arb_usdc,basket_return,return_shock,4,0.9745146984655478
compound_v3_arb_usdc,basket_return,return_shock,5,0.9745092015999562
compound_v3_arb_usdc,basket_return,return_shock,6,0.9745045801832166
compound_v3_arb_usdc,basket_return,return_shock,7,0.9745009649177097
compound_v3_arb_usdc,basket_return,return_shock,8,0.9745009839417226
compound_v3_arb_usdc,basket_return,return_shock,9,0.9745008258850357
compound_v3_arb_usdc,basket_return,return_shock,10,0.9745008236086276
compound_v3_arb_usdc,basket_return,return_shock,11,0.9745008219699411
compound_v3_arb_usdc,basket_return,return_shock,12,0.9745008211781558
compound_v3_arb_usdc,basket_return,return_shock,13,0.9745008211755434
compound_v3_arb_usdc,basket_return,return_shock,14,0.9745008211383338
compound_v3_arb_usdc,basket_return,return_shock,15,0.974500821137476
compound_v3_arb_usdc,basket_return,return_shock,16,0.9745008211369482
compound_v3_arb_usdc,basket_return,return_shock,17,0.9745008211367672
compound_v3_arb_usdc,basket_return,return_shock,18,0.9745008211367635
compound_v3_arb_usdc,basket_return,return_shock,19,0.9745008211367545
compound_v3_arb_usdc,basket_return,return_shock,20,0.9745008211367543
compound_v3_arb_usdc,basket_return,return_shock,21,0.9745008211367542
compound_v3_arb_usdc,basket_return,return_shock,22,0.9745008211367541
compound_v3_arb_usdc,basket_return,return_shock,23,0.9745008211367541
compound_v3_arb_usdc,basket_return,return_shock,24,0.9745008211367541
compound_v3_arb_usdc,basket_return,return_shock,25,0.9745008211367541
compound_v3_arb_usdc,basket_return,return_shock,26,0.9745008211367541
compound_v3_arb_usdc,basket_return,return_shock,27,0.9745008211367541
compound_v3_arb_usdc,basket_return,return_shock,28,0.9745008211367541
compound_v3_arb_usdc,basket_return,return_shock,29,0.9745008211367541
compound_v3_arb_usdc,basket_return,return_shock,30,0.9745008211367541
compound_v3_arb_usdc,basket_return,liquidation_shock,0,0.0
compound_v3_arb_usdc,basket_return,liquidation_shock,1,0.007739485365773612
compound_v3_arb_usdc,basket_return,liquidation_shock,2,0.024883899073322332
compound_v3_arb_usdc,basket_return,liquidation_shock,3,0.024805101412074777
compound_v3_arb_usdc,basket_return,liquidation_shock,4,0.02548530153445216
compound_v3_arb_usdc,basket_return,liquidation_shock,5,0.025490798400043778
compound_v3_arb_usdc,basket_return,liquidation_shock,6,0.025495419816783403
compound_v3_arb_usdc,basket_return,liquidation_shock,7,0.025499035082290348
compound_v3_arb_usdc,basket_return,liquidation_shock,8,0.025499016058277424
compound_v3_arb_usdc,basket_return,liquidation_shock,9,0.02549917411496426
compound_v3_arb_usdc,basket_return,liquidation_shock,10,0.02549917639137238
compound_v3_arb_usdc,basket_return,liquidation_shock,11,0.025499178030058862
compound_v3_arb_usdc,basket_return,liquidation_shock,12,0.02549917882184416
compound_v3_arb_usdc,basket_return,liquidation_shock,13,0.025499178824456684
compound_v3_arb_usdc,basket_return,liquidation_shock,14,0.025499178861666156
compound_v3_arb_usdc,basket_return,liquidation_shock,15,0.02549917886252397
compound_v3_arb_usdc,basket_return,liquidation_shock,16,0.025499178863051777
compound_v3_arb_usdc,basket_return,liquidation_shock,17,0.025499178863232774
compound_v3_arb_usdc,basket_return,liquidation_shock,18,0.025499178863236476
compound_v3_arb_usdc,basket_return,liquidation_shock,19,0.025499178863245375
compound_v3_arb_usdc,basket_return,liquidation_shock,20,0.02549917886324568
compound_v3_arb_usdc,basket_return,liquidation_shock,21,0.02549917886324584
compound_v3_arb_usdc,basket_return,liquidation_shock,22,0.025499178863245882
compound_v3_arb_usdc,basket_return,liquidation_shock,23,0.02549917886324589
compound_v3_arb_usdc,basket_return,liquidation_shock,24,0.025499178863245892
compound_v3_arb_usdc,basket_return,liquidation_shock,25,0.025499178863245892
compound_v3_arb_usdc,basket_return,liquidation_shock,26,0.025499178863245892
compound_v3_arb_usdc,basket_return,liquidation_shock,27,0.025499178863245892
compound_v3_arb_usdc,basket_return,liquidation_shock,28,0.025499178863245892
compound_v3_arb_usdc,basket_return,liquidation_shock,29,0.025499178863245892
compound_v3_arb_usdc,basket_return,liquidation_shock,30,0.025499178863245892
compound_v3_arb_usdc,liquidation,return_shock,0,0.0965094570112238
compound_v3_arb_usdc,liquidation,return_shock,1,0.23412094219825966
compound_v3_arb_usdc,liquidation,return_shock,2,0.24168242041414723
compound_v3_arb_usdc,liquidation,return_shock,3,0.24423018647844266
compound_v3_arb_usdc,liquidation,return_shock,4,0.24422620705304363
compound_v3_arb_usdc,liquidation,return_shock,5,0.24420234170870286
compound_v3_arb_usdc,liquidation,return_shock,6,0.24422136655495683
compound_v3_arb_usdc,liquidation,return_shock,7,0.2442222484611137
compound_v3_arb_usdc,liquidation,return_shock,8,0.24422280138807412
compound_v3_arb_usdc,liquidation,return_shock,9,0.24422280147296327
compound_v3_arb_usdc,liquidation,return_shock,10,0.24422279660378082
compound_v3_arb_usdc,liquidation,return_shock,11,0.24422280009165964
compound_v3_arb_usdc,liquidation,return_shock,12,0.24422280016068795
compound_v3_arb_usdc,liquidation,return_shock,13,0.2442228002803474
compound_v3_arb_usdc,liquidation,return_shock,14,0.2442228002803783
compound_v3_arb_usdc,liquidation,return_shock,15,0.24422280027951745
compound_v3_arb_usdc,liquidation,return_shock,16,0.2442228002801746
compound_v3_arb_usdc,liquidation,return_shock,17,0.2442228002801691
compound_v3_arb_usdc,liquidation,return_shock,18,0.24422280028019502
compound_v3_arb_usdc,liquidation,return_shock,19,0.244222800280195
compound_v3_arb_usdc,liquidation,return_shock,20,0.24422280028019486
compound_v3_arb_usdc,liquidation,return_shock,21,0.24422280028019497
compound_v3_arb_usdc,liquidation,return_shock,22,0.24422280028019497
compound_v3_arb_usdc,liquidation,return_shock,23,0.24422280028019497
compound_v3_arb_usdc,liquidation,return_shock,24,0.24422280028019497
compound_v3_arb_usdc,liquidation,return_shock,25,0.24422280028019497
compound_v3_arb_usdc,liquidation,return_shock,26,0.24422280028019497
compound_v3_arb_usdc,liquidation,return_shock,27,0.24422280028019497
compound_v3_arb_usdc,liquidation,return_shock,28,0.24422280028019497
compound_v3_arb_usdc,liquidation,return_shock,29,0.24422280028019497
compound_v3_arb_usdc,liquidation,return_shock,30,0.24422280028019497
compound_v3_arb_usdc,liquidation,liquidation_shock,0,0.9034905429887762
compound_v3_arb_usdc,liquidation,liquidation_shock,1,0.7658790578017404
compound_v3_arb_usdc,liquidation,liquidation_shock,2,0.7583175795858528
compound_v3_arb_usdc,liquidation,liquidation_shock,3,0.7557698135215574
compound_v3_arb_usdc,liquidation,liquidation_shock,4,0.7557737929469563
compound_v3_arb_usdc,liquidation,liquidation_shock,5,0.7557976582912971
compound_v3_arb_usdc,liquidation,liquidation_shock,6,0.7557786334450433
compound_v3_arb_usdc,liquidation,liquidation_shock,7,0.7557777515388863
compound_v3_arb_usdc,liquidation,liquidation_shock,8,0.7557771986119259
compound_v3_arb_usdc,liquidation,liquidation_shock,9,0.7557771985270367
compound_v3_arb_usdc,liquidation,liquidation_shock,10,0.7557772033962191
compound_v3_arb_usdc,liquidation,liquidation_shock,11,0.7557771999083405
compound_v3_arb_usdc,liquidation,liquidation_shock,12,0.7557771998393121
compound_v3_arb_usdc,liquidation,liquidation_shock,13,0.7557771997196526
compound_v3_arb_usdc,liquidation,liquidation_shock,14,0.7557771997196218
compound_v3_arb_usdc,liquidation,liquidation_shock,15,0.7557771997204826
compound_v3_arb_usdc,liquidation,liquidation_shock,16,0.7557771997198255
compound_v3_arb_usdc,liquidation,liquidation_shock,17,0.7557771997198309
compound_v3_arb_usdc,liquidation,liquidation_shock,18,0.7557771997198051
compound_v3_arb_usdc,liquidation,liquidation_shock,19,0.7557771997198051
compound_v3_arb_usdc,liquidation,liquidation_shock,20,0.7557771997198052
compound_v3_arb_usdc,liquidation,liquidation_shock,21,0.7557771997198051
compound_v3_arb_usdc,liquidation,liquidation_shock,22,0.7557771997198051
compound_v3_arb_usdc,liquidation,liquidation_shock,23,0.7557771997198051
compound_v3_arb_usdc,liquidation,liquidation_shock,24,0.7557771997198051
compound_v3_arb_usdc,liquidation,liquidation_shock,25,0.7557771997198051
compound_v3_arb_usdc,liquidation,liquidation_shock,26,0.7557771997198051
compound_v3_arb_usdc,liquidation,liquidation_shock,27,0.7557771997198051
compound_v3_arb_usdc,liquidation,liquidation_shock,28,0.7557771997198051
compound_v3_arb_usdc,liquidation,liquidation_shock,29,0.7557771997198051
compound_v3_arb_usdc,liquidation,liquidation_shock,30,0.7557771997198051
compound_v3_arb_usdc_e,basket_return,return_shock,0,1.0
compound_v3_arb_usdc_e,basket_return,return_shock,1,0.9998225332474625
compound_v3_arb_usdc_e,basket_return,return_shock,2,0.9998187879135737
compound_v3_arb_usdc_e,basket_return,return_shock,3,0.9998182998468762
compound_v3_arb_usdc_e,basket_return,return_shock,4,0.9998182734098814
compound_v3_arb_usdc_e,basket_return,return_shock,5,0.9998182713394685
compound_v3_arb_usdc_e,basket_return,return_shock,6,0.999818271202402
compound_v3_arb_usdc_e,basket_return,return_shock,7,0.999818271192629
compound_v3_arb_usdc_e,basket_return,return_shock,8,0.999818271191955
compound_v3_arb_usdc_e,basket_return,return_shock,9,0.9998182711919078
compound_v3_arb_usdc_e,basket_return,return_shock,10,0.9998182711919046
compound_v3_arb_usdc_e,basket_return,return_shock,11,0.9998182711919044
compound_v3_arb_usdc_e,basket_return,return_shock,12,0.9998182711919044
compound_v3_arb_usdc_e,basket_return,return_shock,13,0.9998182711919044
compound_v3_arb_usdc_e,basket_return,return_shock,14,0.9998182711919044
compound_v3_arb_usdc_e,basket_return,return_shock,15,0.9998182711919044
compound_v3_arb_usdc_e,basket_return,return_shock,16,0.9998182711919044
compound_v3_arb_usdc_e,basket_return,return_shock,17,0.9998182711919044
compound_v3_arb_usdc_e,basket_return,return_shock,18,0.9998182711919044
compound_v3_arb_usdc_e,basket_return,return_shock,19,0.9998182711919044
compound_v3_arb_usdc_e,basket_return,return_shock,20,0.9998182711919044
compound_v3_arb_usdc_e,basket_return,return_shock,21,0.9998182711919044
compound_v3_arb_usdc_e,basket_return,return_shock,22,0.9998182711919044
compound_v3_arb_usdc_e,basket_return,return_shock,23,0.9998182711919044
compound_v3_arb_usdc_e,basket_return,return_shock,24,0.9998182711919044
compound_v3_arb_usdc_e,basket_return,return_shock,25,0.9998182711919044
compound_v3_arb_usdc_e,basket_return,return_shock,26,0.9998182711919044
compound_v3_arb_usdc_e,basket_return,return_shock,27,0.9998182711919044
compound_v3_arb_usdc_e,basket_return,return_shock,28,0.9998182711919044
compound_v3_arb_usdc_e,basket_return,return_shock,29,0.9998182711919044
compound_v3_arb_usdc_e,basket_return,return_shock,30,0.9998182711919044
compound_v3_arb_usdc_e,basket_return,liquidation_shock,0,0.0
compound_v3_arb_usdc_e,basket_return,liquidation_shock,1,0.00017746675253746484
compound_v3_arb_usdc_e,basket_return,liquidation_shock,2,0.00018121208642629812
compound_v3_arb_usdc_e,basket_return,liquidation_shock,3,0.00018170015312381517
compound_v3_arb_usdc_e,basket_return,liquidation_shock,4,0.0001817265901185923
compound_v3_arb_usdc_e,basket_return,liquidation_shock,5,0.00018172866053147525
compound_v3_arb_usdc_e,basket_return,liquidation_shock,6,0.00018172879759800281
compound_v3_arb_usdc_e,basket_return,liquidation_shock,7,0.00018172880737095173
compound_v3_arb_usdc_e,basket_return,liquidation_shock,8,0.00018172880804498198
compound_v3_arb_usdc_e,basket_return,liquidation_shock,9,0.00018172880809216255
compound_v3_arb_usdc_e,basket_return,liquidation_shock,10,0.00018172880809544332
compound_v3_arb_usdc_e,basket_return,liquidation_shock,11,0.00018172880809567212
compound_v3_arb_usdc_e,basket_return,liquidation_shock,12,0.00018172880809568808
compound_v3_arb_usdc_e,basket_return,liquidation_shock,13,0.0001817288080956892
compound_v3_arb_usdc_e,basket_return,liquidation_shock,14,0.00018172880809568927
compound_v3_arb_usdc_e,basket_return,liquidation_shock,15,0.00018172880809568927
compound_v3_arb_usdc_e,basket_return,liquidation_shock,16,0.00018172880809568927
compound_v3_arb_usdc_e,basket_return,liquidation_shock,17,0.00018172880809568927
compound_v3_arb_usdc_e,basket_return,liquidation_shock,18,0.00018172880809568927
compound_v3_arb_usdc_e,basket_return,liquidation_shock,19,0.00018172880809568927
compound_v3_arb_usdc_e,basket_return,liquidation_shock,20,0.00018172880809568927
compound_v3_arb_usdc_e,basket_return,liquidation_shock,21,0.00018172880809568927
compound_v3_arb_usdc_e,basket_return,liquidation_shock,22,0.00018172880809568927
compound_v3_arb_usdc_e,basket_return,liquidation_shock,23,0.00018172880809568927
compound_v3_arb_usdc_e,basket_return,liquidation_shock,24,0.00018172880809568927
compound_v3_arb_usdc_e,basket_return,liquidation_shock,25,0.00018172880809568927
compound_v3_arb_usdc_e,basket_return,liquidation_shock,26,0.00018172880809568927
compound_v3_arb_usdc_e,basket_return,liquidation_shock,27,0.00018172880809568927
compound_v3_arb_usdc_e,basket_return,liquidation_shock,28,0.00018172880809568927
compound_v3_arb_usdc_e,basket_return,liquidation_shock,29,0.00018172880809568927
compound_v3_arb_usdc_e,basket_return,liquidation_shock,30,0.00018172880809568927
compound_v3_arb_usdc_e,liquidation,return_shock,0,0.012771947509119481
compound_v3_arb_usdc_e,liquidation,return_shock,1,0.1439610745930094
compound_v3_arb_usdc_e,liquidation,return_shock,2,0.1461568312443586
compound_v3_arb_usdc_e,liquidation,return_shock,3,0.14644705537994387
compound_v3_arb_usdc_e,liquidation,return_shock,4,0.14646264226618907
compound_v3_arb_usdc_e,liquidation,return_shock,5,0.1464638675205987
compound_v3_arb_usdc_e,liquidation,return_shock,6,0.14646394850346972
compound_v3_arb_usdc_e,liquidation,return_shock,7,0.14646395428186493
compound_v3_arb_usdc_e,liquidation,return_shock,8,0.1464639546802648
compound_v3_arb_usdc_e,liquidation,return_shock,9,0.14646395470815596
compound_v3_arb_usdc_e,liquidation,return_shock,10,0.1464639547100953
compound_v3_arb_usdc_e,liquidation,return_shock,11,0.14646395471023058
compound_v3_arb_usdc_e,liquidation,return_shock,12,0.14646395471023999
compound_v3_arb_usdc_e,liquidation,return_shock,13,0.14646395471024065
compound_v3_arb_usdc_e,liquidation,return_shock,14,0.14646395471024068
compound_v3_arb_usdc_e,liquidation,return_shock,15,0.14646395471024068
compound_v3_arb_usdc_e,liquidation,return_shock,16,0.14646395471024068
compound_v3_arb_usdc_e,liquidation,return_shock,17,0.14646395471024068
compound_v3_arb_usdc_e,liquidation,return_shock,18,0.14646395471024068
compound_v3_arb_usdc_e,liquidation,return_shock,19,0.14646395471024068
compound_v3_arb_usdc_e,liquidation,return_shock,20,0.14646395471024068
compound_v3_arb_usdc_e,liquidation,return_shock,21,0.14646395471024068
compound_v3_arb_usdc_e,liquidation,return_shock,22,0.14646395471024068
compound_v3_arb_usdc_e,liquidation,return_shock,23,0.14646395471024068
compound_v3_arb_usdc_e,liquidation,return_shock,24,0.14646395471024068
compound_v3_arb_usdc_e,liquidation,return_shock,25,0.14646395471024068
compound_v3_arb_usdc_e,liquidation,return_shock,26,0.14646395471024068
compound_v3_arb_usdc_e,liquidation,return_shock,27,0.14646395471024068
compound_v3_arb_usdc_e,liquidation,return_shock,28,0.14646395471024068
compound_v3_arb_usdc_e,liquidation,return_shock,29,0.14646395471024068
compound_v3_arb_usdc_e,liquidation,return_shock,30,0.14646395471024068
compound_v3_arb_usdc_e,liquidation,liquidation_shock,0,0.9872280524908805
compound_v3_arb_usdc_e,liquidation,liquidation_shock,1,0.8560389254069906
compound_v3_arb_usdc_e,liquidation,liquidation_shock,2,0.8538431687556414
compound_v3_arb_usdc_e,liquidation,liquidation_shock,3,0.8535529446200562
compound_v3_arb_usdc_e,liquidation,liquidation_shock,4,0.8535373577338109
compound_v3_arb_usdc_e,liquidation,liquidation_shock,5,0.8535361324794014
compound_v3_arb_usdc_e,liquidation,liquidation_shock,6,0.8535360514965302
compound_v3_arb_usdc_e,liquidation,liquidation_shock,7,0.853536045718135
compound_v3_arb_usdc_e,liquidation,liquidation_shock,8,0.8535360453197351
compound_v3_arb_usdc_e,liquidation,liquidation_shock,9,0.8535360452918439
compound_v3_arb_usdc_e,liquidation,liquidation_shock,10,0.8535360452899047
compound_v3_arb_usdc_e,liquidation,liquidation_shock,11,0.8535360452897695
compound_v3_arb_usdc_e,liquidation,liquidation_shock,12,0.85353604528976
compound_v3_arb_usdc_e,liquidation,liquidation_shock,13,0.8535360452897593
compound_v3_arb_usdc_e,liquidation,liquidation_shock,14,0.8535360452897592
compound_v3_arb_usdc_e,liquidation,liquidation_shock,15,0.8535360452897592
compound_v3_arb_usdc_e,liquidation,liquidation_shock,16,0.8535360452897592
compound_v3_arb_usdc_e,liquidation,liquidation_shock,17,0.8535360452897592
compound_v3_arb_usdc_e,liquidation,liquidation_shock,18,0.8535360452897592
compound_v3_arb_usdc_e,liquidation,liquidation_shock,19,0.8535360452897592
compound_v3_arb_usdc_e,liquidation,liquidation_shock,20,0.8535360452897592
compound_v3_arb_usdc_e,liquidation,liquidation_shock,21,0.8535360452897592
compound_v3_arb_usdc_e,liquidation,liquidation_shock,22,0.8535360452897592
compound_v3_arb_usdc_e,liquidation,liquidation_shock,23,0.8535360452897592
compound_v3_arb_usdc_e,liquidation,liquidation_shock,24,0.8535360452897592
compound_v3_arb_usdc_e,liquidation,liquidation_shock,25,0.8535360452897592
compound_v3_arb_usdc_e,liquidation,liquidation_shock,26,0.8535360452897592
compound_v3_arb_usdc_e,liquidation,liquidation_shock,27,0.8535360452897592
compound_v3_arb_usdc_e,liquidation,liquidation_shock,28,0.8535360452897592
compound_v3_arb_usdc_e,liquidation,liquidation_shock,29,0.8535360452897592
compound_v3_arb_usdc_e,liquidation,liquidation_shock,30,0.8535360452897592
compound_v3_arb_usdt,basket_return,return_shock,0,1.0
compound_v3_arb_usdt,basket_return,return_shock,1,0.995967955942162
compound_v3_arb_usdt,basket_return,return_shock,2,0.9958412580272199
compound_v3_arb_usdt,basket_return,return_shock,3,0.9958150510715178
compound_v3_arb_usdt,basket_return,return_shock,4,0.9958128832076433
compound_v3_arb_usdt,basket_return,return_shock,5,0.9958126199609353
compound_v3_arb_usdt,basket_return,return_shock,6,0.9958125931508512
compound_v3_arb_usdt,basket_return,return_shock,7,0.9958125901993004
compound_v3_arb_usdt,basket_return,return_shock,8,0.9958125898855501
compound_v3_arb_usdt,basket_return,return_shock,9,0.9958125898516722
compound_v3_arb_usdt,basket_return,return_shock,10,0.9958125898480398
compound_v3_arb_usdt,basket_return,return_shock,11,0.9958125898476491
compound_v3_arb_usdt,basket_return,return_shock,12,0.9958125898476071
compound_v3_arb_usdt,basket_return,return_shock,13,0.9958125898476027
compound_v3_arb_usdt,basket_return,return_shock,14,0.9958125898476021
compound_v3_arb_usdt,basket_return,return_shock,15,0.995812589847602
compound_v3_arb_usdt,basket_return,return_shock,16,0.995812589847602
compound_v3_arb_usdt,basket_return,return_shock,17,0.995812589847602
compound_v3_arb_usdt,basket_return,return_shock,18,0.995812589847602
compound_v3_arb_usdt,basket_return,return_shock,19,0.995812589847602
compound_v3_arb_usdt,basket_return,return_shock,20,0.995812589847602
compound_v3_arb_usdt,basket_return,return_shock,21,0.995812589847602
compound_v3_arb_usdt,basket_return,return_shock,22,0.995812589847602
compound_v3_arb_usdt,basket_return,return_shock,23,0.995812589847602
compound_v3_arb_usdt,basket_return,return_shock,24,0.995812589847602
compound_v3_arb_usdt,basket_return,return_shock,25,0.995812589847602
compound_v3_arb_usdt,basket_return,return_shock,26,0.995812589847602
compound_v3_arb_usdt,basket_return,return_shock,27,0.995812589847602
compound_v3_arb_usdt,basket_return,return_shock,28,0.995812589847602
compound_v3_arb_usdt,basket_return,return_shock,29,0.995812589847602
compound_v3_arb_usdt,basket_return,return_shock,30,0.995812589847602
compound_v3_arb_usdt,basket_return,liquidation_shock,0,0.0
compound_v3_arb_usdt,basket_return,liquidation_shock,1,0.004032044057837946
compound_v3_arb_usdt,basket_return,liquidation_shock,2,0.004158741972780148
compound_v3_arb_usdt,basket_return,liquidation_shock,3,0.004184948928482172
compound_v3_arb_usdt,basket_return,liquidation_shock,4,0.004187116792356641
compound_v3_arb_usdt,basket_return,liquidation_shock,5,0.004187380039064611
compound_v3_arb_usdt,basket_return,liquidation_shock,6,0.004187406849148771
compound_v3_arb_usdt,basket_return,liquidation_shock,7,0.00418740980069957
compound_v3_arb_usdt,basket_return,liquidation_shock,8,0.004187410114449757
compound_v3_arb_usdt,basket_return,liquidation_shock,9,0.004187410148327718
compound_v3_arb_usdt,basket_return,liquidation_shock,10,0.004187410151960194
compound_v3_arb_usdt,basket_return,liquidation_shock,11,0.004187410152350903
compound_v3_arb_usdt,basket_return,liquidation_shock,12,0.004187410152392867
compound_v3_arb_usdt,basket_return,liquidation_shock,13,0.004187410152397378
compound_v3_arb_usdt,basket_return,liquidation_shock,14,0.004187410152397862
compound_v3_arb_usdt,basket_return,liquidation_shock,15,0.004187410152397914
compound_v3_arb_usdt,basket_return,liquidation_shock,16,0.00418741015239792
compound_v3_arb_usdt,basket_return,liquidation_shock,17,0.004187410152397921
compound_v3_arb_usdt,basket_return,liquidation_shock,18,0.004187410152397921
compound_v3_arb_usdt,basket_return,liquidation_shock,19,0.004187410152397921
compound_v3_arb_usdt,basket_return,liquidation_shock,20,0.004187410152397921
compound_v3_arb_usdt,basket_return,liquidation_shock,21,0.004187410152397921
compound_v3_arb_usdt,basket_return,liquidation_shock,22,0.004187410152397921
compound_v3_arb_usdt,basket_return,liquidation_shock,23,0.004187410152397921
compound_v3_arb_usdt,basket_return,liquidation_shock,24,0.004187410152397921
compound_v3_arb_usdt,basket_return,liquidation_shock,25,0.004187410152397921
compound_v3_arb_usdt,basket_return,liquidation_shock,26,0.004187410152397921
compound_v3_arb_usdt,basket_return,liquidation_shock,27,0.004187410152397921
compound_v3_arb_usdt,basket_return,liquidation_shock,28,0.004187410152397921
compound_v3_arb_usdt,basket_return,liquidation_shock,29,0.004187410152397921
compound_v3_arb_usdt,basket_return,liquidation_shock,30,0.004187410152397921
compound_v3_arb_usdt,liquidation,return_shock,0,0.06236874858394666
compound_v3_arb_usdt,liquidation,return_shock,1,0.18860642199507627
compound_v3_arb_usdt,liquidation,return_shock,2,0.19215393775186063
compound_v3_arb_usdt,liquidation,return_shock,3,0.19283516808679
compound_v3_arb_usdt,liquidation,return_shock,4,0.19289266602620425
compound_v3_arb_usdt,liquidation,return_shock,5,0.1928995735520674
compound_v3_arb_usdt,liquidation,return_shock,6,0.19290028024472256
compound_v3_arb_usdt,liquidation,return_shock,7,0.19290035788392237
compound_v3_arb_usdt,liquidation,return_shock,8,0.19290036614459258
compound_v3_arb_usdt,liquidation,return_shock,9,0.1929003670361896
compound_v3_arb_usdt,liquidation,return_shock,10,0.19290036713180647
compound_v3_arb_usdt,liquidation,return_shock,11,0.19290036714209013
compound_v3_arb_usdt,liquidation,return_shock,12,0.19290036714319475
compound_v3_arb_usdt,liquidation,return_shock,13,0.19290036714331346
compound_v3_arb_usdt,liquidation,return_shock,14,0.19290036714332623
compound_v3_arb_usdt,liquidation,return_shock,15,0.19290036714332762
compound_v3_arb_usdt,liquidation,return_shock,16,0.19290036714332776
compound_v3_arb_usdt,liquidation,return_shock,17,0.19290036714332778
compound_v3_arb_usdt,liquidation,return_shock,18,0.19290036714332778
compound_v3_arb_usdt,liquidation,return_shock,19,0.19290036714332778
compound_v3_arb_usdt,liquidation,return_shock,20,0.19290036714332778
compound_v3_arb_usdt,liquidation,return_shock,21,0.19290036714332778
compound_v3_arb_usdt,liquidation,return_shock,22,0.19290036714332778
compound_v3_arb_usdt,liquidation,return_shock,23,0.19290036714332778
compound_v3_arb_usdt,liquidation,return_shock,24,0.19290036714332778
compound_v3_arb_usdt,liquidation,return_shock,25,0.19290036714332778
compound_v3_arb_usdt,liquidation,return_shock,26,0.19290036714332778
compound_v3_arb_usdt,liquidation,return_shock,27,0.19290036714332778
compound_v3_arb_usdt,liquidation,return_shock,28,0.19290036714332778
compound_v3_arb_usdt,liquidation,return_shock,29,0.19290036714332778
compound_v3_arb_usdt,liquidation,return_shock,30,0.19290036714332778
compound_v3_arb_usdt,liquidation,liquidation_shock,0,0.9376312514160534
compound_v3_arb_usdt,liquidation,liquidation_shock,1,0.8113935780049237
compound_v3_arb_usdt,liquidation,liquidation_shock,2,0.8078460622481393
compound_v3_arb_usdt,liquidation,liquidation_shock,3,0.8071648319132101
compound_v3_arb_usdt,liquidation,liquidation_shock,4,0.8071073339737957
compound_v3_arb_usdt,liquidation,liquidation_shock,5,0.8071004264479325
compound_v3_arb_usdt,liquidation,liquidation_shock,6,0.8070997197552774
compound_v3_arb_usdt,liquidation,liquidation_shock,7,0.8070996421160775
compound_v3_arb_usdt,liquidation,liquidation_shock,8,0.8070996338554075
compound_v3_arb_usdt,liquidation,liquidation_shock,9,0.8070996329638103
compound_v3_arb_usdt,liquidation,liquidation_shock,10,0.8070996328681935
compound_v3_arb_usdt,liquidation,liquidation_shock,11,0.8070996328579099
compound_v3_arb_usdt,liquidation,liquidation_shock,12,0.8070996328568053
compound_v3_arb_usdt,liquidation,liquidation_shock,13,0.8070996328566865
compound_v3_arb_usdt,liquidation,liquidation_shock,14,0.8070996328566739
compound_v3_arb_usdt,liquidation,liquidation_shock,15,0.8070996328566725
compound_v3_arb_usdt,liquidation,liquidation_shock,16,0.8070996328566723
compound_v3_arb_usdt,liquidation,liquidation_shock,17,0.8070996328566723
compound_v3_arb_usdt,liquidation,liquidation_shock,18,0.8070996328566723
compound_v3_arb_usdt,liquidation,liquidation_shock,19,0.8070996328566723
compound_v3_arb_usdt,liquidation,liquidation_shock,20,0.8070996328566723
compound_v3_arb_usdt,liquidation,liquidation_shock,21,0.8070996328566723
compound_v3_arb_usdt,liquidation,liquidation_shock,22,0.8070996328566723
compound_v3_arb_usdt,liquidation,liquidation_shock,23,0.8070996328566723
compound_v3_arb_usdt,liquidation,liquidation_shock,24,0.8070996328566723
compound_v3_arb_usdt,liquidation,liquidation_shock,25,0.8070996328566723
compound_v3_arb_usdt,liquidation,liquidation_shock,26,0.8070996328566723
compound_v3_arb_usdt,liquidation,liquidation_shock,27,0.8070996328566723
compound_v3_arb_usdt,liquidation,liquidation_shock,28,0.8070996328566723
compound_v3_arb_usdt,liquidation,liquidation_shock,29,0.8070996328566723
compound_v3_arb_usdt,liquidation,liquidation_shock,30,0.8070996328566723
compound_v3_eth_usdc,basket_return,return_shock,0,1.0
compound_v3_eth_usdc,basket_return,return_shock,1,0.9930658114634009
compound_v3_eth_usdc,basket_return,return_shock,2,0.9785218796266221
compound_v3_eth_usdc,basket_return,return_shock,3,0.9783871349908083
compound_v3_eth_usdc,basket_return,return_shock,4,0.9782597760400724
compound_v3_eth_usdc,basket_return,return_shock,5,0.9782655472531611
compound_v3_eth_usdc,basket_return,return_shock,6,0.9782625439934025
compound_v3_eth_usdc,basket_return,return_shock,7,0.9782590219361698
compound_v3_eth_usdc,basket_return,return_shock,8,0.9782586181009109
compound_v3_eth_usdc,basket_return,return_shock,9,0.9782583704644425
compound_v3_eth_usdc,basket_return,return_shock,10,0.9782583433843154
compound_v3_eth_usdc,basket_return,return_shock,11,0.978258337381545
compound_v3_eth_usdc,basket_return,return_shock,12,0.9782583375218135
compound_v3_eth_usdc,basket_return,return_shock,13,0.978258337307511
compound_v3_eth_usdc,basket_return,return_shock,14,0.978258337063459
compound_v3_eth_usdc,basket_return,return_shock,15,0.9782583370011809
compound_v3_eth_usdc,basket_return,return_shock,16,0.9782583369867744
compound_v3_eth_usdc,basket_return,return_shock,17,0.978258336986812
compound_v3_eth_usdc,basket_return,return_shock,18,0.9782583369868947
compound_v3_eth_usdc,basket_return,return_shock,19,0.9782583369867772
compound_v3_eth_usdc,basket_return,return_shock,20,0.9782583369867078
compound_v3_eth_usdc,basket_return,return_shock,21,0.9782583369866845
compound_v3_eth_usdc,basket_return,return_shock,22,0.9782583369866817
compound_v3_eth_usdc,basket_return,return_shock,23,0.9782583369866816
compound_v3_eth_usdc,basket_return,return_shock,24,0.9782583369866816
compound_v3_eth_usdc,basket_return,return_shock,25,0.9782583369866816
compound_v3_eth_usdc,basket_return,return_shock,26,0.9782583369866816
compound_v3_eth_usdc,basket_return,return_shock,27,0.9782583369866816
compound_v3_eth_usdc,basket_return,return_shock,28,0.9782583369866816
compound_v3_eth_usdc,basket_return,return_shock,29,0.9782583369866816
compound_v3_eth_usdc,basket_return,return_shock,30,0.9782583369866816
compound_v3_eth_usdc,basket_return,liquidation_shock,0,0.0
compound_v3_eth_usdc,basket_return,liquidation_shock,1,0.006934188536599027
compound_v3_eth_usdc,basket_return,liquidation_shock,2,0.021478120373377946
compound_v3_eth_usdc,basket_return,liquidation_shock,3,0.021612865009191625
compound_v3_eth_usdc,basket_return,liquidation_shock,4,0.021740223959927554
compound_v3_eth_usdc,basket_return,liquidation_shock,5,0.021734452746838936
compound_v3_eth_usdc,basket_return,liquidation_shock,6,0.02173745600659748
compound_v3_eth_usdc,basket_return,liquidation_shock,7,0.021740978063830258
compound_v3_eth_usdc,basket_return,liquidation_shock,8,0.02174138189908911
compound_v3_eth_usdc,basket_return,liquidation_shock,9,0.021741629535557423
compound_v3_eth_usdc,basket_return,liquidation_shock,10,0.021741656615684554
compound_v3_eth_usdc,basket_return,liquidation_shock,11,0.02174166261845508
compound_v3_eth_usdc,basket_return,liquidation_shock,12,0.021741662478186517
compound_v3_eth_usdc,basket_return,liquidation_shock,13,0.021741662692489026
compound_v3_eth_usdc,basket_return,liquidation_shock,14,0.021741662936541024
compound_v3_eth_usdc,basket_return,liquidation_shock,15,0.021741662998819022
compound_v3_eth_usdc,basket_return,liquidation_shock,16,0.021741663013225547
compound_v3_eth_usdc,basket_return,liquidation_shock,17,0.021741663013187956
compound_v3_eth_usdc,basket_return,liquidation_shock,18,0.021741663013105282
compound_v3_eth_usdc,basket_return,liquidation_shock,19,0.02174166301322284
compound_v3_eth_usdc,basket_return,liquidation_shock,20,0.02174166301329211
compound_v3_eth_usdc,basket_return,liquidation_shock,21,0.02174166301331549
compound_v3_eth_usdc,basket_return,liquidation_shock,22,0.021741663013318323
compound_v3_eth_usdc,basket_return,liquidation_shock,23,0.0217416630133184
compound_v3_eth_usdc,basket_return,liquidation_shock,24,0.021741663013318376
compound_v3_eth_usdc,basket_return,liquidation_shock,25,0.021741663013318417
compound_v3_eth_usdc,basket_return,liquidation_shock,26,0.02174166301331844
compound_v3_eth_usdc,basket_return,liquidation_shock,27,0.02174166301331845
compound_v3_eth_usdc,basket_return,liquidation_shock,28,0.02174166301331845
compound_v3_eth_usdc,basket_return,liquidation_shock,29,0.02174166301331845
compound_v3_eth_usdc,basket_return,liquidation_shock,30,0.02174166301331845
compound_v3_eth_usdc,liquidation,return_shock,0,0.13089416848193838
compound_v3_eth_usdc,liquidation,return_shock,1,0.3068399663391917
compound_v3_eth_usdc,liquidation,return_shock,2,0.32715334157997905
compound_v3_eth_usdc,liquidation,return_shock,3,0.34132630697939215
compound_v3_eth_usdc,liquidation,return_shock,4,0.3417963634756227
compound_v3_eth_usdc,liquidation,return_shock,5,0.34170660261106245
compound_v3_eth_usdc,liquidation,return_shock,6,0.3417348652962947
compound_v3_eth_usdc,liquidation,return_shock,7,0.34175432002704326
compound_v3_eth_usdc,liquidation,return_shock,8,0.34176847301930097
compound_v3_eth_usdc,liquidation,return_shock,9,0.34177054482880226
compound_v3_eth_usdc,liquidation,return_shock,10,0.3417707663398921
compound_v3_eth_usdc,liquidation,return_shock,11,0.34177074918916434
compound_v3_eth_usdc,liquidation,return_shock,12,0.34177075297121967
compound_v3_eth_usdc,liquidation,return_shock,13,0.34177076326432076
compound_v3_eth_usdc,liquidation,return_shock,14,0.3417707665729923
compound_v3_eth_usdc,liquidation,return_shock,15,0.34177076730968375
compound_v3_eth_usdc,liquidation,return_shock,16,0.3417707673566442
compound_v3_eth_usdc,liquidation,return_shock,17,0.3417707673507962
compound_v3_eth_usdc,liquidation,return_shock,18,0.34177076735376305
compound_v3_eth_usdc,liquidation,return_shock,19,0.341770767356655
compound_v3_eth_usdc,liquidation,return_shock,20,0.3417707673577725
compound_v3_eth_usdc,liquidation,return_shock,21,0.341770767357974
compound_v3_eth_usdc,liquidation,return_shock,22,0.3417707673579872
compound_v3_eth_usdc,liquidation,return_shock,23,0.3417707673579854
compound_v3_eth_usdc,liquidation,return_shock,24,0.3417707673579864
compound_v3_eth_usdc,liquidation,return_shock,25,0.3417707673579874
compound_v3_eth_usdc,liquidation,return_shock,26,0.3417707673579877
compound_v3_eth_usdc,liquidation,return_shock,27,0.34177076735798784
compound_v3_eth_usdc,liquidation,return_shock,28,0.34177076735798784
compound_v3_eth_usdc,liquidation,return_shock,29,0.34177076735798784
compound_v3_eth_usdc,liquidation,return_shock,30,0.34177076735798784
compound_v3_eth_usdc,liquidation,liquidation_shock,0,0.8691058315180616
compound_v3_eth_usdc,liquidation,liquidation_shock,1,0.6931600336608083
compound_v3_eth_usdc,liquidation,liquidation_shock,2,0.6728466584200209
compound_v3_eth_usdc,liquidation,liquidation_shock,3,0.6586736930206079
compound_v3_eth_usdc,liquidation,liquidation_shock,4,0.6582036365243772
compound_v3_eth_usdc,liquidation,liquidation_shock,5,0.6582933973889376
compound_v3_eth_usdc,liquidation,liquidation_shock,6,0.6582651347037053
compound_v3_eth_usdc,liquidation,liquidation_shock,7,0.6582456799729568
compound_v3_eth_usdc,liquidation,liquidation_shock,8,0.6582315269806991
compound_v3_eth_usdc,liquidation,liquidation_shock,9,0.6582294551711978
compound_v3_eth_usdc,liquidation,liquidation_shock,10,0.6582292336601079
compound_v3_eth_usdc,liquidation,liquidation_shock,11,0.6582292508108356
compound_v3_eth_usdc,liquidation,liquidation_shock,12,0.6582292470287803
compound_v3_eth_usdc,liquidation,liquidation_shock,13,0.6582292367356792
compound_v3_eth_usdc,liquidation,liquidation_shock,14,0.6582292334270077
compound_v3_eth_usdc,liquidation,liquidation_shock,15,0.6582292326903163
compound_v3_eth_usdc,liquidation,liquidation_shock,16,0.6582292326433559
compound_v3_eth_usdc,liquidation,liquidation_shock,17,0.6582292326492037
compound_v3_eth_usdc,liquidation,liquidation_shock,18,0.658229232646237
compound_v3_eth_usdc,liquidation,liquidation_shock,19,0.658229232643345
compound_v3_eth_usdc,liquidation,liquidation_shock,20,0.6582292326422274
compound_v3_eth_usdc,liquidation,liquidation_shock,21,0.658229232642026
compound_v3_eth_usdc,liquidation,liquidation_shock,22,0.6582292326420128
compound_v3_eth_usdc,liquidation,liquidation_shock,23,0.6582292326420146
compound_v3_eth_usdc,liquidation,liquidation_shock,24,0.6582292326420136
compound_v3_eth_usdc,liquidation,liquidation_shock,25,0.6582292326420126
compound_v3_eth_usdc,liquidation,liquidation_shock,26,0.6582292326420123
compound_v3_eth_usdc,liquidation,liquidation_shock,27,0.6582292326420123
compound_v3_eth_usdc,liquidation,liquidation_shock,28,0.6582292326420123
compound_v3_eth_usdc,liquidation,liquidation_shock,29,0.6582292326420123
compound_v3_eth_usdc,liquidation,liquidation_shock,30,0.6582292326420123
compound_v3_eth_usds,basket_return,return_shock,0,1.0
compound_v3_eth_usds,basket_return,return_shock,1,0.999457225152551
compound_v3_eth_usds,basket_return,return_shock,2,0.9994565728488047
compound_v3_eth_usds,basket_return,return_shock,3,0.9994565667764197
compound_v3_eth_usds,basket_return,return_shock,4,0.9994565667350496
compound_v3_eth_usds,basket_return,return_shock,5,0.9994565667350329
compound_v3_eth_usds,basket_return,return_shock,6,0.9994565667350319
compound_v3_eth_usds,basket_return,return_shock,7,0.9994565667350319
compound_v3_eth_usds,basket_return,return_shock,8,0.9994565667350319
compound_v3_eth_usds,basket_return,return_shock,9,0.9994565667350319
compound_v3_eth_usds,basket_return,return_shock,10,0.9994565667350319
compound_v3_eth_usds,basket_return,return_shock,11,0.9994565667350319
compound_v3_eth_usds,basket_return,return_shock,12,0.9994565667350319
compound_v3_eth_usds,basket_return,return_shock,13,0.9994565667350319
compound_v3_eth_usds,basket_return,return_shock,14,0.9994565667350319
compound_v3_eth_usds,basket_return,return_shock,15,0.9994565667350319
compound_v3_eth_usds,basket_return,return_shock,16,0.9994565667350319
compound_v3_eth_usds,basket_return,return_shock,17,0.9994565667350319
compound_v3_eth_usds,basket_return,return_shock,18,0.9994565667350319
compound_v3_eth_usds,basket_return,return_shock,19,0.9994565667350319
compound_v3_eth_usds,basket_return,return_shock,20,0.9994565667350319
compound_v3_eth_usds,basket_return,return_shock,21,0.9994565667350319
compound_v3_eth_usds,basket_return,return_shock,22,0.9994565667350319
compound_v3_eth_usds,basket_return,return_shock,23,0.9994565667350319
compound_v3_eth_usds,basket_return,return_shock,24,0.9994565667350319
compound_v3_eth_usds,basket_return,return_shock,25,0.9994565667350319
compound_v3_eth_usds,basket_return,return_shock,26,0.9994565667350319
compound_v3_eth_usds,basket_return,return_shock,27,0.9994565667350319
compound_v3_eth_usds,basket_return,return_shock,28,0.9994565667350319
compound_v3_eth_usds,basket_return,return_shock,29,0.9994565667350319
compound_v3_eth_usds,basket_return,return_shock,30,0.9994565667350319
compound_v3_eth_usds,basket_return,liquidation_shock,0,0.0
compound_v3_eth_usds,basket_return,liquidation_shock,1,0.0005427748474490176
compound_v3_eth_usds,basket_return,liquidation_shock,2,0.0005434271511952735
compound_v3_eth_usds,basket_return,liquidation_shock,3,0.000543433223580298
compound_v3_eth_usds,basket_return,liquidation_shock,4,0.0005434332649504794
compound_v3_eth_usds,basket_return,liquidation_shock,5,0.0005434332649670685
compound_v3_eth_usds,basket_return,liquidation_shock,6,0.0005434332649682275
compound_v3_eth_usds,basket_return,liquidation_shock,7,0.0005434332649682279
compound_v3_eth_usds,basket_return,liquidation_shock,8,0.0005434332649682279
compound_v3_eth_usds,basket_return,liquidation_shock,9,0.0005434332649682279
compound_v3_eth_usds,basket_return,liquidation_shock,10,0.0005434332649682279
compound_v3_eth_usds,basket_return,liquidation_shock,11,0.0005434332649682279
compound_v3_eth_usds,basket_return,liquidation_shock,12,0.0005434332649682279
compound_v3_eth_usds,basket_return,liquidation_shock,13,0.0005434332649682279
compound_v3_eth_usds,basket_return,liquidation_shock,14,0.0005434332649682279
compound_v3_eth_usds,basket_return,liquidation_shock,15,0.0005434332649682279
compound_v3_eth_usds,basket_return,liquidation_shock,16,0.0005434332649682279
compound_v3_eth_usds,basket_return,liquidation_shock,17,0.0005434332649682279
compound_v3_eth_usds,basket_return,liquidation_shock,18,0.0005434332649682279
compound_v3_eth_usds,basket_return,liquidation_shock,19,0.0005434332649682279
compound_v3_eth_usds,basket_return,liquidation_shock,20,0.0005434332649682279
compound_v3_eth_usds,basket_return,liquidation_shock,21,0.0005434332649682279
compound_v3_eth_usds,basket_return,liquidation_shock,22,0.0005434332649682279
compound_v3_eth_usds,basket_return,liquidation_shock,23,0.0005434332649682279
compound_v3_eth_usds,basket_return,liquidation_shock,24,0.0005434332649682279
compound_v3_eth_usds,basket_return,liquidation_shock,25,0.0005434332649682279
compound_v3_eth_usds,basket_return,liquidation_shock,26,0.0005434332649682279
compound_v3_eth_usds,basket_return,liquidation_shock,27,0.0005434332649682279
compound_v3_eth_usds,basket_return,liquidation_shock,28,0.0005434332649682279
compound_v3_eth_usds,basket_return,liquidation_shock,29,0.0005434332649682279
compound_v3_eth_usds,basket_return,liquidation_shock,30,0.0005434332649682279
compound_v3_eth_usds,liquidation,return_shock,0,0.04196233438357872
compound_v3_eth_usds,liquidation,return_shock,1,0.07286908349638611
compound_v3_eth_usds,liquidation,return_shock,2,0.07291560168902964
compound_v3_eth_usds,liquidation,return_shock,3,0.07291590150355398
compound_v3_eth_usds,liquidation,return_shock,4,0.07291590406649225
compound_v3_eth_usds,liquidation,return_shock,5,0.0729159040669311
compound_v3_eth_usds,liquidation,return_shock,6,0.07291590406699758
compound_v3_eth_usds,liquidation,return_shock,7,0.0729159040669976
compound_v3_eth_usds,liquidation,return_shock,8,0.0729159040669976
compound_v3_eth_usds,liquidation,return_shock,9,0.0729159040669976
compound_v3_eth_usds,liquidation,return_shock,10,0.0729159040669976
compound_v3_eth_usds,liquidation,return_shock,11,0.0729159040669976
compound_v3_eth_usds,liquidation,return_shock,12,0.0729159040669976
compound_v3_eth_usds,liquidation,return_shock,13,0.0729159040669976
compound_v3_eth_usds,liquidation,return_shock,14,0.0729159040669976
compound_v3_eth_usds,liquidation,return_shock,15,0.0729159040669976
compound_v3_eth_usds,liquidation,return_shock,16,0.0729159040669976
compound_v3_eth_usds,liquidation,return_shock,17,0.0729159040669976
compound_v3_eth_usds,liquidation,return_shock,18,0.0729159040669976
compound_v3_eth_usds,liquidation,return_shock,19,0.0729159040669976
compound_v3_eth_usds,liquidation,return_shock,20,0.0729159040669976
compound_v3_eth_usds,liquidation,return_shock,21,0.0729159040669976
compound_v3_eth_usds,liquidation,return_shock,22,0.0729159040669976
compound_v3_eth_usds,liquidation,return_shock,23,0.0729159040669976
compound_v3_eth_usds,liquidation,return_shock,24,0.0729159040669976
compound_v3_eth_usds,liquidation,return_shock,25,0.0729159040669976
compound_v3_eth_usds,liquidation,return_shock,26,0.0729159040669976
compound_v3_eth_usds,liquidation,return_shock,27,0.0729159040669976
compound_v3_eth_usds,liquidation,return_shock,28,0.0729159040669976
compound_v3_eth_usds,liquidation,return_shock,29,0.0729159040669976
compound_v3_eth_usds,liquidation,return_shock,30,0.0729159040669976
compound_v3_eth_usds,liquidation,liquidation_shock,0,0.9580376656164212
compound_v3_eth_usds,liquidation,liquidation_shock,1,0.9271309165036139
compound_v3_eth_usds,liquidation,liquidation_shock,2,0.9270843983109703
compound_v3_eth_usds,liquidation,liquidation_shock,3,0.9270840984964459
compound_v3_eth_usds,liquidation,liquidation_shock,4,0.9270840959335076
compound_v3_eth_usds,liquidation,liquidation_shock,5,0.927084095933069
compound_v3_eth_usds,liquidation,liquidation_shock,6,0.9270840959330024
compound_v3_eth_usds,liquidation,liquidation_shock,7,0.9270840959330024
compound_v3_eth_usds,liquidation,liquidation_shock,8,0.9270840959330024
compound_v3_eth_usds,liquidation,liquidation_shock,9,0.9270840959330024
compound_v3_eth_usds,liquidation,liquidation_shock,10,0.9270840959330024
compound_v3_eth_usds,liquidation,liquidation_shock,11,0.9270840959330024
compound_v3_eth_usds,liquidation,liquidation_shock,12,0.9270840959330024
compound_v3_eth_usds,liquidation,liquidation_shock,13,0.9270840959330024
compound_v3_eth_usds,liquidation,liquidation_shock,14,0.9270840959330024
compound_v3_eth_usds,liquidation,liquidation_shock,15,0.9270840959330024
compound_v3_eth_usds,liquidation,liquidation_shock,16,0.9270840959330024
compound_v3_eth_usds,liquidation,liquidation_shock,17,0.9270840959330024
compound_v3_eth_usds,liquidation,liquidation_shock,18,0.9270840959330024
compound_v3_eth_usds,liquidation,liquidation_shock,19,0.9270840959330024
compound_v3_eth_usds,liquidation,liquidation_shock,20,0.9270840959330024
compound_v3_eth_usds,liquidation,liquidation_shock,21,0.9270840959330024
compound_v3_eth_usds,liquidation,liquidation_shock,22,0.9270840959330024
compound_v3_eth_usds,liquidation,liquidation_shock,23,0.9270840959330024
compound_v3_eth_usds,liquidation,liquidation_shock,24,0.9270840959330024
compound_v3_eth_usds,liquidation,liquidation_shock,25,0.9270840959330024
compound_v3_eth_usds,liquidation,liquidation_shock,26,0.9270840959330024
compound_v3_eth_usds,liquidation,liquidation_shock,27,0.9270840959330024
compound_v3_eth_usds,liquidation,liquidation_shock,28,0.9270840959330024
compound_v3_eth_usds,liquidation,liquidation_shock,29,0.9270840959330024
compound_v3_eth_usds,liquidation,liquidation_shock,30,0.9270840959330024
compound_v3_eth_usdt,basket_return,return_shock,0,1.0
compound_v3_eth_usdt,basket_return,return_shock,1,0.9999989502023116
compound_v3_eth_usdt,basket_return,return_shock,2,0.9999989420406998
compound_v3_eth_usdt,basket_return,return_shock,3,0.9999989416943305
compound_v3_eth_usdt,basket_return,return_shock,4,0.9999989416876661
compound_v3_eth_usdt,basket_return,return_shock,5,0.9999989416874888
compound_v3_eth_usdt,basket_return,return_shock,6,0.9999989416874847
compound_v3_eth_usdt,basket_return,return_shock,7,0.9999989416874846
compound_v3_eth_usdt,basket_return,return_shock,8,0.9999989416874846
compound_v3_eth_usdt,basket_return,return_shock,9,0.9999989416874846
compound_v3_eth_usdt,basket_return,return_shock,10,0.9999989416874846
compound_v3_eth_usdt,basket_return,return_shock,11,0.9999989416874846
compound_v3_eth_usdt,basket_return,return_shock,12,0.9999989416874846
compound_v3_eth_usdt,basket_return,return_shock,13,0.9999989416874846
compound_v3_eth_usdt,basket_return,return_shock,14,0.9999989416874846
compound_v3_eth_usdt,basket_return,return_shock,15,0.9999989416874846
compound_v3_eth_usdt,basket_return,return_shock,16,0.9999989416874846
compound_v3_eth_usdt,basket_return,return_shock,17,0.9999989416874846
compound_v3_eth_usdt,basket_return,return_shock,18,0.9999989416874846
compound_v3_eth_usdt,basket_return,return_shock,19,0.9999989416874846
compound_v3_eth_usdt,basket_return,return_shock,20,0.9999989416874846
compound_v3_eth_usdt,basket_return,return_shock,21,0.9999989416874846
compound_v3_eth_usdt,basket_return,return_shock,22,0.9999989416874846
compound_v3_eth_usdt,basket_return,return_shock,23,0.9999989416874846
compound_v3_eth_usdt,basket_return,return_shock,24,0.9999989416874846
compound_v3_eth_usdt,basket_return,return_shock,25,0.9999989416874846
compound_v3_eth_usdt,basket_return,return_shock,26,0.9999989416874846
compound_v3_eth_usdt,basket_return,return_shock,27,0.9999989416874846
compound_v3_eth_usdt,basket_return,return_shock,28,0.9999989416874846
compound_v3_eth_usdt,basket_return,return_shock,29,0.9999989416874846
compound_v3_eth_usdt,basket_return,return_shock,30,0.9999989416874846
compound_v3_eth_usdt,basket_return,liquidation_shock,0,0.0
compound_v3_eth_usdt,basket_return,liquidation_shock,1,1.0497976883684824e-06
compound_v3_eth_usdt,basket_return,liquidation_shock,2,1.0579593002303136e-06
compound_v3_eth_usdt,basket_return,liquidation_shock,3,1.0583056696085335e-06
compound_v3_eth_usdt,basket_return,liquidation_shock,4,1.0583123339315216e-06
compound_v3_eth_usdt,basket_return,liquidation_shock,5,1.0583125111769569e-06
compound_v3_eth_usdt,basket_return,liquidation_shock,6,1.0583125152664025e-06
compound_v3_eth_usdt,basket_return,liquidation_shock,7,1.0583125153666635e-06
compound_v3_eth_usdt,basket_return,liquidation_shock,8,1.0583125153690578e-06
compound_v3_eth_usdt,basket_return,liquidation_shock,9,1.0583125153691156e-06
compound_v3_eth_usdt,basket_return,liquidation_shock,10,1.0583125153691171e-06
compound_v3_eth_usdt,basket_return,liquidation_shock,11,1.0583125153691171e-06
compound_v3_eth_usdt,basket_return,liquidation_shock,12,1.0583125153691171e-06
compound_v3_eth_usdt,basket_return,liquidation_shock,13,1.0583125153691171e-06
compound_v3_eth_usdt,basket_return,liquidation_shock,14,1.0583125153691171e-06
compound_v3_eth_usdt,basket_return,liquidation_shock,15,1.0583125153691171e-06
compound_v3_eth_usdt,basket_return,liquidation_shock,16,1.0583125153691171e-06
compound_v3_eth_usdt,basket_return,liquidation_shock,17,1.0583125153691171e-06
compound_v3_eth_usdt,basket_return,liquidation_shock,18,1.0583125153691171e-06
compound_v3_eth_usdt,basket_return,liquidation_shock,19,1.0583125153691171e-06
compound_v3_eth_usdt,basket_return,liquidation_shock,20,1.0583125153691171e-06
compound_v3_eth_usdt,basket_return,liquidation_shock,21,1.0583125153691171e-06
compound_v3_eth_usdt,basket_return,liquidation_shock,22,1.0583125153691171e-06
compound_v3_eth_usdt,basket_return,liquidation_shock,23,1.0583125153691171e-06
compound_v3_eth_usdt,basket_return,liquidation_shock,24,1.0583125153691171e-06
compound_v3_eth_usdt,basket_return,liquidation_shock,25,1.0583125153691171e-06
compound_v3_eth_usdt,basket_return,liquidation_shock,26,1.0583125153691171e-06
compound_v3_eth_usdt,basket_return,liquidation_shock,27,1.0583125153691171e-06
compound_v3_eth_usdt,basket_return,liquidation_shock,28,1.0583125153691171e-06
compound_v3_eth_usdt,basket_return,liquidation_shock,29,1.0583125153691171e-06
compound_v3_eth_usdt,basket_return,liquidation_shock,30,1.0583125153691171e-06
compound_v3_eth_usdt,liquidation,return_shock,0,0.0888226470358566
compound_v3_eth_usdt,liquidation,return_shock,1,0.22391899342848712
compound_v3_eth_usdt,liquidation,return_shock,2,0.22488117509977273
compound_v3_eth_usdt,liquidation,return_shock,3,0.224919845112577
compound_v3_eth_usdt,liquidation,return_shock,4,0.22492060362971805
compound_v3_eth_usdt,liquidation,return_shock,5,0.2249206236259038
compound_v3_eth_usdt,liquidation,return_shock,6,0.22492062408897393
compound_v3_eth_usdt,liquidation,return_shock,7,0.22492062410030872
compound_v3_eth_usdt,liquidation,return_shock,8,0.22492062410057956
compound_v3_eth_usdt,liquidation,return_shock,9,0.22492062410058608
compound_v3_eth_usdt,liquidation,return_shock,10,0.22492062410058627
compound_v3_eth_usdt,liquidation,return_shock,11,0.22492062410058627
compound_v3_eth_usdt,liquidation,return_shock,12,0.22492062410058627
compound_v3_eth_usdt,liquidation,return_shock,13,0.22492062410058627
compound_v3_eth_usdt,liquidation,return_shock,14,0.22492062410058627
compound_v3_eth_usdt,liquidation,return_shock,15,0.22492062410058627
compound_v3_eth_usdt,liquidation,return_shock,16,0.22492062410058627
compound_v3_eth_usdt,liquidation,return_shock,17,0.22492062410058627
compound_v3_eth_usdt,liquidation,return_shock,18,0.22492062410058627
compound_v3_eth_usdt,liquidation,return_shock,19,0.22492062410058627
compound_v3_eth_usdt,liquidation,return_shock,20,0.22492062410058627
compound_v3_eth_usdt,liquidation,return_shock,21,0.22492062410058627
compound_v3_eth_usdt,liquidation,return_shock,22,0.22492062410058627
compound_v3_eth_usdt,liquidation,return_shock,23,0.22492062410058627
compound_v3_eth_usdt,liquidation,return_shock,24,0.22492062410058627
compound_v3_eth_usdt,liquidation,return_shock,25,0.22492062410058627
compound_v3_eth_usdt,liquidation,return_shock,26,0.22492062410058627
compound_v3_eth_usdt,liquidation,return_shock,27,0.22492062410058627
compound_v3_eth_usdt,liquidation,return_shock,28,0.22492062410058627
compound_v3_eth_usdt,liquidation,return_shock,29,0.22492062410058627
compound_v3_eth_usdt,liquidation,return_shock,30,0.22492062410058627
compound_v3_eth_usdt,liquidation,liquidation_shock,0,0.9111773529641434
compound_v3_eth_usdt,liquidation,liquidation_shock,1,0.7760810065715128
compound_v3_eth_usdt,liquidation,liquidation_shock,2,0.7751188249002273
compound_v3_eth_usdt,liquidation,liquidation_shock,3,0.775080154887423
compound_v3_eth_usdt,liquidation,liquidation_shock,4,0.775079396370282
compound_v3_eth_usdt,liquidation,liquidation_shock,5,0.7750793763740963
compound_v3_eth_usdt,liquidation,liquidation_shock,6,0.775079375911026
compound_v3_eth_usdt,liquidation,liquidation_shock,7,0.7750793758996913
compound_v3_eth_usdt,liquidation,liquidation_shock,8,0.7750793758994203
compound_v3_eth_usdt,liquidation,liquidation_shock,9,0.7750793758994139
compound_v3_eth_usdt,liquidation,liquidation_shock,10,0.7750793758994137
compound_v3_eth_usdt,liquidation,liquidation_shock,11,0.7750793758994137
compound_v3_eth_usdt,liquidation,liquidation_shock,12,0.7750793758994137
compound_v3_eth_usdt,liquidation,liquidation_shock,13,0.7750793758994137
compound_v3_eth_usdt,liquidation,liquidation_shock,14,0.7750793758994137
compound_v3_eth_usdt,liquidation,liquidation_shock,15,0.7750793758994137
compound_v3_eth_usdt,liquidation,liquidation_shock,16,0.7750793758994137
compound_v3_eth_usdt,liquidation,liquidation_shock,17,0.7750793758994137
compound_v3_eth_usdt,liquidation,liquidation_shock,18,0.7750793758994137
compound_v3_eth_usdt,liquidation,liquidation_shock,19,0.7750793758994137
compound_v3_eth_usdt,liquidation,liquidation_shock,20,0.7750793758994137
compound_v3_eth_usdt,liquidation,liquidation_shock,21,0.7750793758994137
compound_v3_eth_usdt,liquidation,liquidation_shock,22,0.7750793758994137
compound_v3_eth_usdt,liquidation,liquidation_shock,23,0.7750793758994137
compound_v3_eth_usdt,liquidation,liquidation_shock,24,0.7750793758994137
compound_v3_eth_usdt,liquidation,liquidation_shock,25,0.7750793758994137
compound_v3_eth_usdt,liquidation,liquidation_shock,26,0.7750793758994137
compound_v3_eth_usdt,liquidation,liquidation_shock,27,0.7750793758994137
compound_v3_eth_usdt,liquidation,liquidation_shock,28,0.7750793758994137
compound_v3_eth_usdt,liquidation,liquidation_shock,29,0.7750793758994137
compound_v3_eth_usdt,liquidation,liquidation_shock,30,0.7750793758994137
euler_v2_sonic,basket_return,return_shock,0,1.0
euler_v2_sonic,basket_return,return_shock,1,0.999995861198433
euler_v2_sonic,basket_return,return_shock,2,0.9999958518485313
euler_v2_sonic,basket_return,return_shock,3,0.9999958513298419
euler_v2_sonic,basket_return,return_shock,4,0.9999958513260133
euler_v2_sonic,basket_return,return_shock,5,0.9999958513259253
euler_v2_sonic,basket_return,return_shock,6,0.9999958513259244
euler_v2_sonic,basket_return,return_shock,7,0.9999958513259244
euler_v2_sonic,basket_return,return_shock,8,0.9999958513259244
euler_v2_sonic,basket_return,return_shock,9,0.9999958513259244
euler_v2_sonic,basket_return,return_shock,10,0.9999958513259244
euler_v2_sonic,basket_return,return_shock,11,0.9999958513259244
euler_v2_sonic,basket_return,return_shock,12,0.9999958513259244
euler_v2_sonic,basket_return,return_shock,13,0.9999958513259244
euler_v2_sonic,basket_return,return_shock,14,0.9999958513259244
euler_v2_sonic,basket_return,return_shock,15,0.9999958513259244
euler_v2_sonic,basket_return,return_shock,16,0.9999958513259244
euler_v2_sonic,basket_return,return_shock,17,0.9999958513259244
euler_v2_sonic,basket_return,return_shock,18,0.9999958513259244
euler_v2_sonic,basket_return,return_shock,19,0.9999958513259244
euler_v2_sonic,basket_return,return_shock,20,0.9999958513259244
euler_v2_sonic,basket_return,return_shock,21,0.9999958513259244
euler_v2_sonic,basket_return,return_shock,22,0.9999958513259244
euler_v2_sonic,basket_return,return_shock,23,0.9999958513259244
euler_v2_sonic,basket_return,return_shock,24,0.9999958513259244
euler_v2_sonic,basket_return,return_shock,25,0.9999958513259244
euler_v2_sonic,basket_return,return_shock,26,0.9999958513259244
euler_v2_sonic,basket_return,return_shock,27,0.9999958513259244
euler_v2_sonic,basket_return,return_shock,28,0.9999958513259244
euler_v2_sonic,basket_return,return_shock,29,0.9999958513259244
euler_v2_sonic,basket_return,return_shock,30,0.9999958513259244
euler_v2_sonic,basket_return,liquidation_shock,0,0.0
euler_v2_sonic,basket_return,liquidation_shock,1,4.13880156687731e-06
euler_v2_sonic,basket_return,liquidation_shock,2,4.148151468625836e-06
euler_v2_sonic,basket_return,liquidation_shock,3,4.1486701579890014e-06
euler_v2_sonic,basket_return,liquidation_shock,4,4.148673986663031e-06
euler_v2_sonic,basket_return,liquidation_shock,5,4.1486740747115445e-06
euler_v2_sonic,basket_return,liquidation_shock,6,4.148674075712842e-06
euler_v2_sonic,basket_return,liquidation_shock,7,4.148674075730137e-06
euler_v2_sonic,basket_return,liquidation_shock,8,4.148674075730368e-06
euler_v2_sonic,basket_return,liquidation_shock,9,4.148674075730372e-06
euler_v2_sonic,basket_return,liquidation_shock,10,4.148674075730372e-06
euler_v2_sonic,basket_return,liquidation_shock,11,4.148674075730372e-06
euler_v2_sonic,basket_return,liquidation_shock,12,4.148674075730372e-06
euler_v2_sonic,basket_return,liquidation_shock,13,4.148674075730372e-06
euler_v2_sonic,basket_return,liquidation_shock,14,4.148674075730372e-06
euler_v2_sonic,basket_return,liquidation_shock,15,4.148674075730372e-06
euler_v2_sonic,basket_return,liquidation_shock,16,4.148674075730372e-06
euler_v2_sonic,basket_return,liquidation_shock,17,4.148674075730372e-06
euler_v2_sonic,basket_return,liquidation_shock,18,4.148674075730372e-06
euler_v2_sonic,basket_return,liquidation_shock,19,4.148674075730372e-06
euler_v2_sonic,basket_return,liquidation_shock,20,4.148674075730372e-06
euler_v2_sonic,basket_return,liquidation_shock,21,4.148674075730372e-06
euler_v2_sonic,basket_return,liquidation_shock,22,4.148674075730372e-06
euler_v2_sonic,basket_return,liquidation_shock,23,4.148674075730372e-06
euler_v2_sonic,basket_return,liquidation_shock,24,4.148674075730372e-06
euler_v2_sonic,basket_return,liquidation_shock,25,4.148674075730372e-06
euler_v2_sonic,basket_return,liquidation_shock,26,4.148674075730372e-06
euler_v2_sonic,basket_return,liquidation_shock,27,4.148674075730372e-06
euler_v2_sonic,basket_return,liquidation_shock,28,4.148674075730372e-06
euler_v2_sonic,basket_return,liquidation_shock,29,4.148674075730372e-06
euler_v2_sonic,basket_return,liquidation_shock,30,4.148674075730372e-06
euler_v2_sonic,liquidation,return_shock,0,0.03240039978437531
euler_v2_sonic,liquidation,return_shock,1,0.05106329136006452
euler_v2_sonic,liquidation,return_shock,2,0.05111837796605871
euler_v2_sonic,liquidation,return_shock,3,0.051120808210221316
euler_v2_sonic,liquidation,return_shock,4,0.051120828161903165
euler_v2_sonic,liquidation,return_shock,5,0.051120828589014275
euler_v2_sonic,liquidation,return_shock,6,0.051120828594069904
euler_v2_sonic,liquidation,return_shock,7,0.051120828594155045
euler_v2_sonic,liquidation,return_shock,8,0.051120828594156204
euler_v2_sonic,liquidation,return_shock,9,0.051120828594156224
euler_v2_sonic,liquidation,return_shock,10,0.051120828594156224
euler_v2_sonic,liquidation,return_shock,11,0.051120828594156224
euler_v2_sonic,liquidation,return_shock,12,0.051120828594156224
euler_v2_sonic,liquidation,return_shock,13,0.051120828594156224
euler_v2_sonic,liquidation,return_shock,14,0.051120828594156224
euler_v2_sonic,liquidation,return_shock,15,0.051120828594156224
euler_v2_sonic,liquidation,return_shock,16,0.051120828594156224
euler_v2_sonic,liquidation,return_shock,17,0.051120828594156224
euler_v2_sonic,liquidation,return_shock,18,0.051120828594156224
euler_v2_sonic,liquidation,return_shock,19,0.051120828594156224
euler_v2_sonic,liquidation,return_shock,20,0.051120828594156224
euler_v2_sonic,liquidation,return_shock,21,0.051120828594156224
euler_v2_sonic,liquidation,return_shock,22,0.051120828594156224
euler_v2_sonic,liquidation,return_shock,23,0.051120828594156224
euler_v2_sonic,liquidation,return_shock,24,0.051120828594156224
euler_v2_sonic,liquidation,return_shock,25,0.051120828594156224
euler_v2_sonic,liquidation,return_shock,26,0.051120828594156224
euler_v2_sonic,liquidation,return_shock,27,0.051120828594156224
euler_v2_sonic,liquidation,return_shock,28,0.051120828594156224
euler_v2_sonic,liquidation,return_shock,29,0.051120828594156224
euler_v2_sonic,liquidation,return_shock,30,0.051120828594156224
euler_v2_sonic,liquidation,liquidation_shock,0,0.9675996002156246
euler_v2_sonic,liquidation,liquidation_shock,1,0.9489367086399354
euler_v2_sonic,liquidation,liquidation_shock,2,0.9488816220339413
euler_v2_sonic,liquidation,liquidation_shock,3,0.9488791917897786
euler_v2_sonic,liquidation,liquidation_shock,4,0.9488791718380969
euler_v2_sonic,liquidation,liquidation_shock,5,0.9488791714109859
euler_v2_sonic,liquidation,liquidation_shock,6,0.9488791714059301
euler_v2_sonic,liquidation,liquidation_shock,7,0.948879171405845
euler_v2_sonic,liquidation,liquidation_shock,8,0.9488791714058438
euler_v2_sonic,liquidation,liquidation_shock,9,0.9488791714058438
euler_v2_sonic,liquidation,liquidation_shock,10,0.9488791714058438
euler_v2_sonic,liquidation,liquidation_shock,11,0.9488791714058438
euler_v2_sonic,liquidation,liquidation_shock,12,0.9488791714058438
euler_v2_sonic,liquidation,liquidation_shock,13,0.9488791714058438
euler_v2_sonic,liquidation,liquidation_shock,14,0.9488791714058438
euler_v2_sonic,liquidation,liquidation_shock,15,0.9488791714058438
euler_v2_sonic,liquidation,liquidation_shock,16,0.9488791714058438
euler_v2_sonic,liquidation,liquidation_shock,17,0.9488791714058438
euler_v2_sonic,liquidation,liquidation_shock,18,0.9488791714058438
euler_v2_sonic,liquidation,liquidation_shock,19,0.9488791714058438
euler_v2_sonic,liquidation,liquidation_shock,20,0.9488791714058438
euler_v2_sonic,liquidation,liquidation_shock,21,0.9488791714058438
euler_v2_sonic,liquidation,liquidation_shock,22,0.9488791714058438
euler_v2_sonic,liquidation,liquidation_shock,23,0.9488791714058438
euler_v2_sonic,liquidation,liquidation_shock,24,0.9488791714058438
euler_v2_sonic,liquidation,liquidation_shock,25,0.9488791714058438
euler_v2_sonic,liquidation,liquidation_shock,26,0.9488791714058438
euler_v2_sonic,liquidation,liquidation_shock,27,0.9488791714058438
euler_v2_sonic,liquidation,liquidation_shock,28,0.9488791714058438
euler_v2_sonic,liquidation,liquidation_shock,29,0.9488791714058438
euler_v2_sonic,liquidation,liquidation_shock,30,0.9488791714058438
fluid_lending_arbitrum,basket_return,return_shock,0,1.0
fluid_lending_arbitrum,basket_return,return_shock,1,0.9894087742590421
fluid_lending_arbitrum,basket_return,return_shock,2,0.9690537885078461
fluid_lending_arbitrum,basket_return,return_shock,3,0.9690100601221444
fluid_lending_arbitrum,basket_return,return_shock,4,0.9690799138985273
fluid_lending_arbitrum,basket_return,return_shock,5,0.9680664417606188
fluid_lending_arbitrum,basket_return,return_shock,6,0.9620151524902895
fluid_lending_arbitrum,basket_return,return_shock,7,0.9512121752644198
fluid_lending_arbitrum,basket_return,return_shock,8,0.9502875346845929
fluid_lending_arbitrum,basket_return,return_shock,9,0.9387161278967127
fluid_lending_arbitrum,basket_return,return_shock,10,0.9368493632225364
fluid_lending_arbitrum,basket_return,return_shock,11,0.9322919223340602
fluid_lending_arbitrum,basket_return,return_shock,12,0.931271877249074
fluid_lending_arbitrum,basket_return,return_shock,13,0.9294455591622136
fluid_lending_arbitrum,basket_return,return_shock,14,0.918761745889295
fluid_lending_arbitrum,basket_return,return_shock,15,0.9187454366584988
fluid_lending_arbitrum,basket_return,return_shock,16,0.9168772573807168
fluid_lending_arbitrum,basket_return,return_shock,17,0.9170117819503086
fluid_lending_arbitrum,basket_return,return_shock,18,0.9139554131478386
fluid_lending_arbitrum,basket_return,return_shock,19,0.9139109900577445
fluid_lending_arbitrum,basket_return,return_shock,20,0.9103599591759705
fluid_lending_arbitrum,basket_return,return_shock,21,0.9036330633685131
fluid_lending_arbitrum,basket_return,return_shock,22,0.9022862350808835
fluid_lending_arbitrum,basket_return,return_shock,23,0.902204097638439
fluid_lending_arbitrum,basket_return,return_shock,24,0.9004202546066848
fluid_lending_arbitrum,basket_return,return_shock,25,0.9008383509716216
fluid_lending_arbitrum,basket_return,return_shock,26,0.9007755873938237
fluid_lending_arbitrum,basket_return,return_shock,27,0.9011504849313501
fluid_lending_arbitrum,basket_return,return_shock,28,0.8974483309923962
fluid_lending_arbitrum,basket_return,return_shock,29,0.8965637685849517
fluid_lending_arbitrum,basket_return,return_shock,30,0.8926085128795745
fluid_lending_arbitrum,basket_return,liquidation_shock,0,0.0
fluid_lending_arbitrum,basket_return,liquidation_shock,1,0.010591225740957966
fluid_lending_arbitrum,basket_return,liquidation_shock,2,0.030946211492153944
fluid_lending_arbitrum,basket_return,liquidation_shock,3,0.03098993987785557
fluid_lending_arbitrum,basket_return,liquidation_shock,4,0.030920086101472646
fluid_lending_arbitrum,basket_return,liquidation_shock,5,0.0319335582393812
fluid_lending_arbitrum,basket_return,liquidation_shock,6,0.037984847509710526
fluid_lending_arbitrum,basket_return,liquidation_shock,7,0.04878782473558025
fluid_lending_arbitrum,basket_return,liquidation_shock,8,0.04971246531540711
fluid_lending_arbitrum,basket_return,liquidation_shock,9,0.06128387210328735
fluid_lending_arbitrum,basket_return,liquidation_shock,10,0.0631506367774636
fluid_lending_arbitrum,basket_return,liquidation_shock,11,0.06770807766593982
fluid_lending_arbitrum,basket_return,liquidation_shock,12,0.06872812275092595
fluid_lending_arbitrum,basket_return,liquidation_shock,13,0.07055444083778642
fluid_lending_arbitrum,basket_return,liquidation_shock,14,0.08123825411070493
fluid_lending_arbitrum,basket_return,liquidation_shock,15,0.08125456334150116
fluid_lending_arbitrum,basket_return,liquidation_shock,16,0.0831227426192832
fluid_lending_arbitrum,basket_return,liquidation_shock,17,0.08298821804969134
fluid_lending_arbitrum,basket_return,liquidation_shock,18,0.08604458685216144
fluid_lending_arbitrum,basket_return,liquidation_shock,19,0.08608900994225555
fluid_lending_arbitrum,basket_return,liquidation_shock,20,0.08964004082402954
fluid_lending_arbitrum,basket_return,liquidation_shock,21,0.09636693663148693
fluid_lending_arbitrum,basket_return,liquidation_shock,22,0.09771376491911654
fluid_lending_arbitrum,basket_return,liquidation_shock,23,0.097795902361561
fluid_lending_arbitrum,basket_return,liquidation_shock,24,0.09957974539331522
fluid_lending_arbitrum,basket_return,liquidation_shock,25,0.09916164902837843
fluid_lending_arbitrum,basket_return,liquidation_shock,26,0.09922441260617626
fluid_lending_arbitrum,basket_return,liquidation_shock,27,0.09884951506865002
fluid_lending_arbitrum,basket_return,liquidation_shock,28,0.10255166900760372
fluid_lending_arbitrum,basket_return,liquidation_shock,29,0.1034362314150484
fluid_lending_arbitrum,basket_return,liquidation_shock,30,0.10739148712042546
fluid_lending_arbitrum,liquidation,return_shock,0,1.2049242835214208e-05
fluid_lending_arbitrum,liquidation,return_shock,1,0.014071271816879487
fluid_lending_arbitrum,liquidation,return_shock,2,0.03459566200194876
fluid_lending_arbitrum,liquidation,return_shock,3,0.04012932113480601
fluid_lending_arbitrum,liquidation,return_shock,4,0.04352195280829263
fluid_lending_arbitrum,liquidation,return_shock,5,0.046475923926288625
fluid_lending_arbitrum,liquidation,return_shock,6,0.04649746807261505
fluid_lending_arbitrum,liquidation,return_shock,7,0.0459903890027037
fluid_lending_arbitrum,liquidation,return_shock,8,0.047484207893762204
fluid_lending_arbitrum,liquidation,return_shock,9,0.045771161521082834
fluid_lending_arbitrum,liquidation,return_shock,10,0.04632350843009243
fluid_lending_arbitrum,liquidation,return_shock,11,0.04822593144416417
fluid_lending_arbitrum,liquidation,return_shock,12,0.04840816264785003
fluid_lending_arbitrum,liquidation,return_shock,13,0.05102122128113737
fluid_lending_arbitrum,liquidation,return_shock,14,0.050680429754944856
fluid_lending_arbitrum,liquidation,return_shock,15,0.05429823528969031
fluid_lending_arbitrum,liquidation,return_shock,16,0.06419969605167669
fluid_lending_arbitrum,liquidation,return_shock,17,0.06694328850713362
fluid_lending_arbitrum,liquidation,return_shock,18,0.07329172593192008
fluid_lending_arbitrum,liquidation,return_shock,19,0.0746228465342235
fluid_lending_arbitrum,liquidation,return_shock,20,0.07470794743210972
fluid_lending_arbitrum,liquidation,return_shock,21,0.07814337235785934
fluid_lending_arbitrum,liquidation,return_shock,22,0.0822649373374041
fluid_lending_arbitrum,liquidation,return_shock,23,0.08582266521443818
fluid_lending_arbitrum,liquidation,return_shock,24,0.08561524151289154
fluid_lending_arbitrum,liquidation,return_shock,25,0.08636522049202211
fluid_lending_arbitrum,liquidation,return_shock,26,0.08657066142415172
fluid_lending_arbitrum,liquidation,return_shock,27,0.10700443164684255
fluid_lending_arbitrum,liquidation,return_shock,28,0.1115657570061013
fluid_lending_arbitrum,liquidation,return_shock,29,0.11070399566601948
fluid_lending_arbitrum,liquidation,return_shock,30,0.1276868087249951
fluid_lending_arbitrum,liquidation,liquidation_shock,0,0.9999879507571648
fluid_lending_arbitrum,liquidation,liquidation_shock,1,0.9859287281831205
fluid_lending_arbitrum,liquidation,liquidation_shock,2,0.9654043379980513
fluid_lending_arbitrum,liquidation,liquidation_shock,3,0.959870678865194
fluid_lending_arbitrum,liquidation,liquidation_shock,4,0.9564780471917074
fluid_lending_arbitrum,liquidation,liquidation_shock,5,0.9535240760737115
fluid_lending_arbitrum,liquidation,liquidation_shock,6,0.953502531927385
fluid_lending_arbitrum,liquidation,liquidation_shock,7,0.9540096109972963
fluid_lending_arbitrum,liquidation,liquidation_shock,8,0.9525157921062378
fluid_lending_arbitrum,liquidation,liquidation_shock,9,0.9542288384789172
fluid_lending_arbitrum,liquidation,liquidation_shock,10,0.9536764915699075
fluid_lending_arbitrum,liquidation,liquidation_shock,11,0.9517740685558359
fluid_lending_arbitrum,liquidation,liquidation_shock,12,0.9515918373521499
fluid_lending_arbitrum,liquidation,liquidation_shock,13,0.9489787787188627
fluid_lending_arbitrum,liquidation,liquidation_shock,14,0.9493195702450552
fluid_lending_arbitrum,liquidation,liquidation_shock,15,0.9457017647103096
fluid_lending_arbitrum,liquidation,liquidation_shock,16,0.9358003039483234
fluid_lending_arbitrum,liquidation,liquidation_shock,17,0.9330567114928664
fluid_lending_arbitrum,liquidation,liquidation_shock,18,0.9267082740680799
fluid_lending_arbitrum,liquidation,liquidation_shock,19,0.9253771534657765
fluid_lending_arbitrum,liquidation,liquidation_shock,20,0.9252920525678904
fluid_lending_arbitrum,liquidation,liquidation_shock,21,0.9218566276421406
fluid_lending_arbitrum,liquidation,liquidation_shock,22,0.917735062662596
fluid_lending_arbitrum,liquidation,liquidation_shock,23,0.9141773347855617
fluid_lending_arbitrum,liquidation,liquidation_shock,24,0.9143847584871085
fluid_lending_arbitrum,liquidation,liquidation_shock,25,0.9136347795079779
fluid_lending_arbitrum,liquidation,liquidation_shock,26,0.9134293385758483
fluid_lending_arbitrum,liquidation,liquidation_shock,27,0.8929955683531574
fluid_lending_arbitrum,liquidation,liquidation_shock,28,0.8884342429938987
fluid_lending_arbitrum,liquidation,liquidation_shock,29,0.8892960043339806
fluid_lending_arbitrum,liquidation,liquidation_shock,30,0.8723131912750048
fluid_lending_ethereum,basket_return,return_shock,0,1.0
fluid_lending_ethereum,basket_return,return_shock,1,0.9992697491523415
fluid_lending_ethereum,basket_return,return_shock,2,0.9992796640943009
fluid_lending_ethereum,basket_return,return_shock,3,0.9991972539228788
fluid_lending_ethereum,basket_return,return_shock,4,0.9991970856253415
fluid_lending_ethereum,basket_return,return_shock,5,0.9991908360591735
fluid_lending_ethereum,basket_return,return_shock,6,0.9991906574377563
fluid_lending_ethereum,basket_return,return_shock,7,0.9991902092121808
fluid_lending_ethereum,basket_return,return_shock,8,0.9991901739851833
fluid_lending_ethereum,basket_return,return_shock,9,0.9991901401815495
fluid_lending_ethereum,basket_return,return_shock,10,0.9991901353785513
fluid_lending_ethereum,basket_return,return_shock,11,0.9991901326325486
fluid_lending_ethereum,basket_return,return_shock,12,0.9991901320788402
fluid_lending_ethereum,basket_return,return_shock,13,0.9991901318409798
fluid_lending_ethereum,basket_return,return_shock,14,0.9991901317823784
fluid_lending_ethereum,basket_return,return_shock,15,0.9991901317608302
fluid_lending_ethereum,basket_return,return_shock,16,0.9991901317549012
fluid_lending_ethereum,basket_return,return_shock,17,0.9991901317528943
fluid_lending_ethereum,basket_return,return_shock,18,0.9991901317523085
fluid_lending_ethereum,basket_return,return_shock,19,0.9991901317521187
fluid_lending_ethereum,basket_return,return_shock,20,0.9991901317520614
fluid_lending_ethereum,basket_return,return_shock,21,0.9991901317520434
fluid_lending_ethereum,basket_return,return_shock,22,0.9991901317520377
fluid_lending_ethereum,basket_return,return_shock,23,0.9991901317520361
fluid_lending_ethereum,basket_return,return_shock,24,0.9991901317520355
fluid_lending_ethereum,basket_return,return_shock,25,0.9991901317520354
fluid_lending_ethereum,basket_return,return_shock,26,0.9991901317520354
fluid_lending_ethereum,basket_return,return_shock,27,0.9991901317520353
fluid_lending_ethereum,basket_return,return_shock,28,0.9991901317520353
fluid_lending_ethereum,basket_return,return_shock,29,0.9991901317520353
fluid_lending_ethereum,basket_return,return_shock,30,0.9991901317520353
fluid_lending_ethereum,basket_return,liquidation_shock,0,0.0
fluid_lending_ethereum,basket_return,liquidation_shock,1,0.0007302508476585007
fluid_lending_ethereum,basket_return,liquidation_shock,2,0.0007203359056990949
fluid_lending_ethereum,basket_return,liquidation_shock,3,0.0008027460771212562
fluid_lending_ethereum,basket_return,liquidation_shock,4,0.0008029143746585121
fluid_lending_ethereum,basket_return,liquidation_shock,5,0.0008091639408265791
fluid_lending_ethereum,basket_return,liquidation_shock,6,0.0008093425622436766
fluid_lending_ethereum,basket_return,liquidation_shock,7,0.0008097907878191014
fluid_lending_ethereum,basket_return,liquidation_shock,8,0.0008098260148166821
fluid_lending_ethereum,basket_return,liquidation_shock,9,0.0008098598184505905
fluid_lending_ethereum,basket_return,liquidation_shock,10,0.0008098646214486637
fluid_lending_ethereum,basket_return,liquidation_shock,11,0.0008098673674513946
fluid_lending_ethereum,basket_return,liquidation_shock,12,0.0008098679211597335
fluid_lending_ethereum,basket_return,liquidation_shock,13,0.0008098681590202391
fluid_lending_ethereum,basket_return,liquidation_shock,14,0.0008098682176217179
fluid_lending_ethereum,basket_return,liquidation_shock,15,0.0008098682391698514
fluid_lending_ethereum,basket_return,liquidation_shock,16,0.0008098682450988247
fluid_lending_ethereum,basket_return,liquidation_shock,17,0.0008098682471057127
fluid_lending_ethereum,basket_return,liquidation_shock,18,0.0008098682476914622
fluid_lending_ethereum,basket_return,liquidation_shock,19,0.0008098682478813585
fluid_lending_ethereum,basket_return,liquidation_shock,20,0.0008098682479385093
fluid_lending_ethereum,basket_return,liquidation_shock,21,0.0008098682479566332
fluid_lending_ethereum,basket_return,liquidation_shock,22,0.0008098682479621734
fluid_lending_ethereum,basket_return,liquidation_shock,23,0.000809868247963911
fluid_lending_ethereum,basket_return,liquidation_shock,24,0.0008098682479644462
fluid_lending_ethereum,basket_return,liquidation_shock,25,0.0008098682479646133
fluid_lending_ethereum,basket_return,liquidation_shock,26,0.000809868247964665
fluid_lending_ethereum,basket_return,liquidation_shock,27,0.000809868247964681
fluid_lending_ethereum,basket_return,liquidation_shock,28,0.0008098682479646859
fluid_lending_ethereum,basket_return,liquidation_shock,29,0.0008098682479646875
fluid_lending_ethereum,basket_return,liquidation_shock,30,0.0008098682479646878
fluid_lending_ethereum,liquidation,return_shock,0,0.0009407870133168313
fluid_lending_ethereum,liquidation,return_shock,1,0.00091701388745358
fluid_lending_ethereum,liquidation,return_shock,2,0.0012558781861428598
fluid_lending_ethereum,liquidation,return_shock,3,0.0012541753528077083
fluid_lending_ethereum,liquidation,return_shock,4,0.0013070237943631636
fluid_lending_ethereum,liquidation,return_shock,5,0.0013080478486894654
fluid_lending_ethereum,liquidation,return_shock,6,0.0013126239851655739
fluid_lending_ethereum,liquidation,return_shock,7,0.0013128958027774534
fluid_lending_ethereum,liquidation,return_shock,8,0.0013132559889482112
fluid_lending_ethereum,liquidation,return_shock,9,0.001313297643630235
fluid_lending_ethereum,liquidation,return_shock,10,0.0013133267101558261
fluid_lending_ethereum,liquidation,return_shock,11,0.0013133318139174884
fluid_lending_ethereum,liquidation,return_shock,12,0.001313334285322211
fluid_lending_ethereum,liquidation,return_shock,13,0.0013133348441453862
fluid_lending_ethereum,liquidation,return_shock,14,0.001313335064325377
fluid_lending_ethereum,liquidation,return_shock,15,0.0013133351219550783
fluid_lending_ethereum,liquidation,return_shock,16,0.00131333514222562
fluid_lending_ethereum,liquidation,return_shock,17,0.0013133351479799305
fluid_lending_ethereum,liquidation,return_shock,18,0.001313335149884443
fluid_lending_ethereum,liquidation,return_shock,19,0.001313335150449148
fluid_lending_ethereum,liquidation,return_shock,20,0.0013133351506301857
fluid_lending_ethereum,liquidation,return_shock,21,0.0013133351506850984
fluid_lending_ethereum,liquidation,return_shock,22,0.001313335150702417
fluid_lending_ethereum,liquidation,return_shock,23,0.0013133351507077313
fluid_lending_ethereum,liquidation,return_shock,24,0.001313335150709394
fluid_lending_ethereum,liquidation,return_shock,25,0.0013133351507099071
fluid_lending_ethereum,liquidation,return_shock,26,0.001313335150710067
fluid_lending_ethereum,liquidation,return_shock,27,0.0013133351507101164
fluid_lending_ethereum,liquidation,return_shock,28,0.0013133351507101318
fluid_lending_ethereum,liquidation,return_shock,29,0.0013133351507101365
fluid_lending_ethereum,liquidation,return_shock,30,0.0013133351507101378
fluid_lending_ethereum,liquidation,liquidation_shock,0,0.9990592129866832
fluid_lending_ethereum,liquidation,liquidation_shock,1,0.9990829861125464
fluid_lending_ethereum,liquidation,liquidation_shock,2,0.9987441218138571
fluid_lending_ethereum,liquidation,liquidation_shock,3,0.9987458246471923
fluid_lending_ethereum,liquidation,liquidation_shock,4,0.9986929762056368
fluid_lending_ethereum,liquidation,liquidation_shock,5,0.9986919521513105
fluid_lending_ethereum,liquidation,liquidation_shock,6,0.9986873760148345
fluid_lending_ethereum,liquidation,liquidation_shock,7,0.9986871041972226
fluid_lending_ethereum,liquidation,liquidation_shock,8,0.9986867440110517
fluid_lending_ethereum,liquidation,liquidation_shock,9,0.9986867023563698
fluid_lending_ethereum,liquidation,liquidation_shock,10,0.9986866732898443
fluid_lending_ethereum,liquidation,liquidation_shock,11,0.9986866681860824
fluid_lending_ethereum,liquidation,liquidation_shock,12,0.9986866657146778
fluid_lending_ethereum,liquidation,liquidation_shock,13,0.9986866651558546
fluid_lending_ethereum,liquidation,liquidation_shock,14,0.9986866649356747
fluid_lending_ethereum,liquidation,liquidation_shock,15,0.9986866648780449
fluid_lending_ethereum,liquidation,liquidation_shock,16,0.9986866648577745
fluid_lending_ethereum,liquidation,liquidation_shock,17,0.9986866648520201
fluid_lending_ethereum,liquidation,liquidation_shock,18,0.9986866648501156
fluid_lending_ethereum,liquidation,liquidation_shock,19,0.9986866648495507
fluid_lending_ethereum,liquidation,liquidation_shock,20,0.9986866648493699
fluid_lending_ethereum,liquidation,liquidation_shock,21,0.998686664849315
fluid_lending_ethereum,liquidation,liquidation_shock,22,0.9986866648492976
fluid_lending_ethereum,liquidation,liquidation_shock,23,0.9986866648492922
fluid_lending_ethereum,liquidation,liquidation_shock,24,0.9986866648492907
fluid_lending_ethereum,liquidation,liquidation_shock,25,0.9986866648492901
fluid_lending_ethereum,liquidation,liquidation_shock,26,0.9986866648492899
fluid_lending_ethereum,liquidation,liquidation_shock,27,0.9986866648492899
fluid_lending_ethereum,liquidation,liquidation_shock,28,0.9986866648492899
fluid_lending_ethereum,liquidation,liquidation_shock,29,0.9986866648492899
fluid_lending_ethereum,liquidation,liquidation_shock,30,0.9986866648492899
keom_lending_polygon,basket_return,return_shock,0,1.0
keom_lending_polygon,basket_return,return_shock,1,0.9951992658748252
keom_lending_polygon,basket_return,return_shock,2,0.9890622269149608
keom_lending_polygon,basket_return,return_shock,3,0.9861783804427536
keom_lending_polygon,basket_return,return_shock,4,0.9826775621552041
keom_lending_polygon,basket_return,return_shock,5,0.9813375244714735
keom_lending_polygon,basket_return,return_shock,6,0.9737998205989377
keom_lending_polygon,basket_return,return_shock,7,0.9688419140387221
keom_lending_polygon,basket_return,return_shock,8,0.9686555353905545
keom_lending_polygon,basket_return,return_shock,9,0.9684954316333394
keom_lending_polygon,basket_return,return_shock,10,0.9683355834756024
keom_lending_polygon,basket_return,return_shock,11,0.9681935678338274
keom_lending_polygon,basket_return,return_shock,12,0.9681980548481828
keom_lending_polygon,basket_return,return_shock,13,0.967560649006641
keom_lending_polygon,basket_return,return_shock,14,0.9672550634615398
keom_lending_polygon,basket_return,return_shock,15,0.9672387601757949
keom_lending_polygon,basket_return,return_shock,16,0.9672386665576734
keom_lending_polygon,basket_return,return_shock,17,0.9672399539173646
keom_lending_polygon,basket_return,return_shock,18,0.9672414473834355
keom_lending_polygon,basket_return,return_shock,19,0.9672409886228586
keom_lending_polygon,basket_return,return_shock,20,0.9672119106445676
keom_lending_polygon,basket_return,return_shock,21,0.9671976669658686
keom_lending_polygon,basket_return,return_shock,22,0.9671964691874583
keom_lending_polygon,basket_return,return_shock,23,0.96719621125917
keom_lending_polygon,basket_return,return_shock,24,0.9671957103934629
keom_lending_polygon,basket_return,return_shock,25,0.9671955119576205
keom_lending_polygon,basket_return,return_shock,26,0.9671954904947495
keom_lending_polygon,basket_return,return_shock,27,0.9671944227802235
keom_lending_polygon,basket_return,return_shock,28,0.9671939566174987
keom_lending_polygon,basket_return,return_shock,29,0.9671939011747074
keom_lending_polygon,basket_return,return_shock,30,0.967193801360295
keom_lending_polygon,basket_return,liquidation_shock,0,0.0
keom_lending_polygon,basket_return,liquidation_shock,1,0.0048007341251748254
keom_lending_polygon,basket_return,liquidation_shock,2,0.010937773085039234
keom_lending_polygon,basket_return,liquidation_shock,3,0.013821619557246395
keom_lending_polygon,basket_return,liquidation_shock,4,0.017322437844795983
keom_lending_polygon,basket_return,liquidation_shock,5,0.018662475528526457
keom_lending_polygon,basket_return,liquidation_shock,6,0.026200179401062344
keom_lending_polygon,basket_return,liquidation_shock,7,0.03115808596127775
keom_lending_polygon,basket_return,liquidation_shock,8,0.031344464609445365
keom_lending_polygon,basket_return,liquidation_shock,9,0.03150456836666069
keom_lending_polygon,basket_return,liquidation_shock,10,0.03166441652439761
keom_lending_polygon,basket_return,liquidation_shock,11,0.03180643216617263
keom_lending_polygon,basket_return,liquidation_shock,12,0.03180194515181714
keom_lending_polygon,basket_return,liquidation_shock,13,0.03243935099335907
keom_lending_polygon,basket_return,liquidation_shock,14,0.032744936538460195
keom_lending_polygon,basket_return,liquidation_shock,15,0.03276123982420508
keom_lending_polygon,basket_return,liquidation_shock,16,0.03276133344232654
keom_lending_polygon,basket_return,liquidation_shock,17,0.032760046082635434
keom_lending_polygon,basket_return,liquidation_shock,18,0.03275855261656455
keom_lending_polygon,basket_return,liquidation_shock,19,0.032759011377141406
keom_lending_polygon,basket_return,liquidation_shock,20,0.03278808935543243
keom_lending_polygon,basket_return,liquidation_shock,21,0.03280233303413133
keom_lending_polygon,basket_return,liquidation_shock,22,0.03280353081254162
keom_lending_polygon,basket_return,liquidation_shock,23,0.03280378874083009
keom_lending_polygon,basket_return,liquidation_shock,24,0.032804289606537244
keom_lending_polygon,basket_return,liquidation_shock,25,0.032804488042379364
keom_lending_polygon,basket_return,liquidation_shock,26,0.032804509505250545
keom_lending_polygon,basket_return,liquidation_shock,27,0.032805577219776554
keom_lending_polygon,basket_return,liquidation_shock,28,0.032806043382501204
keom_lending_polygon,basket_return,liquidation_shock,29,0.03280609882529257
keom_lending_polygon,basket_return,liquidation_shock,30,0.032806198639705
keom_lending_polygon,liquidation,return_shock,0,0.02646155317337947
keom_lending_polygon,liquidation,return_shock,1,0.07216923860560633
keom_lending_polygon,liquidation,return_shock,2,0.07440824182787559
keom_lending_polygon,liquidation,return_shock,3,0.07387528022538833
keom_lending_polygon,liquidation,return_shock,4,0.07478154558517397
keom_lending_polygon,liquidation,return_shock,5,0.07824383124922979
keom_lending_polygon,liquidation,return_shock,6,0.08255224477319627
keom_lending_polygon,liquidation,return_shock,7,0.07957820928365458
keom_lending_polygon,liquidation,return_shock,8,0.0804642164964443
keom_lending_polygon,liquidation,return_shock,9,0.0801624272933211
keom_lending_polygon,liquidation,return_shock,10,0.07969277461371396
keom_lending_polygon,liquidation,return_shock,11,0.07964056111211953
keom_lending_polygon,liquidation,return_shock,12,0.0795892794510107
keom_lending_polygon,liquidation,return_shock,13,0.07954033418266689
keom_lending_polygon,liquidation,return_shock,14,0.07924275781242732
keom_lending_polygon,liquidation,return_shock,15,0.07915104281955654
keom_lending_polygon,liquidation,return_shock,16,0.07904804854823169
keom_lending_polygon,liquidation,return_shock,17,0.07893396838085832
keom_lending_polygon,liquidation,return_shock,18,0.07888422205195783
keom_lending_polygon,liquidation,return_shock,19,0.07884271400842834
keom_lending_polygon,liquidation,return_shock,20,0.07879691223864466
keom_lending_polygon,liquidation,return_shock,21,0.0787517529446438
keom_lending_polygon,liquidation,return_shock,22,0.07872474156315627
keom_lending_polygon,liquidation,return_shock,23,0.0787004502974238
keom_lending_polygon,liquidation,return_shock,24,0.07867776583977272
keom_lending_polygon,liquidation,return_shock,25,0.07866422734439264
keom_lending_polygon,liquidation,return_shock,26,0.07865270873282657
keom_lending_polygon,liquidation,return_shock,27,0.07864183531561612
keom_lending_polygon,liquidation,return_shock,28,0.07863323739639859
keom_lending_polygon,liquidation,return_shock,29,0.07862694496877312
keom_lending_polygon,liquidation,return_shock,30,0.07862153038593786
keom_lending_polygon,liquidation,liquidation_shock,0,0.9735384468266205
keom_lending_polygon,liquidation,liquidation_shock,1,0.9278307613943937
keom_lending_polygon,liquidation,liquidation_shock,2,0.9255917581721244
keom_lending_polygon,liquidation,liquidation_shock,3,0.9261247197746116
keom_lending_polygon,liquidation,liquidation_shock,4,0.925218454414826
keom_lending_polygon,liquidation,liquidation_shock,5,0.9217561687507703
keom_lending_polygon,liquidation,liquidation_shock,6,0.9174477552268037
keom_lending_polygon,liquidation,liquidation_shock,7,0.9204217907163454
keom_lending_polygon,liquidation,liquidation_shock,8,0.9195357835035558
keom_lending_polygon,liquidation,liquidation_shock,9,0.919837572706679
keom_lending_polygon,liquidation,liquidation_shock,10,0.920307225386286
keom_lending_polygon,liquidation,liquidation_shock,11,0.9203594388878804
keom_lending_polygon,liquidation,liquidation_shock,12,0.9204107205489892
keom_lending_polygon,liquidation,liquidation_shock,13,0.9204596658173332
keom_lending_polygon,liquidation,liquidation_shock,14,0.9207572421875726
keom_lending_polygon,liquidation,liquidation_shock,15,0.9208489571804435
keom_lending_polygon,liquidation,liquidation_shock,16,0.9209519514517682
keom_lending_polygon,liquidation,liquidation_shock,17,0.9210660316191417
keom_lending_polygon,liquidation,liquidation_shock,18,0.9211157779480421
keom_lending_polygon,liquidation,liquidation_shock,19,0.9211572859915717
keom_lending_polygon,liquidation,liquidation_shock,20,0.9212030877613554
keom_lending_polygon,liquidation,liquidation_shock,21,0.9212482470553562
keom_lending_polygon,liquidation,liquidation_shock,22,0.9212752584368437
keom_lending_polygon,liquidation,liquidation_shock,23,0.9212995497025762
keom_lending_polygon,liquidation,liquidation_shock,24,0.9213222341602273
keom_lending_polygon,liquidation,liquidation_shock,25,0.9213357726556074
keom_lending_polygon,liquidation,liquidation_shock,26,0.9213472912671735
keom_lending_polygon,liquidation,liquidation_shock,27,0.9213581646843838
keom_lending_polygon,liquidation,liquidation_shock,28,0.9213667626036015
keom_lending_polygon,liquidation,liquidation_shock,29,0.9213730550312269
keom_lending_polygon,liquidation,liquidation_shock,30,0.9213784696140621
layerbank_lending_scroll,basket_return,return_shock,0,1.0
layerbank_lending_scroll,basket_return,return_shock,1,0.999146600294059
layerbank_lending_scroll,basket_return,return_shock,2,0.9979097589438933
layerbank_lending_scroll,basket_return,return_shock,3,0.9978946668329058
layerbank_lending_scroll,basket_return,return_shock,4,0.9950312648710417
layerbank_lending_scroll,basket_return,return_shock,5,0.9926201545426432
layerbank_lending_scroll,basket_return,return_shock,6,0.9915540626816022
layerbank_lending_scroll,basket_return,return_shock,7,0.991437353622946
layerbank_lending_scroll,basket_return,return_shock,8,0.9883461236372726
layerbank_lending_scroll,basket_return,return_shock,9,0.9857348391156332
layerbank_lending_scroll,basket_return,return_shock,10,0.9854634675979927
layerbank_lending_scroll,basket_return,return_shock,11,0.985419365423773
layerbank_lending_scroll,basket_return,return_shock,12,0.9854207808426108
layerbank_lending_scroll,basket_return,return_shock,13,0.9852698934494198
layerbank_lending_scroll,basket_return,return_shock,14,0.9850651341975131
layerbank_lending_scroll,basket_return,return_shock,15,0.9850498925386578
layerbank_lending_scroll,basket_return,return_shock,16,0.9850288595408337
layerbank_lending_scroll,basket_return,return_shock,17,0.9848491326507598
layerbank_lending_scroll,basket_return,return_shock,18,0.9845454248541555
layerbank_lending_scroll,basket_return,return_shock,19,0.9843864073119176
layerbank_lending_scroll,basket_return,return_shock,20,0.9843548084281476
layerbank_lending_scroll,basket_return,return_shock,21,0.9843408875076094
layerbank_lending_scroll,basket_return,return_shock,22,0.9843380889028341
layerbank_lending_scroll,basket_return,return_shock,23,0.9843376810714013
layerbank_lending_scroll,basket_return,return_shock,24,0.9843377366066022
layerbank_lending_scroll,basket_return,return_shock,25,0.9843306054268675
layerbank_lending_scroll,basket_return,return_shock,26,0.9843112016311512
layerbank_lending_scroll,basket_return,return_shock,27,0.9842783151542439
layerbank_lending_scroll,basket_return,return_shock,28,0.9842419856704356
layerbank_lending_scroll,basket_return,return_shock,29,0.9842176639680487
layerbank_lending_scroll,basket_return,return_shock,30,0.9842042274233918
layerbank_lending_scroll,basket_return,liquidation_shock,0,0.0
layerbank_lending_scroll,basket_return,liquidation_shock,1,0.0008533997059409305
layerbank_lending_scroll,basket_return,liquidation_shock,2,0.0020902410561066775
layerbank_lending_scroll,basket_return,liquidation_shock,3,0.0021053331670942343
layerbank_lending_scroll,basket_return,liquidation_shock,4,0.004968735128958299
layerbank_lending_scroll,basket_return,liquidation_shock,5,0.007379845457356841
layerbank_lending_scroll,basket_return,liquidation_shock,6,0.008445937318397786
layerbank_lending_scroll,basket_return,liquidation_shock,7,0.008562646377053949
layerbank_lending_scroll,basket_return,liquidation_shock,8,0.011653876362727448
layerbank_lending_scroll,basket_return,liquidation_shock,9,0.014265160884366737
layerbank_lending_scroll,basket_return,liquidation_shock,10,0.014536532402007302
layerbank_lending_scroll,basket_return,liquidation_shock,11,0.014580634576227129
layerbank_lending_scroll,basket_return,liquidation_shock,12,0.014579219157389198
layerbank_lending_scroll,basket_return,liquidation_shock,13,0.01473010655058011
layerbank_lending_scroll,basket_return,liquidation_shock,14,0.014934865802486881
layerbank_lending_scroll,basket_return,liquidation_shock,15,0.01495010746134217
layerbank_lending_scroll,basket_return,liquidation_shock,16,0.014971140459166222
layerbank_lending_scroll,basket_return,liquidation_shock,17,0.01515086734924014
layerbank_lending_scroll,basket_return,liquidation_shock,18,0.015454575145844477
layerbank_lending_scroll,basket_return,liquidation_shock,19,0.015613592688082463
layerbank_lending_scroll,basket_return,liquidation_shock,20,0.015645191571852395
layerbank_lending_scroll,basket_return,liquidation_shock,21,0.015659112492390596
layerbank_lending_scroll,basket_return,liquidation_shock,22,0.01566191109716587
layerbank_lending_scroll,basket_return,liquidation_shock,23,0.015662318928598797
layerbank_lending_scroll,basket_return,liquidation_shock,24,0.01566226339339785
layerbank_lending_scroll,basket_return,liquidation_shock,25,0.015669394573132572
layerbank_lending_scroll,basket_return,liquidation_shock,26,0.015688798368848865
layerbank_lending_scroll,basket_return,liquidation_shock,27,0.015721684845756083
layerbank_lending_scroll,basket_return,liquidation_shock,28,0.01575801432956438
layerbank_lending_scroll,basket_return,liquidation_shock,29,0.015782336031951345
layerbank_lending_scroll,basket_return,liquidation_shock,30,0.015795772576608323
layerbank_lending_scroll,liquidation,return_shock,0,0.038123194306927566
layerbank_lending_scroll,liquidation,return_shock,1,0.056280763340245926
layerbank_lending_scroll,liquidation,return_shock,2,0.05487921074438791
layerbank_lending_scroll,liquidation,return_shock,3,0.05450484589693926
layerbank_lending_scroll,liquidation,return_shock,4,0.05479582369368502
layerbank_lending_scroll,liquidation,return_shock,5,0.05486141811863121
layerbank_lending_scroll,liquidation,return_shock,6,0.05488722727715062
layerbank_lending_scroll,liquidation,return_shock,7,0.05586104265338272
layerbank_lending_scroll,liquidation,return_shock,8,0.055201594582817336
layerbank_lending_scroll,liquidation,return_shock,9,0.055862634264769326
layerbank_lending_scroll,liquidation,return_shock,10,0.0548379820423748
layerbank_lending_scroll,liquidation,return_shock,11,0.054350102819710776
layerbank_lending_scroll,liquidation,return_shock,12,0.053804670045066144
layerbank_lending_scroll,liquidation,return_shock,13,0.053434764517247484
layerbank_lending_scroll,liquidation,return_shock,14,0.053124587175835784
layerbank_lending_scroll,liquidation,return_shock,15,0.05292863896299514
layerbank_lending_scroll,liquidation,return_shock,16,0.052723618233134734
layerbank_lending_scroll,liquidation,return_shock,17,0.052878369402935825
layerbank_lending_scroll,liquidation,return_shock,18,0.052789422347323846
layerbank_lending_scroll,liquidation,return_shock,19,0.05279060393384811
layerbank_lending_scroll,liquidation,return_shock,20,0.052561197278029555
layerbank_lending_scroll,liquidation,return_shock,21,0.05234836635505243
layerbank_lending_scroll,liquidation,return_shock,22,0.05212212119825457
layerbank_lending_scroll,liquidation,return_shock,23,0.05194822334725311
layerbank_lending_scroll,liquidation,return_shock,24,0.05181030761513893
layerbank_lending_scroll,liquidation,return_shock,25,0.05170650422528976
layerbank_lending_scroll,liquidation,return_shock,26,0.05163417293832684
layerbank_lending_scroll,liquidation,return_shock,27,0.051579045731509246
layerbank_lending_scroll,liquidation,return_shock,28,0.05150689942553808
layerbank_lending_scroll,liquidation,return_shock,29,0.05143354083793812
layerbank_lending_scroll,liquidation,return_shock,30,0.05134231477132165
layerbank_lending_scroll,liquidation,liquidation_shock,0,0.9618768056930724
layerbank_lending_scroll,liquidation,liquidation_shock,1,0.9437192366597541
layerbank_lending_scroll,liquidation,liquidation_shock,2,0.945120789255612
layerbank_lending_scroll,liquidation,liquidation_shock,3,0.9454951541030607
layerbank_lending_scroll,liquidation,liquidation_shock,4,0.9452041763063149
layerbank_lending_scroll,liquidation,liquidation_shock,5,0.9451385818813688
layerbank_lending_scroll,liquidation,liquidation_shock,6,0.9451127727228494
layerbank_lending_scroll,liquidation,liquidation_shock,7,0.9441389573466172
layerbank_lending_scroll,liquidation,liquidation_shock,8,0.9447984054171827
layerbank_lending_scroll,liquidation,liquidation_shock,9,0.9441373657352307
layerbank_lending_scroll,liquidation,liquidation_shock,10,0.9451620179576251
layerbank_lending_scroll,liquidation,liquidation_shock,11,0.9456498971802892
layerbank_lending_scroll,liquidation,liquidation_shock,12,0.9461953299549338
layerbank_lending_scroll,liquidation,liquidation_shock,13,0.9465652354827525
layerbank_lending_scroll,liquidation,liquidation_shock,14,0.9468754128241642
layerbank_lending_scroll,liquidation,liquidation_shock,15,0.9470713610370048
layerbank_lending_scroll,liquidation,liquidation_shock,16,0.9472763817668652
layerbank_lending_scroll,liquidation,liquidation_shock,17,0.9471216305970642
layerbank_lending_scroll,liquidation,liquidation_shock,18,0.9472105776526762
layerbank_lending_scroll,liquidation,liquidation_shock,19,0.9472093960661518
layerbank_lending_scroll,liquidation,liquidation_shock,20,0.9474388027219705
layerbank_lending_scroll,liquidation,liquidation_shock,21,0.9476516336449475
layerbank_lending_scroll,liquidation,liquidation_shock,22,0.9478778788017455
layerbank_lending_scroll,liquidation,liquidation_shock,23,0.9480517766527469
layerbank_lending_scroll,liquidation,liquidation_shock,24,0.9481896923848611
layerbank_lending_scroll,liquidation,liquidation_shock,25,0.9482934957747102
layerbank_lending_scroll,liquidation,liquidation_shock,26,0.9483658270616732
layerbank_lending_scroll,liquidation,liquidation_shock,27,0.9484209542684907
layerbank_lending_scroll,liquidation,liquidation_shock,28,0.9484931005744619
layerbank_lending_scroll,liquidation,liquidation_shock,29,0.9485664591620618
layerbank_lending_scroll,liquidation,liquidation_shock,30,0.9486576852286784
lodestar_lending_arbitrum,basket_return,return_shock,0,1.0
lodestar_lending_arbitrum,basket_return,return_shock,1,0.9994128700580143
lodestar_lending_arbitrum,basket_return,return_shock,2,0.9961671741651353
lodestar_lending_arbitrum,basket_return,return_shock,3,0.9923746369650002
lodestar_lending_arbitrum,basket_return,return_shock,4,0.992369463239359
lodestar_lending_arbitrum,basket_return,return_shock,5,0.9923698376582688
lodestar_lending_arbitrum,basket_return,return_shock,6,0.9923626270817473
lodestar_lending_arbitrum,basket_return,return_shock,7,0.9923600556861535
lodestar_lending_arbitrum,basket_return,return_shock,8,0.9923589853828203
lodestar_lending_arbitrum,basket_return,return_shock,9,0.9923572593511273
lodestar_lending_arbitrum,basket_return,return_shock,10,0.9923571824025191
lodestar_lending_arbitrum,basket_return,return_shock,11,0.9923571766675742
lodestar_lending_arbitrum,basket_return,return_shock,12,0.9923571603046112
lodestar_lending_arbitrum,basket_return,return_shock,13,0.9923571504980389
lodestar_lending_arbitrum,basket_return,return_shock,14,0.9923571505216471
lodestar_lending_arbitrum,basket_return,return_shock,15,0.9923571490354284
lodestar_lending_arbitrum,basket_return,return_shock,16,0.992357148726936
lodestar_lending_arbitrum,basket_return,return_shock,17,0.9923571486773092
lodestar_lending_arbitrum,basket_return,return_shock,18,0.992357148641363
lodestar_lending_arbitrum,basket_return,return_shock,19,0.992357148618394
lodestar_lending_arbitrum,basket_return,return_shock,20,0.9923571486163356
lodestar_lending_arbitrum,basket_return,return_shock,21,0.992357148613861
lodestar_lending_arbitrum,basket_return,return_shock,22,0.9923571486129459
lodestar_lending_arbitrum,basket_return,return_shock,23,0.9923571486127147
lodestar_lending_arbitrum,basket_return,return_shock,24,0.9923571486126135
lodestar_lending_arbitrum,basket_return,return_shock,25,0.9923571486125583
lodestar_lending_arbitrum,basket_return,return_shock,26,0.992357148612546
lodestar_lending_arbitrum,basket_return,return_shock,27,0.9923571486125397
lodestar_lending_arbitrum,basket_return,return_shock,28,0.9923571486125371
lodestar_lending_arbitrum,basket_return,return_shock,29,0.9923571486125363
lodestar_lending_arbitrum,basket_return,return_shock,30,0.992357148612536
lodestar_lending_arbitrum,basket_return,liquidation_shock,0,0.0
lodestar_lending_arbitrum,basket_return,liquidation_shock,1,0.0005871299419857759
lodestar_lending_arbitrum,basket_return,liquidation_shock,2,0.003832825834864627
lodestar_lending_arbitrum,basket_return,liquidation_shock,3,0.007625363034999778
lodestar_lending_arbitrum,basket_return,liquidation_shock,4,0.007630536760640985
lodestar_lending_arbitrum,basket_return,liquidation_shock,5,0.0076301623417311315
lodestar_lending_arbitrum,basket_return,liquidation_shock,6,0.007637372918252666
lodestar_lending_arbitrum,basket_return,liquidation_shock,7,0.007639944313846525
lodestar_lending_arbitrum,basket_return,liquidation_shock,8,0.007641014617179654
lodestar_lending_arbitrum,basket_return,liquidation_shock,9,0.0076427406488727275
lodestar_lending_arbitrum,basket_return,liquidation_shock,10,0.007642817597480951
lodestar_lending_arbitrum,basket_return,liquidation_shock,11,0.007642823332425846
lodestar_lending_arbitrum,basket_return,liquidation_shock,12,0.007642839695388822
lodestar_lending_arbitrum,basket_return,liquidation_shock,13,0.007642849501961156
lodestar_lending_arbitrum,basket_return,liquidation_shock,14,0.007642849478352992
lodestar_lending_arbitrum,basket_return,liquidation_shock,15,0.007642850964571628
lodestar_lending_arbitrum,basket_return,liquidation_shock,16,0.007642851273063973
lodestar_lending_arbitrum,basket_return,liquidation_shock,17,0.007642851322690764
lodestar_lending_arbitrum,basket_return,liquidation_shock,18,0.007642851358636933
lodestar_lending_arbitrum,basket_return,liquidation_shock,19,0.007642851381606008
lodestar_lending_arbitrum,basket_return,liquidation_shock,20,0.007642851383664401
lodestar_lending_arbitrum,basket_return,liquidation_shock,21,0.0076428513861389255
lodestar_lending_arbitrum,basket_return,liquidation_shock,22,0.00764285138705408
lodestar_lending_arbitrum,basket_return,liquidation_shock,23,0.0076428513872852
lodestar_lending_arbitrum,basket_return,liquidation_shock,24,0.007642851387386507
lodestar_lending_arbitrum,basket_return,liquidation_shock,25,0.007642851387441793
lodestar_lending_arbitrum,basket_return,liquidation_shock,26,0.007642851387454061
lodestar_lending_arbitrum,basket_return,liquidation_shock,27,0.007642851387460322
lodestar_lending_arbitrum,basket_return,liquidation_shock,28,0.007642851387462928
lodestar_lending_arbitrum,basket_return,liquidation_shock,29,0.007642851387463767
lodestar_lending_arbitrum,basket_return,liquidation_shock,30,0.007642851387464084
lodestar_lending_arbitrum,liquidation,return_shock,0,0.02256638678608484
lodestar_lending_arbitrum,liquidation,return_shock,1,0.040734340078950215
lodestar_lending_arbitrum,liquidation,return_shock,2,0.046567597318734194
lodestar_lending_arbitrum,liquidation,return_shock,3,0.05723889165952178
lodestar_lending_arbitrum,liquidation,return_shock,4,0.0579079597758218
lodestar_lending_arbitrum,liquidation,return_shock,5,0.058157877472594634
lodestar_lending_arbitrum,liquidation,return_shock,6,0.05827487006465885
lodestar_lending_arbitrum,liquidation,return_shock,7,0.05833301882815473
lodestar_lending_arbitrum,liquidation,return_shock,8,0.05834737601226301
lodestar_lending_arbitrum,liquidation,return_shock,9,0.05836062612498519
lodestar_lending_arbitrum,liquidation,return_shock,10,0.05836355312039762
lodestar_lending_arbitrum,liquidation,return_shock,11,0.05836460727473488
lodestar_lending_arbitrum,liquidation,return_shock,12,0.058365062342932275
lodestar_lending_arbitrum,liquidation,return_shock,13,0.058365249651373415
lodestar_lending_arbitrum,liquidation,return_shock,14,0.05836530440158194
lodestar_lending_arbitrum,liquidation,return_shock,15,0.05836533387606851
lodestar_lending_arbitrum,liquidation,return_shock,16,0.05836534362506775
lodestar_lending_arbitrum,liquidation,return_shock,17,0.05836534715385596
lodestar_lending_arbitrum,liquidation,return_shock,18,0.05836534857193105
lodestar_lending_arbitrum,liquidation,return_shock,19,0.05836534914178075
lodestar_lending_arbitrum,liquidation,return_shock,20,0.05836534933311174
lodestar_lending_arbitrum,liquidation,return_shock,21,0.05836534941531251
lodestar_lending_arbitrum,liquidation,return_shock,22,0.05836534944588528
lodestar_lending_arbitrum,liquidation,return_shock,23,0.05836534945718942
lodestar_lending_arbitrum,liquidation,return_shock,24,0.05836534946157142
lodestar_lending_arbitrum,liquidation,return_shock,25,0.05836534946330066
lodestar_lending_arbitrum,liquidation,return_shock,26,0.058365349463925645
lodestar_lending_arbitrum,liquidation,return_shock,27,0.058365349464173176
lodestar_lending_arbitrum,liquidation,return_shock,28,0.058365349464267816
lodestar_lending_arbitrum,liquidation,return_shock,29,0.05836534946430341
lodestar_lending_arbitrum,liquidation,return_shock,30,0.05836534946431703
lodestar_lending_arbitrum,liquidation,liquidation_shock,0,0.9774336132139151
lodestar_lending_arbitrum,liquidation,liquidation_shock,1,0.9592656599210497
lodestar_lending_arbitrum,liquidation,liquidation_shock,2,0.9534324026812658
lodestar_lending_arbitrum,liquidation,liquidation_shock,3,0.9427611083404782
lodestar_lending_arbitrum,liquidation,liquidation_shock,4,0.9420920402241783
lodestar_lending_arbitrum,liquidation,liquidation_shock,5,0.9418421225274054
lodestar_lending_arbitrum,liquidation,liquidation_shock,6,0.9417251299353411
lodestar_lending_arbitrum,liquidation,liquidation_shock,7,0.9416669811718452
lodestar_lending_arbitrum,liquidation,liquidation_shock,8,0.941652623987737
lodestar_lending_arbitrum,liquidation,liquidation_shock,9,0.9416393738750148
lodestar_lending_arbitrum,liquidation,liquidation_shock,10,0.9416364468796025
lodestar_lending_arbitrum,liquidation,liquidation_shock,11,0.9416353927252652
lodestar_lending_arbitrum,liquidation,liquidation_shock,12,0.9416349376570678
lodestar_lending_arbitrum,liquidation,liquidation_shock,13,0.9416347503486265
lodestar_lending_arbitrum,liquidation,liquidation_shock,14,0.9416346955984181
lodestar_lending_arbitrum,liquidation,liquidation_shock,15,0.9416346661239315
lodestar_lending_arbitrum,liquidation,liquidation_shock,16,0.9416346563749324
lodestar_lending_arbitrum,liquidation,liquidation_shock,17,0.9416346528461441
lodestar_lending_arbitrum,liquidation,liquidation_shock,18,0.941634651428069
lodestar_lending_arbitrum,liquidation,liquidation_shock,19,0.9416346508582193
lodestar_lending_arbitrum,liquidation,liquidation_shock,20,0.9416346506668882
lodestar_lending_arbitrum,liquidation,liquidation_shock,21,0.9416346505846874
lodestar_lending_arbitrum,liquidation,liquidation_shock,22,0.9416346505541147
lodestar_lending_arbitrum,liquidation,liquidation_shock,23,0.9416346505428106
lodestar_lending_arbitrum,liquidation,liquidation_shock,24,0.9416346505384287
lodestar_lending_arbitrum,liquidation,liquidation_shock,25,0.9416346505366993
lodestar_lending_arbitrum,liquidation,liquidation_shock,26,0.9416346505360744
lodestar_lending_arbitrum,liquidation,liquidation_shock,27,0.9416346505358268
lodestar_lending_arbitrum,liquidation,liquidation_shock,28,0.9416346505357321
lodestar_lending_arbitrum,liquidation,liquidation_shock,29,0.9416346505356965
lodestar_lending_arbitrum,liquidation,liquidation_shock,30,0.941634650535683
mendi_lending_linea,basket_return,return_shock,0,1.0
mendi_lending_linea,basket_return,return_shock,1,0.9999677460113702
mendi_lending_linea,basket_return,return_shock,2,0.9971384316375934
mendi_lending_linea,basket_return,return_shock,3,0.9970019821631056
mendi_lending_linea,basket_return,return_shock,4,0.9968694492402129
mendi_lending_linea,basket_return,return_shock,5,0.996856620256561
mendi_lending_linea,basket_return,return_shock,6,0.9968507977307529
mendi_lending_linea,basket_return,return_shock,7,0.9968499721092128
mendi_lending_linea,basket_return,return_shock,8,0.9968497016542345
mendi_lending_linea,basket_return,return_shock,9,0.9968496541827091
mendi_lending_linea,basket_return,return_shock,10,0.996849641030801
mendi_lending_linea,basket_return,return_shock,11,0.996849638433538
mendi_lending_linea,basket_return,return_shock,12,0.9968496377756544
mendi_lending_linea,basket_return,return_shock,13,0.9968496376370524
mendi_lending_linea,basket_return,return_shock,14,0.9968496376036065
mendi_lending_linea,basket_return,return_shock,15,0.9968496375963062
mendi_lending_linea,basket_return,return_shock,16,0.9968496375945904
mendi_lending_linea,basket_return,return_shock,17,0.9968496375942086
mendi_lending_linea,basket_return,return_shock,18,0.9968496375941202
mendi_lending_linea,basket_return,return_shock,19,0.9968496375941002
mendi_lending_linea,basket_return,return_shock,20,0.9968496375940956
mendi_lending_linea,basket_return,return_shock,21,0.9968496375940945
mendi_lending_linea,basket_return,return_shock,22,0.9968496375940943
mendi_lending_linea,basket_return,return_shock,23,0.9968496375940943
mendi_lending_linea,basket_return,return_shock,24,0.9968496375940943
mendi_lending_linea,basket_return,return_shock,25,0.9968496375940943
mendi_lending_linea,basket_return,return_shock,26,0.9968496375940943
mendi_lending_linea,basket_return,return_shock,27,0.9968496375940943
mendi_lending_linea,basket_return,return_shock,28,0.9968496375940943
mendi_lending_linea,basket_return,return_shock,29,0.9968496375940943
mendi_lending_linea,basket_return,return_shock,30,0.9968496375940943
mendi_lending_linea,basket_return,liquidation_shock,0,0.0
mendi_lending_linea,basket_return,liquidation_shock,1,3.2253988629804735e-05
mendi_lending_linea,basket_return,liquidation_shock,2,0.0028615683624065294
mendi_lending_linea,basket_return,liquidation_shock,3,0.0029980178368943892
mendi_lending_linea,basket_return,liquidation_shock,4,0.003130550759787079
mendi_lending_linea,basket_return,liquidation_shock,5,0.003143379743439016
mendi_lending_linea,basket_return,liquidation_shock,6,0.0031492022692470698
mendi_lending_linea,basket_return,liquidation_shock,7,0.0031500278907872414
mendi_lending_linea,basket_return,liquidation_shock,8,0.003150298345765569
mendi_lending_linea,basket_return,liquidation_shock,9,0.003150345817290878
mendi_lending_linea,basket_return,liquidation_shock,10,0.003150358969199035
mendi_lending_linea,basket_return,liquidation_shock,11,0.0031503615664619806
mendi_lending_linea,basket_return,liquidation_shock,12,0.0031503622243455737
mendi_lending_linea,basket_return,liquidation_shock,13,0.003150362362947662
mendi_lending_linea,basket_return,liquidation_shock,14,0.0031503623963936326
mendi_lending_linea,basket_return,liquidation_shock,15,0.0031503624036938226
mendi_lending_linea,basket_return,liquidation_shock,16,0.0031503624054096293
mendi_lending_linea,basket_return,liquidation_shock,17,0.003150362405791445
mendi_lending_linea,basket_return,liquidation_shock,18,0.003150362405879908
mendi_lending_linea,basket_return,liquidation_shock,19,0.003150362405899802
mendi_lending_linea,basket_return,liquidation_shock,20,0.0031503624059043755
mendi_lending_linea,basket_return,liquidation_shock,21,0.00315036240590541
mendi_lending_linea,basket_return,liquidation_shock,22,0.0031503624059056466
mendi_lending_linea,basket_return,liquidation_shock,23,0.003150362405905701
mendi_lending_linea,basket_return,liquidation_shock,24,0.003150362405905713
mendi_lending_linea,basket_return,liquidation_shock,25,0.0031503624059057156
mendi_lending_linea,basket_return,liquidation_shock,26,0.003150362405905716
mendi_lending_linea,basket_return,liquidation_shock,27,0.003150362405905716
mendi_lending_linea,basket_return,liquidation_shock,28,0.003150362405905716
mendi_lending_linea,basket_return,liquidation_shock,29,0.003150362405905716
mendi_lending_linea,basket_return,liquidation_shock,30,0.003150362405905716
mendi_lending_linea,liquidation,return_shock,0,0.013355730200590905
mendi_lending_linea,liquidation,return_shock,1,0.03139826791709623
mendi_lending_linea,liquidation,return_shock,2,0.03089847427871811
mendi_lending_linea,liquidation,return_shock,3,0.031013487741527464
mendi_lending_linea,liquidation,return_shock,4,0.03098059804245134
mendi_lending_linea,liquidation,return_shock,5,0.030978515995117806
mendi_lending_linea,liquidation,return_shock,6,0.030976705104565818
mendi_lending_linea,liquidation,return_shock,7,0.030976458003825345
mendi_lending_linea,liquidation,return_shock,8,0.03097636700103602
mendi_lending_linea,liquidation,return_shock,9,0.03097635123490362
mendi_lending_linea,liquidation,return_shock,10,0.0309763467026637
mendi_lending_linea,liquidation,return_shock,11,0.030976345815352756
mendi_lending_linea,liquidation,return_shock,12,0.030976345587243718
mendi_lending_linea,liquidation,return_shock,13,0.030976345539461672
mendi_lending_linea,liquidation,return_shock,14,0.03097634552785259
mendi_lending_linea,liquidation,return_shock,15,0.030976345525327634
mendi_lending_linea,liquidation,return_shock,16,0.03097634552473217
mendi_lending_linea,liquidation,return_shock,17,0.030976345524599935
mendi_lending_linea,liquidation,return_shock,18,0.030976345524569245
mendi_lending_linea,liquidation,return_shock,19,0.03097634552456235
mendi_lending_linea,liquidation,return_shock,20,0.030976345524560765
mendi_lending_linea,liquidation,return_shock,21,0.030976345524560404
mendi_lending_linea,liquidation,return_shock,22,0.03097634552456032
mendi_lending_linea,liquidation,return_shock,23,0.030976345524560304
mendi_lending_linea,liquidation,return_shock,24,0.0309763455245603
mendi_lending_linea,liquidation,return_shock,25,0.0309763455245603
mendi_lending_linea,liquidation,return_shock,26,0.0309763455245603
mendi_lending_linea,liquidation,return_shock,27,0.0309763455245603
mendi_lending_linea,liquidation,return_shock,28,0.0309763455245603
mendi_lending_linea,liquidation,return_shock,29,0.0309763455245603
mendi_lending_linea,liquidation,return_shock,30,0.0309763455245603
mendi_lending_linea,liquidation,liquidation_shock,0,0.9866442697994091
mendi_lending_linea,liquidation,liquidation_shock,1,0.9686017320829038
mendi_lending_linea,liquidation,liquidation_shock,2,0.9691015257212819
mendi_lending_linea,liquidation,liquidation_shock,3,0.9689865122584725
mendi_lending_linea,liquidation,liquidation_shock,4,0.9690194019575487
mendi_lending_linea,liquidation,liquidation_shock,5,0.9690214840048822
mendi_lending_linea,liquidation,liquidation_shock,6,0.9690232948954343
mendi_lending_linea,liquidation,liquidation_shock,7,0.9690235419961747
mendi_lending_linea,liquidation,liquidation_shock,8,0.969023632998964
mendi_lending_linea,liquidation,liquidation_shock,9,0.9690236487650963
mendi_lending_linea,liquidation,liquidation_shock,10,0.9690236532973363
mendi_lending_linea,liquidation,liquidation_shock,11,0.9690236541846473
mendi_lending_linea,liquidation,liquidation_shock,12,0.9690236544127563
mendi_lending_linea,liquidation,liquidation_shock,13,0.9690236544605384
mendi_lending_linea,liquidation,liquidation_shock,14,0.9690236544721474
mendi_lending_linea,liquidation,liquidation_shock,15,0.9690236544746724
mendi_lending_linea,liquidation,liquidation_shock,16,0.9690236544752678
mendi_lending_linea,liquidation,liquidation_shock,17,0.9690236544754001
mendi_lending_linea,liquidation,liquidation_shock,18,0.9690236544754307
mendi_lending_linea,liquidation,liquidation_shock,19,0.9690236544754376
mendi_lending_linea,liquidation,liquidation_shock,20,0.9690236544754393
mendi_lending_linea,liquidation,liquidation_shock,21,0.9690236544754396
mendi_lending_linea,liquidation,liquidation_shock,22,0.9690236544754397
mendi_lending_linea,liquidation,liquidation_shock,23,0.9690236544754397
mendi_lending_linea,liquidation,liquidation_shock,24,0.9690236544754397
mendi_lending_linea,liquidation,liquidation_shock,25,0.9690236544754397
mendi_lending_linea,liquidation,liquidation_shock,26,0.9690236544754397
mendi_lending_linea,liquidation,liquidation_shock,27,0.9690236544754397
mendi_lending_linea,liquidation,liquidation_shock,28,0.9690236544754397
mendi_lending_linea,liquidation,liquidation_shock,29,0.9690236544754397
mendi_lending_linea,liquidation,liquidation_shock,30,0.9690236544754397
moonwell_lending_base,basket_return,return_shock,0,1.0
moonwell_lending_base,basket_return,return_shock,1,0.9999976224270328
moonwell_lending_base,basket_return,return_shock,2,0.9999975327382269
moonwell_lending_base,basket_return,return_shock,3,0.9999975216441724
moonwell_lending_base,basket_return,return_shock,4,0.9999975207660547
moonwell_lending_base,basket_return,return_shock,5,0.9999975206854952
moonwell_lending_base,basket_return,return_shock,6,0.9999975206784768
moonwell_lending_base,basket_return,return_shock,7,0.9999975206778543
moonwell_lending_base,basket_return,return_shock,8,0.9999975206777995
moonwell_lending_base,basket_return,return_shock,9,0.9999975206777946
moonwell_lending_base,basket_return,return_shock,10,0.9999975206777942
moonwell_lending_base,basket_return,return_shock,11,0.9999975206777941
moonwell_lending_base,basket_return,return_shock,12,0.9999975206777941
moonwell_lending_base,basket_return,return_shock,13,0.9999975206777941
moonwell_lending_base,basket_return,return_shock,14,0.9999975206777941
moonwell_lending_base,basket_return,return_shock,15,0.9999975206777941
moonwell_lending_base,basket_return,return_shock,16,0.9999975206777941
moonwell_lending_base,basket_return,return_shock,17,0.9999975206777941
moonwell_lending_base,basket_return,return_shock,18,0.9999975206777941
moonwell_lending_base,basket_return,return_shock,19,0.9999975206777941
moonwell_lending_base,basket_return,return_shock,20,0.9999975206777941
moonwell_lending_base,basket_return,return_shock,21,0.9999975206777941
moonwell_lending_base,basket_return,return_shock,22,0.9999975206777941
moonwell_lending_base,basket_return,return_shock,23,0.9999975206777941
moonwell_lending_base,basket_return,return_shock,24,0.9999975206777941
moonwell_lending_base,basket_return,return_shock,25,0.9999975206777941
moonwell_lending_base,basket_return,return_shock,26,0.9999975206777941
moonwell_lending_base,basket_return,return_shock,27,0.9999975206777941
moonwell_lending_base,basket_return,return_shock,28,0.9999975206777941
moonwell_lending_base,basket_return,return_shock,29,0.9999975206777941
moonwell_lending_base,basket_return,return_shock,30,0.9999975206777941
moonwell_lending_base,basket_return,liquidation_shock,0,0.0
moonwell_lending_base,basket_return,liquidation_shock,1,2.377572967245395e-06
moonwell_lending_base,basket_return,liquidation_shock,2,2.4672617730969393e-06
moonwell_lending_base,basket_return,liquidation_shock,3,2.478355827525231e-06
moonwell_lending_base,basket_return,liquidation_shock,4,2.4792339452401183e-06
moonwell_lending_base,basket_return,liquidation_shock,5,2.479314504736043e-06
moonwell_lending_base,basket_return,liquidation_shock,6,2.479321523267411e-06
moonwell_lending_base,basket_return,liquidation_shock,7,2.4793221456900637e-06
moonwell_lending_base,basket_return,liquidation_shock,8,2.479322200550331e-06
moonwell_lending_base,basket_return,liquidation_shock,9,2.4793222053959664e-06
moonwell_lending_base,basket_return,liquidation_shock,10,2.4793222058236532e-06
moonwell_lending_base,basket_return,liquidation_shock,11,2.479322205861411e-06
moonwell_lending_base,basket_return,liquidation_shock,12,2.4793222058647445e-06
moonwell_lending_base,basket_return,liquidation_shock,13,2.4793222058650384e-06
moonwell_lending_base,basket_return,liquidation_shock,14,2.4793222058650647e-06
moonwell_lending_base,basket_return,liquidation_shock,15,2.479322205865067e-06
moonwell_lending_base,basket_return,liquidation_shock,16,2.479322205865067e-06
moonwell_lending_base,basket_return,liquidation_shock,17,2.479322205865067e-06
moonwell_lending_base,basket_return,liquidation_shock,18,2.479322205865067e-06
moonwell_lending_base,basket_return,liquidation_shock,19,2.479322205865067e-06
moonwell_lending_base,basket_return,liquidation_shock,20,2.479322205865067e-06
moonwell_lending_base,basket_return,liquidation_shock,21,2.479322205865067e-06
moonwell_lending_base,basket_return,liquidation_shock,22,2.479322205865067e-06
moonwell_lending_base,basket_return,liquidation_shock,23,2.479322205865067e-06
moonwell_lending_base,basket_return,liquidation_shock,24,2.479322205865067e-06
moonwell_lending_base,basket_return,liquidation_shock,25,2.479322205865067e-06
moonwell_lending_base,basket_return,liquidation_shock,26,2.479322205865067e-06
moonwell_lending_base,basket_return,liquidation_shock,27,2.479322205865067e-06
moonwell_lending_base,basket_return,liquidation_shock,28,2.479322205865067e-06
moonwell_lending_base,basket_return,liquidation_shock,29,2.479322205865067e-06
moonwell_lending_base,basket_return,liquidation_shock,30,2.479322205865067e-06
moonwell_lending_base,liquidation,return_shock,0,0.0035174615144147403
moonwell_lending_base,liquidation,return_shock,1,0.005642481455266564
moonwell_lending_base,liquidation,return_shock,2,0.005728545009296116
moonwell_lending_base,liquidation,return_shock,3,0.005738447839085238
moonwell_lending_base,liquidation,return_shock,4,0.005739247089276555
moonwell_lending_base,liquidation,return_shock,5,0.0057393198844804556
moonwell_lending_base,liquidation,return_shock,6,0.005739326242104576
moonwell_lending_base,liquidation,return_shock,7,0.005739326805436937
moonwell_lending_base,liquidation,return_shock,8,0.005739326855103546
moonwell_lending_base,liquidation,return_shock,9,0.005739326859489997
moonwell_lending_base,liquidation,return_shock,10,0.005739326859877168
moonwell_lending_base,liquidation,return_shock,11,0.005739326859911349
moonwell_lending_base,liquidation,return_shock,12,0.005739326859914366
moonwell_lending_base,liquidation,return_shock,13,0.005739326859914631
moonwell_lending_base,liquidation,return_shock,14,0.005739326859914655
moonwell_lending_base,liquidation,return_shock,15,0.005739326859914658
moonwell_lending_base,liquidation,return_shock,16,0.005739326859914658
moonwell_lending_base,liquidation,return_shock,17,0.005739326859914658
moonwell_lending_base,liquidation,return_shock,18,0.005739326859914658
moonwell_lending_base,liquidation,return_shock,19,0.005739326859914658
moonwell_lending_base,liquidation,return_shock,20,0.005739326859914658
moonwell_lending_base,liquidation,return_shock,21,0.005739326859914658
moonwell_lending_base,liquidation,return_shock,22,0.005739326859914658
moonwell_lending_base,liquidation,return_shock,23,0.005739326859914658
moonwell_lending_base,liquidation,return_shock,24,0.005739326859914658
moonwell_lending_base,liquidation,return_shock,25,0.005739326859914658
moonwell_lending_base,liquidation,return_shock,26,0.005739326859914658
moonwell_lending_base,liquidation,return_shock,27,0.005739326859914658
moonwell_lending_base,liquidation,return_shock,28,0.005739326859914658
moonwell_lending_base,liquidation,return_shock,29,0.005739326859914658
moonwell_lending_base,liquidation,return_shock,30,0.005739326859914658
moonwell_lending_base,liquidation,liquidation_shock,0,0.9964825384855852
moonwell_lending_base,liquidation,liquidation_shock,1,0.9943575185447334
moonwell_lending_base,liquidation,liquidation_shock,2,0.9942714549907038
moonwell_lending_base,liquidation,liquidation_shock,3,0.9942615521609147
moonwell_lending_base,liquidation,liquidation_shock,4,0.9942607529107235
moonwell_lending_base,liquidation,liquidation_shock,5,0.9942606801155195
moonwell_lending_base,liquidation,liquidation_shock,6,0.9942606737578955
moonwell_lending_base,liquidation,liquidation_shock,7,0.994260673194563
moonwell_lending_base,liquidation,liquidation_shock,8,0.9942606731448965
moonwell_lending_base,liquidation,liquidation_shock,9,0.99426067314051
moonwell_lending_base,liquidation,liquidation_shock,10,0.9942606731401228
moonwell_lending_base,liquidation,liquidation_shock,11,0.9942606731400887
moonwell_lending_base,liquidation,liquidation_shock,12,0.9942606731400856
moonwell_lending_base,liquidation,liquidation_shock,13,0.9942606731400853
moonwell_lending_base,liquidation,liquidation_shock,14,0.9942606731400853
moonwell_lending_base,liquidation,liquidation_shock,15,0.9942606731400854
moonwell_lending_base,liquidation,liquidation_shock,16,0.9942606731400854
moonwell_lending_base,liquidation,liquidation_shock,17,0.9942606731400854
moonwell_lending_base,liquidation,liquidation_shock,18,0.9942606731400854
moonwell_lending_base,liquidation,liquidation_shock,19,0.9942606731400854
moonwell_lending_base,liquidation,liquidation_shock,20,0.9942606731400854
moonwell_lending_base,liquidation,liquidation_shock,21,0.9942606731400854
moonwell_lending_base,liquidation,liquidation_shock,22,0.9942606731400854
moonwell_lending_base,liquidation,liquidation_shock,23,0.9942606731400854
moonwell_lending_base,liquidation,liquidation_shock,24,0.9942606731400854
moonwell_lending_base,liquidation,liquidation_shock,25,0.9942606731400854
moonwell_lending_base,liquidation,liquidation_shock,26,0.9942606731400854
moonwell_lending_base,liquidation,liquidation_shock,27,0.9942606731400854
moonwell_lending_base,liquidation,liquidation_shock,28,0.9942606731400854
moonwell_lending_base,liquidation,liquidation_shock,29,0.9942606731400854
moonwell_lending_base,liquidation,liquidation_shock,30,0.9942606731400854
morpho_ethereum,basket_return,return_shock,0,1.0
morpho_ethereum,basket_return,return_shock,1,0.9999876029510053
morpho_ethereum,basket_return,return_shock,2,0.9997352948668321
morpho_ethereum,basket_return,return_shock,3,0.999734408811036
morpho_ethereum,basket_return,return_shock,4,0.9997308490589492
morpho_ethereum,basket_return,return_shock,5,0.9997307975355788
morpho_ethereum,basket_return,return_shock,6,0.9997307655917343
morpho_ethereum,basket_return,return_shock,7,0.9997307645798899
morpho_ethereum,basket_return,return_shock,8,0.9997307643192155
morpho_ethereum,basket_return,return_shock,9,0.9997307643057342
morpho_ethereum,basket_return,return_shock,10,0.9997307643035913
morpho_ethereum,basket_return,return_shock,11,0.9997307643034421
morpho_ethereum,basket_return,return_shock,12,0.9997307643034239
morpho_ethereum,basket_return,return_shock,13,0.9997307643034224
morpho_ethereum,basket_return,return_shock,14,0.9997307643034223
morpho_ethereum,basket_return,return_shock,15,0.9997307643034222
morpho_ethereum,basket_return,return_shock,16,0.9997307643034222
morpho_ethereum,basket_return,return_shock,17,0.9997307643034222
morpho_ethereum,basket_return,return_shock,18,0.9997307643034222
morpho_ethereum,basket_return,return_shock,19,0.9997307643034222
morpho_ethereum,basket_return,return_shock,20,0.9997307643034222
morpho_ethereum,basket_return,return_shock,21,0.9997307643034222
morpho_ethereum,basket_return,return_shock,22,0.9997307643034222
morpho_ethereum,basket_return,return_shock,23,0.9997307643034222
morpho_ethereum,basket_return,return_shock,24,0.9997307643034222
morpho_ethereum,basket_return,return_shock,25,0.9997307643034222
morpho_ethereum,basket_return,return_shock,26,0.9997307643034222
morpho_ethereum,basket_return,return_shock,27,0.9997307643034222
morpho_ethereum,basket_return,return_shock,28,0.9997307643034222
morpho_ethereum,basket_return,return_shock,29,0.9997307643034222
morpho_ethereum,basket_return,return_shock,30,0.9997307643034222
morpho_ethereum,basket_return,liquidation_shock,0,0.0
morpho_ethereum,basket_return,liquidation_shock,1,1.239704899474033e-05
morpho_ethereum,basket_return,liquidation_shock,2,0.0002647051331679145
morpho_ethereum,basket_return,liquidation_shock,3,0.0002655911889639984
morpho_ethereum,basket_return,liquidation_shock,4,0.0002691509410508563
morpho_ethereum,basket_return,liquidation_shock,5,0.0002692024644211295
morpho_ethereum,basket_return,liquidation_shock,6,0.00026923440826559796
morpho_ethereum,basket_return,liquidation_shock,7,0.00026923542011016795
morpho_ethereum,basket_return,liquidation_shock,8,0.00026923568078452087
morpho_ethereum,basket_return,liquidation_shock,9,0.00026923569426592334
morpho_ethereum,basket_return,liquidation_shock,10,0.0002692356964086593
morpho_ethereum,basket_return,liquidation_shock,11,0.0002692356965578294
morpho_ethereum,basket_return,liquidation_shock,12,0.000269235696576035
morpho_ethereum,basket_return,liquidation_shock,13,0.0002692356965775339
morpho_ethereum,basket_return,liquidation_shock,14,0.0002692356965776933
morpho_ethereum,basket_return,liquidation_shock,15,0.0002692356965777076
morpho_ethereum,basket_return,liquidation_shock,16,0.0002692356965777091
morpho_ethereum,basket_return,liquidation_shock,17,0.0002692356965777092
morpho_ethereum,basket_return,liquidation_shock,18,0.0002692356965777092
morpho_ethereum,basket_return,liquidation_shock,19,0.0002692356965777092
morpho_ethereum,basket_return,liquidation_shock,20,0.0002692356965777092
morpho_ethereum,basket_return,liquidation_shock,21,0.0002692356965777092
morpho_ethereum,basket_return,liquidation_shock,22,0.0002692356965777092
morpho_ethereum,basket_return,liquidation_shock,23,0.0002692356965777092
morpho_ethereum,basket_return,liquidation_shock,24,0.0002692356965777092
morpho_ethereum,basket_return,liquidation_shock,25,0.0002692356965777092
morpho_ethereum,basket_return,liquidation_shock,26,0.0002692356965777092
morpho_ethereum,basket_return,liquidation_shock,27,0.0002692356965777092
morpho_ethereum,basket_return,liquidation_shock,28,0.0002692356965777092
morpho_ethereum,basket_return,liquidation_shock,29,0.0002692356965777092
morpho_ethereum,basket_return,liquidation_shock,30,0.0002692356965777092
morpho_ethereum,liquidation,return_shock,0,0.04936722820486439
morpho_ethereum,liquidation,return_shock,1,0.06348066506182762
morpho_ethereum,liquidation,return_shock,2,0.07152354228178237
morpho_ethereum,liquidation,return_shock,3,0.07192670833733908
morpho_ethereum,liquidation,return_shock,4,0.07204516651455901
morpho_ethereum,liquidation,return_shock,5,0.07205160879089885
morpho_ethereum,liquidation,return_shock,6,0.07205281170805933
morpho_ethereum,liquidation,return_shock,7,0.07205289075991296
morpho_ethereum,liquidation,return_shock,8,0.07205290177405616
morpho_ethereum,liquidation,return_shock,9,0.07205290261991128
morpho_ethereum,liquidation,return_shock,10,0.07205290271850348
morpho_ethereum,liquidation,return_shock,11,0.07205290272689845
morpho_ethereum,liquidation,return_shock,12,0.07205290272778235
morpho_ethereum,liquidation,return_shock,13,0.07205290272786229
morpho_ethereum,liquidation,return_shock,14,0.07205290272787025
morpho_ethereum,liquidation,return_shock,15,0.07205290272787099
morpho_ethereum,liquidation,return_shock,16,0.07205290272787107
morpho_ethereum,liquidation,return_shock,17,0.07205290272787108
morpho_ethereum,liquidation,return_shock,18,0.07205290272787108
morpho_ethereum,liquidation,return_shock,19,0.07205290272787108
morpho_ethereum,liquidation,return_shock,20,0.07205290272787108
morpho_ethereum,liquidation,return_shock,21,0.07205290272787108
morpho_ethereum,liquidation,return_shock,22,0.07205290272787108
morpho_ethereum,liquidation,return_shock,23,0.07205290272787108
morpho_ethereum,liquidation,return_shock,24,0.07205290272787108
morpho_ethereum,liquidation,return_shock,25,0.07205290272787108
morpho_ethereum,liquidation,return_shock,26,0.07205290272787108
morpho_ethereum,liquidation,return_shock,27,0.07205290272787108
morpho_ethereum,liquidation,return_shock,28,0.07205290272787108
morpho_ethereum,liquidation,return_shock,29,0.07205290272787108
morpho_ethereum,liquidation,return_shock,30,0.07205290272787108
morpho_ethereum,liquidation,liquidation_shock,0,0.9506327717951356
morpho_ethereum,liquidation,liquidation_shock,1,0.9365193349381724
morpho_ethereum,liquidation,liquidation_shock,2,0.9284764577182176
morpho_ethereum,liquidation,liquidation_shock,3,0.928073291662661
morpho_ethereum,liquidation,liquidation_shock,4,0.9279548334854409
morpho_ethereum,liquidation,liquidation_shock,5,0.9279483912091011
morpho_ethereum,liquidation,liquidation_shock,6,0.9279471882919407
morpho_ethereum,liquidation,liquidation_shock,7,0.927947109240087
morpho_ethereum,liquidation,liquidation_shock,8,0.9279470982259439
morpho_ethereum,liquidation,liquidation_shock,9,0.9279470973800886
morpho_ethereum,liquidation,liquidation_shock,10,0.9279470972814965
morpho_ethereum,liquidation,liquidation_shock,11,0.9279470972731015
morpho_ethereum,liquidation,liquidation_shock,12,0.9279470972722176
morpho_ethereum,liquidation,liquidation_shock,13,0.9279470972721378
morpho_ethereum,liquidation,liquidation_shock,14,0.9279470972721298
morpho_ethereum,liquidation,liquidation_shock,15,0.927947097272129
morpho_ethereum,liquidation,liquidation_shock,16,0.927947097272129
morpho_ethereum,liquidation,liquidation_shock,17,0.927947097272129
morpho_ethereum,liquidation,liquidation_shock,18,0.927947097272129
morpho_ethereum,liquidation,liquidation_shock,19,0.927947097272129
morpho_ethereum,liquidation,liquidation_shock,20,0.927947097272129
morpho_ethereum,liquidation,liquidation_shock,21,0.927947097272129
morpho_ethereum,liquidation,liquidation_shock,22,0.927947097272129
morpho_ethereum,liquidation,liquidation_shock,23,0.927947097272129
morpho_ethereum,liquidation,liquidation_shock,24,0.927947097272129
morpho_ethereum,liquidation,liquidation_shock,25,0.927947097272129
morpho_ethereum,liquidation,liquidation_shock,26,0.927947097272129
morpho_ethereum,liquidation,liquidation_shock,27,0.927947097272129
morpho_ethereum,liquidation,liquidation_shock,28,0.927947097272129
morpho_ethereum,liquidation,liquidation_shock,29,0.927947097272129
morpho_ethereum,liquidation,liquidation_shock,30,0.927947097272129
sparklend_ethereum,basket_return,return_shock,0,1.0
sparklend_ethereum,basket_return,return_shock,1,0.9993763542439242
sparklend_ethereum,basket_return,return_shock,2,0.9887208918568745
sparklend_ethereum,basket_return,return_shock,3,0.9886166565480662
sparklend_ethereum,basket_return,return_shock,4,0.9879037672595075
sparklend_ethereum,basket_return,return_shock,5,0.9878999028997295
sparklend_ethereum,basket_return,return_shock,6,0.987877732592259
sparklend_ethereum,basket_return,return_shock,7,0.9878778277629098
sparklend_ethereum,basket_return,return_shock,8,0.987877450093581
sparklend_ethereum,basket_return,return_shock,9,0.987877424315254
sparklend_ethereum,basket_return,return_shock,10,0.9878774212342025
sparklend_ethereum,basket_return,return_shock,11,0.9878774179157128
sparklend_ethereum,basket_return,return_shock,12,0.9878774179146764
sparklend_ethereum,basket_return,return_shock,13,0.9878774177378485
sparklend_ethereum,basket_return,return_shock,14,0.9878774177381447
sparklend_ethereum,basket_return,return_shock,15,0.9878774177324464
sparklend_ethereum,basket_return,return_shock,16,0.9878774177323594
sparklend_ethereum,basket_return,return_shock,17,0.9878774177322348
sparklend_ethereum,basket_return,return_shock,18,0.9878774177322199
sparklend_ethereum,basket_return,return_shock,19,0.9878774177322178
sparklend_ethereum,basket_return,return_shock,20,0.9878774177322168
sparklend_ethereum,basket_return,return_shock,21,0.9878774177322167
sparklend_ethereum,basket_return,return_shock,22,0.9878774177322167
sparklend_ethereum,basket_return,return_shock,23,0.9878774177322167
sparklend_ethereum,basket_return,return_shock,24,0.9878774177322167
sparklend_ethereum,basket_return,return_shock,25,0.9878774177322167
sparklend_ethereum,basket_return,return_shock,26,0.9878774177322167
sparklend_ethereum,basket_return,return_shock,27,0.9878774177322167
sparklend_ethereum,basket_return,return_shock,28,0.9878774177322167
sparklend_ethereum,basket_return,return_shock,29,0.9878774177322167
sparklend_ethereum,basket_return,return_shock,30,0.9878774177322167
sparklend_ethereum,basket_return,liquidation_shock,0,0.0
sparklend_ethereum,basket_return,liquidation_shock,1,0.0006236457560757412
sparklend_ethereum,basket_return,liquidation_shock,2,0.011279108143125488
sparklend_ethereum,basket_return,liquidation_shock,3,0.011383343451933864
sparklend_ethereum,basket_return,liquidation_shock,4,0.012096232740492537
sparklend_ethereum,basket_return,liquidation_shock,5,0.012100097100270464
sparklend_ethereum,basket_return,liquidation_shock,6,0.012122267407741064
sparklend_ethereum,basket_return,liquidation_shock,7,0.012122172237090246
sparklend_ethereum,basket_return,liquidation_shock,8,0.012122549906419082
sparklend_ethereum,basket_return,liquidation_shock,9,0.012122575684745888
sparklend_ethereum,basket_return,liquidation_shock,10,0.012122578765797464
sparklend_ethereum,basket_return,liquidation_shock,11,0.012122582084287183
sparklend_ethereum,basket_return,liquidation_shock,12,0.01212258208532364
sparklend_ethereum,basket_return,liquidation_shock,13,0.012122582262151406
sparklend_ethereum,basket_return,liquidation_shock,14,0.012122582261855258
sparklend_ethereum,basket_return,liquidation_shock,15,0.01212258226755367
sparklend_ethereum,basket_return,liquidation_shock,16,0.012122582267640543
sparklend_ethereum,basket_return,liquidation_shock,17,0.01212258226776522
sparklend_ethereum,basket_return,liquidation_shock,18,0.012122582267780058
sparklend_ethereum,basket_return,liquidation_shock,19,0.012122582267782145
sparklend_ethereum,basket_return,liquidation_shock,20,0.012122582267783262
sparklend_ethereum,basket_return,liquidation_shock,21,0.012122582267783299
sparklend_ethereum,basket_return,liquidation_shock,22,0.012122582267783353
sparklend_ethereum,basket_return,liquidation_shock,23,0.012122582267783354
sparklend_ethereum,basket_return,liquidation_shock,24,0.012122582267783356
sparklend_ethereum,basket_return,liquidation_shock,25,0.012122582267783356
sparklend_ethereum,basket_return,liquidation_shock,26,0.012122582267783356
sparklend_ethereum,basket_return,liquidation_shock,27,0.012122582267783356
sparklend_ethereum,basket_return,liquidation_shock,28,0.012122582267783356
sparklend_ethereum,basket_return,liquidation_shock,29,0.012122582267783356
sparklend_ethereum,basket_return,liquidation_shock,30,0.012122582267783356
sparklend_ethereum,liquidation,return_shock,0,0.12690835523793467
sparklend_ethereum,liquidation,return_shock,1,0.23305311076939075
sparklend_ethereum,liquidation,return_shock,2,0.23930309653527015
sparklend_ethereum,liquidation,return_shock,3,0.24464207849039918
sparklend_ethereum,liquidation,return_shock,4,0.2449047512348534
sparklend_ethereum,liquidation,return_shock,5,0.2450334568404107
sparklend_ethereum,liquidation,return_shock,6,0.24503487294071935
sparklend_ethereum,liquidation,return_shock,7,0.24503562746427093
sparklend_ethereum,liquidation,return_shock,8,0.24503571735786492
sparklend_ethereum,liquidation,return_shock,9,0.24503569421523005
sparklend_ethereum,liquidation,return_shock,10,0.24503571330352714
sparklend_ethereum,liquidation,return_shock,11,0.24503571318210207
sparklend_ethereum,liquidation,return_shock,12,0.24503571418421452
sparklend_ethereum,liquidation,return_shock,13,0.24503571418864506
sparklend_ethereum,liquidation,return_shock,14,0.245035714213083
sparklend_ethereum,liquidation,return_shock,15,0.24503571421293882
sparklend_ethereum,liquidation,return_shock,16,0.2450357142131314
sparklend_ethereum,liquidation,return_shock,17,0.2450357142131723
sparklend_ethereum,liquidation,return_shock,18,0.24503571421316717
sparklend_ethereum,liquidation,return_shock,19,0.24503571421317183
sparklend_ethereum,liquidation,return_shock,20,0.24503571421317166
sparklend_ethereum,liquidation,return_shock,21,0.24503571421317186
sparklend_ethereum,liquidation,return_shock,22,0.24503571421317186
sparklend_ethereum,liquidation,return_shock,23,0.24503571421317186
sparklend_ethereum,liquidation,return_shock,24,0.24503571421317186
sparklend_ethereum,liquidation,return_shock,25,0.24503571421317186
sparklend_ethereum,liquidation,return_shock,26,0.24503571421317186
sparklend_ethereum,liquidation,return_shock,27,0.24503571421317186
sparklend_ethereum,liquidation,return_shock,28,0.24503571421317186
sparklend_ethereum,liquidation,return_shock,29,0.24503571421317186
sparklend_ethereum,liquidation,return_shock,30,0.24503571421317186
sparklend_ethereum,liquidation,liquidation_shock,0,0.8730916447620654
sparklend_ethereum,liquidation,liquidation_shock,1,0.7669468892306093
sparklend_ethereum,liquidation,liquidation_shock,2,0.7606969034647298
sparklend_ethereum,liquidation,liquidation_shock,3,0.7553579215096009
sparklend_ethereum,liquidation,liquidation_shock,4,0.7550952487651466
sparklend_ethereum,liquidation,liquidation_shock,5,0.7549665431595893
sparklend_ethereum,liquidation,liquidation_shock,6,0.7549651270592806
sparklend_ethereum,liquidation,liquidation_shock,7,0.754964372535729
sparklend_ethereum,liquidation,liquidation_shock,8,0.7549642826421351
sparklend_ethereum,liquidation,liquidation_shock,9,0.7549643057847699
sparklend_ethereum,liquidation,liquidation_shock,10,0.7549642866964729
sparklend_ethereum,liquidation,liquidation_shock,11,0.754964286817898
sparklend_ethereum,liquidation,liquidation_shock,12,0.7549642858157855
sparklend_ethereum,liquidation,liquidation_shock,13,0.7549642858113549
sparklend_ethereum,liquidation,liquidation_shock,14,0.754964285786917
sparklend_ethereum,liquidation,liquidation_shock,15,0.7549642857870612
sparklend_ethereum,liquidation,liquidation_shock,16,0.7549642857868686
sparklend_ethereum,liquidation,liquidation_shock,17,0.7549642857868276
sparklend_ethereum,liquidation,liquidation_shock,18,0.7549642857868328
sparklend_ethereum,liquidation,liquidation_shock,19,0.7549642857868282
sparklend_ethereum,liquidation,liquidation_shock,20,0.7549642857868284
sparklend_ethereum,liquidation,liquidation_shock,21,0.7549642857868282
sparklend_ethereum,liquidation,liquidation_shock,22,0.7549642857868282
sparklend_ethereum,liquidation,liquidation_shock,23,0.7549642857868282
sparklend_ethereum,liquidation,liquidation_shock,24,0.7549642857868282
sparklend_ethereum,liquidation,liquidation_shock,25,0.7549642857868282
sparklend_ethereum,liquidation,liquidation_shock,26,0.7549642857868282
sparklend_ethereum,liquidation,liquidation_shock,27,0.7549642857868282
sparklend_ethereum,liquidation,liquidation_shock,28,0.7549642857868282
sparklend_ethereum,liquidation,liquidation_shock,29,0.7549642857868282
sparklend_ethereum,liquidation,liquidation_shock,30,0.7549642857868282
sparklend_gnosis,basket_return,return_shock,0,1.0
sparklend_gnosis,basket_return,return_shock,1,0.9996642638539562
sparklend_gnosis,basket_return,return_shock,2,0.990365367172816
sparklend_gnosis,basket_return,return_shock,3,0.9844686467520833
sparklend_gnosis,basket_return,return_shock,4,0.984149038735364
sparklend_gnosis,basket_return,return_shock,5,0.9841429981921812
sparklend_gnosis,basket_return,return_shock,6,0.9841385435881271
sparklend_gnosis,basket_return,return_shock,7,0.984074328482756
sparklend_gnosis,basket_return,return_shock,8,0.9840702246377909
sparklend_gnosis,basket_return,return_shock,9,0.984067700389126
sparklend_gnosis,basket_return,return_shock,10,0.9840656744191957
sparklend_gnosis,basket_return,return_shock,11,0.9840644535424682
sparklend_gnosis,basket_return,return_shock,12,0.984064154770926
sparklend_gnosis,basket_return,return_shock,13,0.9840639555333069
sparklend_gnosis,basket_return,return_shock,14,0.9840638529526385
sparklend_gnosis,basket_return,return_shock,15,0.9840638069147148
sparklend_gnosis,basket_return,return_shock,16,0.984063787143714
sparklend_gnosis,basket_return,return_shock,17,0.9840637765122909
sparklend_gnosis,basket_return,return_shock,18,0.9840637715576485
sparklend_gnosis,basket_return,return_shock,19,0.9840637692551732
sparklend_gnosis,basket_return,return_shock,20,0.9840637681573589
sparklend_gnosis,basket_return,return_shock,21,0.9840637676200006
sparklend_gnosis,basket_return,return_shock,22,0.98406376736816
sparklend_gnosis,basket_return,return_shock,23,0.984063767248294
sparklend_gnosis,basket_return,return_shock,24,0.9840637671908777
sparklend_gnosis,basket_return,return_shock,25,0.9840637671634319
sparklend_gnosis,basket_return,return_shock,26,0.9840637671504161
sparklend_gnosis,basket_return,return_shock,27,0.9840637671441995
sparklend_gnosis,basket_return,return_shock,28,0.9840637671412323
sparklend_gnosis,basket_return,return_shock,29,0.9840637671398184
sparklend_gnosis,basket_return,return_shock,30,0.9840637671391448
sparklend_gnosis,basket_return,liquidation_shock,0,0.0
sparklend_gnosis,basket_return,liquidation_shock,1,0.00033573614604378026
sparklend_gnosis,basket_return,liquidation_shock,2,0.00963463282718409
sparklend_gnosis,basket_return,liquidation_shock,3,0.015531353247916678
sparklend_gnosis,basket_return,liquidation_shock,4,0.015850961264636042
sparklend_gnosis,basket_return,liquidation_shock,5,0.01585700180781877
sparklend_gnosis,basket_return,liquidation_shock,6,0.015861456411872865
sparklend_gnosis,basket_return,liquidation_shock,7,0.015925671517243948
sparklend_gnosis,basket_return,liquidation_shock,8,0.015929775362209103
sparklend_gnosis,basket_return,liquidation_shock,9,0.015932299610873907
sparklend_gnosis,basket_return,liquidation_shock,10,0.01593432558080428
sparklend_gnosis,basket_return,liquidation_shock,11,0.01593554645753182
sparklend_gnosis,basket_return,liquidation_shock,12,0.015935845229073976
sparklend_gnosis,basket_return,liquidation_shock,13,0.015936044466692962
sparklend_gnosis,basket_return,liquidation_shock,14,0.01593614704736147
sparklend_gnosis,basket_return,liquidation_shock,15,0.015936193085285214
sparklend_gnosis,basket_return,liquidation_shock,16,0.015936212856286044
sparklend_gnosis,basket_return,liquidation_shock,17,0.01593622348770902
sparklend_gnosis,basket_return,liquidation_shock,18,0.015936228442351597
sparklend_gnosis,basket_return,liquidation_shock,19,0.015936230744826783
sparklend_gnosis,basket_return,liquidation_shock,20,0.015936231842641115
sparklend_gnosis,basket_return,liquidation_shock,21,0.015936232379999433
sparklend_gnosis,basket_return,liquidation_shock,22,0.015936232631839947
sparklend_gnosis,basket_return,liquidation_shock,23,0.01593623275170589
sparklend_gnosis,basket_return,liquidation_shock,24,0.015936232809122233
sparklend_gnosis,basket_return,liquidation_shock,25,0.015936232836568153
sparklend_gnosis,basket_return,liquidation_shock,26,0.015936232849583894
sparklend_gnosis,basket_return,liquidation_shock,27,0.015936232855800543
sparklend_gnosis,basket_return,liquidation_shock,28,0.015936232858767704
sparklend_gnosis,basket_return,liquidation_shock,29,0.015936232860181657
sparklend_gnosis,basket_return,liquidation_shock,30,0.015936232860855163
sparklend_gnosis,liquidation,return_shock,0,0.030092918955232913
sparklend_gnosis,liquidation,return_shock,1,0.12199789892957298
sparklend_gnosis,liquidation,return_shock,2,0.12390901639991607
sparklend_gnosis,liquidation,return_shock,3,0.12313581469251697
sparklend_gnosis,liquidation,return_shock,4,0.123536746908724
sparklend_gnosis,liquidation,return_shock,5,0.12434586119448922
sparklend_gnosis,liquidation,return_shock,6,0.12439889120524068
sparklend_gnosis,liquidation,return_shock,7,0.12445110669012324
sparklend_gnosis,liquidation,return_shock,8,0.12449312055291001
sparklend_gnosis,liquidation,return_shock,9,0.12451221922696604
sparklend_gnosis,liquidation,return_shock,10,0.12451774686586572
sparklend_gnosis,liquidation,return_shock,11,0.124521580499012
sparklend_gnosis,liquidation,return_shock,12,0.12452345010711924
sparklend_gnosis,liquidation,return_shock,13,0.12452426366499297
sparklend_gnosis,liquidation,return_shock,14,0.12452463492993118
sparklend_gnosis,liquidation,return_shock,15,0.12452483078847272
sparklend_gnosis,liquidation,return_shock,16,0.12452492088316884
sparklend_gnosis,liquidation,return_shock,17,0.1245249629707951
sparklend_gnosis,liquidation,return_shock,18,0.12452498325930199
sparklend_gnosis,liquidation,return_shock,19,0.12452499309185043
sparklend_gnosis,liquidation,return_shock,20,0.12452499770109451
sparklend_gnosis,liquidation,return_shock,21,0.1245249999015263
sparklend_gnosis,liquidation,return_shock,22,0.12452500095590022
sparklend_gnosis,liquidation,return_shock,23,0.12452500145861974
sparklend_gnosis,liquidation,return_shock,24,0.1245250016973222
sparklend_gnosis,liquidation,return_shock,25,0.12452500181138604
sparklend_gnosis,liquidation,return_shock,26,0.12452500186580329
sparklend_gnosis,liquidation,return_shock,27,0.12452500189172656
sparklend_gnosis,liquidation,return_shock,28,0.12452500190408043
sparklend_gnosis,liquidation,return_shock,29,0.12452500190997509
sparklend_gnosis,liquidation,return_shock,30,0.12452500191278493
sparklend_gnosis,liquidation,liquidation_shock,0,0.9699070810447671
sparklend_gnosis,liquidation,liquidation_shock,1,0.878002101070427
sparklend_gnosis,liquidation,liquidation_shock,2,0.876090983600084
sparklend_gnosis,liquidation,liquidation_shock,3,0.876864185307483
sparklend_gnosis,liquidation,liquidation_shock,4,0.876463253091276
sparklend_gnosis,liquidation,liquidation_shock,5,0.8756541388055108
sparklend_gnosis,liquidation,liquidation_shock,6,0.8756011087947593
sparklend_gnosis,liquidation,liquidation_shock,7,0.8755488933098767
sparklend_gnosis,liquidation,liquidation_shock,8,0.8755068794470899
sparklend_gnosis,liquidation,liquidation_shock,9,0.8754877807730339
sparklend_gnosis,liquidation,liquidation_shock,10,0.8754822531341342
sparklend_gnosis,liquidation,liquidation_shock,11,0.875478419500988
sparklend_gnosis,liquidation,liquidation_shock,12,0.8754765498928807
sparklend_gnosis,liquidation,liquidation_shock,13,0.875475736335007
sparklend_gnosis,liquidation,liquidation_shock,14,0.8754753650700688
sparklend_gnosis,liquidation,liquidation_shock,15,0.8754751692115273
sparklend_gnosis,liquidation,liquidation_shock,16,0.8754750791168312
sparklend_gnosis,liquidation,liquidation_shock,17,0.8754750370292049
sparklend_gnosis,liquidation,liquidation_shock,18,0.8754750167406979
sparklend_gnosis,liquidation,liquidation_shock,19,0.8754750069081496
sparklend_gnosis,liquidation,liquidation_shock,20,0.8754750022989055
sparklend_gnosis,liquidation,liquidation_shock,21,0.8754750000984737
sparklend_gnosis,liquidation,liquidation_shock,22,0.8754749990440999
sparklend_gnosis,liquidation,liquidation_shock,23,0.8754749985413802
sparklend_gnosis,liquidation,liquidation_shock,24,0.8754749983026777
sparklend_gnosis,liquidation,liquidation_shock,25,0.875474998188614
sparklend_gnosis,liquidation,liquidation_shock,26,0.8754749981341967
sparklend_gnosis,liquidation,liquidation_shock,27,0.8754749981082735
sparklend_gnosis,liquidation,liquidation_shock,28,0.8754749980959196
sparklend_gnosis,liquidation,liquidation_shock,29,0.8754749980900249
sparklend_gnosis,liquidation,liquidation_shock,30,0.8754749980872151
venus_core_pool_binance,basket_return,return_shock,0,1.0
venus_core_pool_binance,basket_return,return_shock,1,0.9990472118872563
venus_core_pool_binance,basket_return,return_shock,2,0.9948816415383779
venus_core_pool_binance,basket_return,return_shock,3,0.994463991101184
venus_core_pool_binance,basket_return,return_shock,4,0.9795136938570836
venus_core_pool_binance,basket_return,return_shock,5,0.9746292793991127
venus_core_pool_binance,basket_return,return_shock,6,0.9722521029546797
venus_core_pool_binance,basket_return,return_shock,7,0.9645105986678396
venus_core_pool_binance,basket_return,return_shock,8,0.9612740499465222
venus_core_pool_binance,basket_return,return_shock,9,0.9606936444917251
venus_core_pool_binance,basket_return,return_shock,10,0.9606603668559984
venus_core_pool_binance,basket_return,return_shock,11,0.9606382138559032
venus_core_pool_binance,basket_return,return_shock,12,0.9533795355978633
venus_core_pool_binance,basket_return,return_shock,13,0.9527695601937718
venus_core_pool_binance,basket_return,return_shock,14,0.9511838941365384
venus_core_pool_binance,basket_return,return_shock,15,0.9515690697330766
venus_core_pool_binance,basket_return,return_shock,16,0.9501677318566658
venus_core_pool_binance,basket_return,return_shock,17,0.9495212812982672
venus_core_pool_binance,basket_return,return_shock,18,0.942268337974514
venus_core_pool_binance,basket_return,return_shock,19,0.9311929265494324
venus_core_pool_binance,basket_return,return_shock,20,0.9305965265656335
venus_core_pool_binance,basket_return,return_shock,21,0.9291193330675356
venus_core_pool_binance,basket_return,return_shock,22,0.926366519813106
venus_core_pool_binance,basket_return,return_shock,23,0.9263800810617661
venus_core_pool_binance,basket_return,return_shock,24,0.9262454116812965
venus_core_pool_binance,basket_return,return_shock,25,0.9234759898789034
venus_core_pool_binance,basket_return,return_shock,26,0.9232884761453891
venus_core_pool_binance,basket_return,return_shock,27,0.9175802501198312
venus_core_pool_binance,basket_return,return_shock,28,0.9132099565677235
venus_core_pool_binance,basket_return,return_shock,29,0.9130207441262403
venus_core_pool_binance,basket_return,return_shock,30,0.9130317592267874
venus_core_pool_binance,basket_return,liquidation_shock,0,0.0
venus_core_pool_binance,basket_return,liquidation_shock,1,0.0009527881127436212
venus_core_pool_binance,basket_return,liquidation_shock,2,0.00511835846162203
venus_core_pool_binance,basket_return,liquidation_shock,3,0.005536008898815999
venus_core_pool_binance,basket_return,liquidation_shock,4,0.020486306142916282
venus_core_pool_binance,basket_return,liquidation_shock,5,0.025370720600887235
venus_core_pool_binance,basket_return,liquidation_shock,6,0.027747897045320356
venus_core_pool_binance,basket_return,liquidation_shock,7,0.035489401332160456
venus_core_pool_binance,basket_return,liquidation_shock,8,0.03872595005347778
venus_core_pool_binance,basket_return,liquidation_shock,9,0.03930635550827483
venus_core_pool_binance,basket_return,liquidation_shock,10,0.03933963314400165
venus_core_pool_binance,basket_return,liquidation_shock,11,0.039361786144096765
venus_core_pool_binance,basket_return,liquidation_shock,12,0.0466204644021368
venus_core_pool_binance,basket_return,liquidation_shock,13,0.04723043980622827
venus_core_pool_binance,basket_return,liquidation_shock,14,0.04881610586346161
venus_core_pool_binance,basket_return,liquidation_shock,15,0.04843093026692333
venus_core_pool_binance,basket_return,liquidation_shock,16,0.04983226814333419
venus_core_pool_binance,basket_return,liquidation_shock,17,0.050478718701732816
venus_core_pool_binance,basket_return,liquidation_shock,18,0.05773166202548597
venus_core_pool_binance,basket_return,liquidation_shock,19,0.06880707345056766
venus_core_pool_binance,basket_return,liquidation_shock,20,0.06940347343436652
venus_core_pool_binance,basket_return,liquidation_shock,21,0.07088066693246442
venus_core_pool_binance,basket_return,liquidation_shock,22,0.07363348018689396
venus_core_pool_binance,basket_return,liquidation_shock,23,0.07361991893823398
venus_core_pool_binance,basket_return,liquidation_shock,24,0.07375458831870359
venus_core_pool_binance,basket_return,liquidation_shock,25,0.07652401012109651
venus_core_pool_binance,basket_return,liquidation_shock,26,0.07671152385461089
venus_core_pool_binance,basket_return,liquidation_shock,27,0.08241974988016874
venus_core_pool_binance,basket_return,liquidation_shock,28,0.08679004343227643
venus_core_pool_binance,basket_return,liquidation_shock,29,0.0869792558737597
venus_core_pool_binance,basket_return,liquidation_shock,30,0.0869682407732126
venus_core_pool_binance,liquidation,return_shock,0,0.020097235259287992
venus_core_pool_binance,liquidation,return_shock,1,0.020963228270587074
venus_core_pool_binance,liquidation,return_shock,2,0.022878814580024234
venus_core_pool_binance,liquidation,return_shock,3,0.02786803064058601
venus_core_pool_binance,liquidation,return_shock,4,0.030449531338722264
venus_core_pool_binance,liquidation,return_shock,5,0.02995727118983074
venus_core_pool_binance,liquidation,return_shock,6,0.03155970488353479
venus_core_pool_binance,liquidation,return_shock,7,0.03456427934965447
venus_core_pool_binance,liquidation,return_shock,8,0.038526143445468064
venus_core_pool_binance,liquidation,return_shock,9,0.046229268869926614
venus_core_pool_binance,liquidation,return_shock,10,0.047931013118489164
venus_core_pool_binance,liquidation,return_shock,11,0.06808483016793869
venus_core_pool_binance,liquidation,return_shock,12,0.07186860454413048
venus_core_pool_binance,liquidation,return_shock,13,0.07175756461361803
venus_core_pool_binance,liquidation,return_shock,14,0.07163432133706864
venus_core_pool_binance,liquidation,return_shock,15,0.07175411196649442
venus_core_pool_binance,liquidation,return_shock,16,0.07824798237868963
venus_core_pool_binance,liquidation,return_shock,17,0.0815769239965486
venus_core_pool_binance,liquidation,return_shock,18,0.08415052503617618
venus_core_pool_binance,liquidation,return_shock,19,0.0830246974891351
venus_core_pool_binance,liquidation,return_shock,20,0.08334165169845563
venus_core_pool_binance,liquidation,return_shock,21,0.08348966895958931
venus_core_pool_binance,liquidation,return_shock,22,0.08533269731985356
venus_core_pool_binance,liquidation,return_shock,23,0.08688436253511146
venus_core_pool_binance,liquidation,return_shock,24,0.08761890336450212
venus_core_pool_binance,liquidation,return_shock,25,0.0868051718029585
venus_core_pool_binance,liquidation,return_shock,26,0.09154471814906713
venus_core_pool_binance,liquidation,return_shock,27,0.08938748589179774
venus_core_pool_binance,liquidation,return_shock,28,0.08720364243602549
venus_core_pool_binance,liquidation,return_shock,29,0.08805897503845046
venus_core_pool_binance,liquidation,return_shock,30,0.0879426786758951
venus_core_pool_binance,liquidation,liquidation_shock,0,0.979902764740712
venus_core_pool_binance,liquidation,liquidation_shock,1,0.979036771729413
venus_core_pool_binance,liquidation,liquidation_shock,2,0.9771211854199757
venus_core_pool_binance,liquidation,liquidation_shock,3,0.972131969359414
venus_core_pool_binance,liquidation,liquidation_shock,4,0.9695504686612778
venus_core_pool_binance,liquidation,liquidation_shock,5,0.9700427288101693
venus_core_pool_binance,liquidation,liquidation_shock,6,0.9684402951164652
venus_core_pool_binance,liquidation,liquidation_shock,7,0.9654357206503454
venus_core_pool_binance,liquidation,liquidation_shock,8,0.961473856554532
venus_core_pool_binance,liquidation,liquidation_shock,9,0.9537707311300734
venus_core_pool_binance,liquidation,liquidation_shock,10,0.9520689868815109
venus_core_pool_binance,liquidation,liquidation_shock,11,0.9319151698320612
venus_core_pool_binance,liquidation,liquidation_shock,12,0.9281313954558695
venus_core_pool_binance,liquidation,liquidation_shock,13,0.928242435386382
venus_core_pool_binance,liquidation,liquidation_shock,14,0.9283656786629314
venus_core_pool_binance,liquidation,liquidation_shock,15,0.9282458880335055
venus_core_pool_binance,liquidation,liquidation_shock,16,0.9217520176213103
venus_core_pool_binance,liquidation,liquidation_shock,17,0.9184230760034514
venus_core_pool_binance,liquidation,liquidation_shock,18,0.9158494749638239
venus_core_pool_binance,liquidation,liquidation_shock,19,0.9169753025108649
venus_core_pool_binance,liquidation,liquidation_shock,20,0.9166583483015444
venus_core_pool_binance,liquidation,liquidation_shock,21,0.9165103310404107
venus_core_pool_binance,liquidation,liquidation_shock,22,0.9146673026801465
venus_core_pool_binance,liquidation,liquidation_shock,23,0.9131156374648886
venus_core_pool_binance,liquidation,liquidation_shock,24,0.9123810966354978
venus_core_pool_binance,liquidation,liquidation_shock,25,0.9131948281970416
venus_core_pool_binance,liquidation,liquidation_shock,26,0.9084552818509329
venus_core_pool_binance,liquidation,liquidation_shock,27,0.9106125141082023
venus_core_pool_binance,liquidation,liquidation_shock,28,0.9127963575639746
venus_core_pool_binance,liquidation,liquidation_shock,29,0.9119410249615495
venus_core_pool_binance,liquidation,liquidation_shock,30,0.9120573213241049
zerolend_base,basket_return,return_shock,0,1.0
zerolend_base,basket_return,return_shock,1,0.9985504315619108
zerolend_base,basket_return,return_shock,2,0.998412864726783
zerolend_base,basket_return,return_shock,3,0.9983954337104469
zerolend_base,basket_return,return_shock,4,0.9983933025877193
zerolend_base,basket_return,return_shock,5,0.9983930409146705
zerolend_base,basket_return,return_shock,6,0.9983930088011204
zerolend_base,basket_return,return_shock,7,0.9983930048597756
zerolend_base,basket_return,return_shock,8,0.9983930043760517
zerolend_base,basket_return,return_shock,9,0.9983930043166841
zerolend_base,basket_return,return_shock,10,0.9983930043093977
zerolend_base,basket_return,return_shock,11,0.9983930043085035
zerolend_base,basket_return,return_shock,12,0.9983930043083938
zerolend_base,basket_return,return_shock,13,0.9983930043083802
zerolend_base,basket_return,return_shock,14,0.9983930043083785
zerolend_base,basket_return,return_shock,15,0.9983930043083784
zerolend_base,basket_return,return_shock,16,0.9983930043083784
zerolend_base,basket_return,return_shock,17,0.9983930043083784
zerolend_base,basket_return,return_shock,18,0.9983930043083784
zerolend_base,basket_return,return_shock,19,0.9983930043083784
zerolend_base,basket_return,return_shock,20,0.9983930043083784
zerolend_base,basket_return,return_shock,21,0.9983930043083784
zerolend_base,basket_return,return_shock,22,0.9983930043083784
zerolend_base,basket_return,return_shock,23,0.9983930043083784
zerolend_base,basket_return,return_shock,24,0.9983930043083784
zerolend_base,basket_return,return_shock,25,0.9983930043083784
zerolend_base,basket_return,return_shock,26,0.9983930043083784
zerolend_base,basket_return,return_shock,27,0.9983930043083784
zerolend_base,basket_return,return_shock,28,0.9983930043083784
zerolend_base,basket_return,return_shock,29,0.9983930043083784
zerolend_base,basket_return,return_shock,30,0.9983930043083784
zerolend_base,basket_return,liquidation_shock,0,0.0
zerolend_base,basket_return,liquidation_shock,1,0.0014495684380892652
zerolend_base,basket_return,liquidation_shock,2,0.0015871352732168798
zerolend_base,basket_return,liquidation_shock,3,0.0016045662895530723
zerolend_base,basket_return,liquidation_shock,4,0.0016066974122806695
zerolend_base,basket_return,liquidation_shock,5,0.0016069590853295757
zerolend_base,basket_return,liquidation_shock,6,0.0016069911988795987
zerolend_base,basket_return,liquidation_shock,7,0.0016069951402244897
zerolend_base,basket_return,liquidation_shock,8,0.0016069956239482127
zerolend_base,basket_return,liquidation_shock,9,0.0016069956833159806
zerolend_base,basket_return,liquidation_shock,10,0.0016069956906022292
zerolend_base,basket_return,liquidation_shock,11,0.0016069956914964761
zerolend_base,basket_return,liquidation_shock,12,0.0016069956916062278
zerolend_base,basket_return,liquidation_shock,13,0.0016069956916196972
zerolend_base,basket_return,liquidation_shock,14,0.0016069956916213504
zerolend_base,basket_return,liquidation_shock,15,0.0016069956916215534
zerolend_base,basket_return,liquidation_shock,16,0.0016069956916215783
zerolend_base,basket_return,liquidation_shock,17,0.0016069956916215814
zerolend_base,basket_return,liquidation_shock,18,0.0016069956916215818
zerolend_base,basket_return,liquidation_shock,19,0.0016069956916215818
zerolend_base,basket_return,liquidation_shock,20,0.0016069956916215818
zerolend_base,basket_return,liquidation_shock,21,0.0016069956916215818
zerolend_base,basket_return,liquidation_shock,22,0.0016069956916215818
zerolend_base,basket_return,liquidation_shock,23,0.0016069956916215818
zerolend_base,basket_return,liquidation_shock,24,0.0016069956916215818
zerolend_base,basket_return,liquidation_shock,25,0.0016069956916215818
zerolend_base,basket_return,liquidation_shock,26,0.0016069956916215818
zerolend_base,basket_return,liquidation_shock,27,0.0016069956916215818
zerolend_base,basket_return,liquidation_shock,28,0.0016069956916215818
zerolend_base,basket_return,liquidation_shock,29,0.0016069956916215818
zerolend_base,basket_return,liquidation_shock,30,0.0016069956916215818
zerolend_base,liquidation,return_shock,0,0.010635229000527774
zerolend_base,liquidation,return_shock,1,0.05394900847874157
zerolend_base,liquidation,return_shock,2,0.05736845578136462
zerolend_base,liquidation,return_shock,3,0.057793321038390556
zerolend_base,liquidation,return_shock,4,0.0578451352124237
zerolend_base,liquidation,return_shock,5,0.05785149542813972
zerolend_base,liquidation,return_shock,6,0.05785227594953924
zerolend_base,liquidation,return_shock,7,0.05785237174369578
zerolend_base,liquidation,return_shock,8,0.05785238350056586
zerolend_base,liquidation,return_shock,9,0.05785238494349507
zerolend_base,liquidation,return_shock,10,0.057852385120586804
zerolend_base,liquidation,return_shock,11,0.0578523851423214
zerolend_base,liquidation,return_shock,12,0.0578523851449889
zerolend_base,liquidation,return_shock,13,0.057852385145316286
zerolend_base,liquidation,return_shock,14,0.05785238514535647
zerolend_base,liquidation,return_shock,15,0.0578523851453614
zerolend_base,liquidation,return_shock,16,0.05785238514536201
zerolend_base,liquidation,return_shock,17,0.05785238514536208
zerolend_base,liquidation,return_shock,18,0.0578523851453621
zerolend_base,liquidation,return_shock,19,0.0578523851453621
zerolend_base,liquidation,return_shock,20,0.0578523851453621
zerolend_base,liquidation,return_shock,21,0.0578523851453621
zerolend_base,liquidation,return_shock,22,0.0578523851453621
zerolend_base,liquidation,return_shock,23,0.0578523851453621
zerolend_base,liquidation,return_shock,24,0.0578523851453621
zerolend_base,liquidation,return_shock,25,0.0578523851453621
zerolend_base,liquidation,return_shock,26,0.0578523851453621
zerolend_base,liquidation,return_shock,27,0.0578523851453621
zerolend_base,liquidation,return_shock,28,0.0578523851453621
zerolend_base,liquidation,return_shock,29,0.0578523851453621
zerolend_base,liquidation,return_shock,30,0.0578523851453621
zerolend_base,liquidation,liquidation_shock,0,0.9893647709994723
zerolend_base,liquidation,liquidation_shock,1,0.9460509915212584
zerolend_base,liquidation,liquidation_shock,2,0.9426315442186354
zerolend_base,liquidation,liquidation_shock,3,0.9422066789616095
zerolend_base,liquidation,liquidation_shock,4,0.9421548647875763
zerolend_base,liquidation,liquidation_shock,5,0.9421485045718604
zerolend_base,liquidation,liquidation_shock,6,0.9421477240504607
zerolend_base,liquidation,liquidation_shock,7,0.9421476282563042
zerolend_base,liquidation,liquidation_shock,8,0.942147616499434
zerolend_base,liquidation,liquidation_shock,9,0.942147615056505
zerolend_base,liquidation,liquidation_shock,10,0.9421476148794132
zerolend_base,liquidation,liquidation_shock,11,0.9421476148576785
zerolend_base,liquidation,liquidation_shock,12,0.9421476148550111
zerolend_base,liquidation,liquidation_shock,13,0.9421476148546837
zerolend_base,liquidation,liquidation_shock,14,0.9421476148546435
zerolend_base,liquidation,liquidation_shock,15,0.9421476148546386
zerolend_base,liquidation,liquidation_shock,16,0.942147614854638
zerolend_base,liquidation,liquidation_shock,17,0.9421476148546379
zerolend_base,liquidation,liquidation_shock,18,0.9421476148546379
zerolend_base,liquidation,liquidation_shock,19,0.9421476148546379
zerolend_base,liquidation,liquidation_shock,20,0.9421476148546379
zerolend_base,liquidation,liquidation_shock,21,0.9421476148546379
zerolend_base,liquidation,liquidation_shock,22,0.9421476148546379
zerolend_base,liquidation,liquidation_shock,23,0.9421476148546379
zerolend_base,liquidation,liquidation_shock,24,0.9421476148546379
zerolend_base,liquidation,liquidation_shock,25,0.9421476148546379
zerolend_base,liquidation,liquidation_shock,26,0.9421476148546379
zerolend_base,liquidation,liquidation_shock,27,0.9421476148546379
zerolend_base,liquidation,liquidation_shock,28,0.9421476148546379
zerolend_base,liquidation,liquidation_shock,29,0.9421476148546379
zerolend_base,liquidation,liquidation_shock,30,0.9421476148546379
zerolend_ethereum,basket_return,return_shock,0,1.0
zerolend_ethereum,basket_return,return_shock,1,0.9998716441488925
zerolend_ethereum,basket_return,return_shock,2,0.9998693184574624
zerolend_ethereum,basket_return,return_shock,3,0.9998687849720372
zerolend_ethereum,basket_return,return_shock,4,0.9998686143953535
zerolend_ethereum,basket_return,return_shock,5,0.9998686136066227
zerolend_ethereum,basket_return,return_shock,6,0.9998686006460593
zerolend_ethereum,basket_return,return_shock,7,0.9998685987013585
zerolend_ethereum,basket_return,return_shock,8,0.9998685971992008
zerolend_ethereum,basket_return,return_shock,9,0.9998685967413029
zerolend_ethereum,basket_return,return_shock,10,0.9998685965200553
zerolend_ethereum,basket_return,return_shock,11,0.9998685964369249
zerolend_ethereum,basket_return,return_shock,12,0.999868596401336
zerolend_ethereum,basket_return,return_shock,13,0.99986859638713
zerolend_ethereum,basket_return,return_shock,14,0.9998685963812468
zerolend_ethereum,basket_return,return_shock,15,0.9998685963788576
zerolend_ethereum,basket_return,return_shock,16,0.9998685963778774
zerolend_ethereum,basket_return,return_shock,17,0.9998685963774773
zerolend_ethereum,basket_return,return_shock,18,0.9998685963773135
zerolend_ethereum,basket_return,return_shock,19,0.9998685963772468
zerolend_ethereum,basket_return,return_shock,20,0.9998685963772193
zerolend_ethereum,basket_return,return_shock,21,0.9998685963772082
zerolend_ethereum,basket_return,return_shock,22,0.9998685963772036
zerolend_ethereum,basket_return,return_shock,23,0.9998685963772018
zerolend_ethereum,basket_return,return_shock,24,0.9998685963772009
zerolend_ethereum,basket_return,return_shock,25,0.9998685963772007
zerolend_ethereum,basket_return,return_shock,26,0.9998685963772005
zerolend_ethereum,basket_return,return_shock,27,0.9998685963772005
zerolend_ethereum,basket_return,return_shock,28,0.9998685963772005
zerolend_ethereum,basket_return,return_shock,29,0.9998685963772005
zerolend_ethereum,basket_return,return_shock,30,0.9998685963772005
zerolend_ethereum,basket_return,liquidation_shock,0,0.0
zerolend_ethereum,basket_return,liquidation_shock,1,0.000128355851107497
zerolend_ethereum,basket_return,liquidation_shock,2,0.00013068154253753143
zerolend_ethereum,basket_return,liquidation_shock,3,0.00013121502796270006
zerolend_ethereum,basket_return,liquidation_shock,4,0.0001313856046465864
zerolend_ethereum,basket_return,liquidation_shock,5,0.000131386393377172
zerolend_ethereum,basket_return,liquidation_shock,6,0.00013139935394069254
zerolend_ethereum,basket_return,liquidation_shock,7,0.00013140129864156274
zerolend_ethereum,basket_return,liquidation_shock,8,0.0001314028007992206
zerolend_ethereum,basket_return,liquidation_shock,9,0.00013140325869712344
zerolend_ethereum,basket_return,liquidation_shock,10,0.00013140347994474594
zerolend_ethereum,basket_return,liquidation_shock,11,0.0001314035630751061
zerolend_ethereum,basket_return,liquidation_shock,12,0.00013140359866394358
zerolend_ethereum,basket_return,liquidation_shock,13,0.0001314036128699794
zerolend_ethereum,basket_return,liquidation_shock,14,0.00013140361875317458
zerolend_ethereum,basket_return,liquidation_shock,15,0.00013140362114232265
zerolend_ethereum,basket_return,liquidation_shock,16,0.00013140362212264424
zerolend_ethereum,basket_return,liquidation_shock,17,0.00013140362252268722
zerolend_ethereum,basket_return,liquidation_shock,18,0.00013140362268640967
zerolend_ethereum,basket_return,liquidation_shock,19,0.00013140362275331177
zerolend_ethereum,basket_return,liquidation_shock,20,0.00013140362278067237
zerolend_ethereum,basket_return,liquidation_shock,21,0.00013140362279185708
zerolend_ethereum,basket_return,liquidation_shock,22,0.00013140362279643027
zerolend_ethereum,basket_return,liquidation_shock,23,0.00013140362279829998
zerolend_ethereum,basket_return,liquidation_shock,24,0.00013140362279906437
zerolend_ethereum,basket_return,liquidation_shock,25,0.0001314036227993769
zerolend_ethereum,basket_return,liquidation_shock,26,0.00013140362279950467
zerolend_ethereum,basket_return,liquidation_shock,27,0.00013140362279955692
zerolend_ethereum,basket_return,liquidation_shock,28,0.00013140362279957828
zerolend_ethereum,basket_return,liquidation_shock,29,0.000131403622799587
zerolend_ethereum,basket_return,liquidation_shock,30,0.0001314036227995906
zerolend_ethereum,liquidation,return_shock,0,0.026787930888652608
zerolend_ethereum,liquidation,return_shock,1,0.03669250876072753
zerolend_ethereum,liquidation,return_shock,2,0.06007043654437925
zerolend_ethereum,liquidation,return_shock,3,0.06739308010260536
zerolend_ethereum,liquidation,return_shock,4,0.07113026627300405
zerolend_ethereum,liquidation,return_shock,5,0.07253541837731876
zerolend_ethereum,liquidation,return_shock,6,0.0731403687189064
zerolend_ethereum,liquidation,return_shock,7,0.07338156605519808
zerolend_ethereum,liquidation,return_shock,8,0.07348153899104647
zerolend_ethereum,liquidation,return_shock,9,0.07352211820574472
zerolend_ethereum,liquidation,return_shock,10,0.07353877186179084
zerolend_ethereum,liquidation,return_shock,11,0.07354556678844358
zerolend_ethereum,liquidation,return_shock,12,0.07354834783485395
zerolend_ethereum,liquidation,return_shock,13,0.07354948421135264
zerolend_ethereum,liquidation,return_shock,14,0.07354994895664786
zerolend_ethereum,liquidation,return_shock,15,0.07355013893689875
zerolend_ethereum,liquidation,return_shock,16,0.07355021661671761
zerolend_ethereum,liquidation,return_shock,17,0.07355024837462912
zerolend_ethereum,liquidation,return_shock,18,0.07355026135913686
zerolend_ethereum,liquidation,return_shock,19,0.07355026666777721
zerolend_ethereum,liquidation,return_shock,20,0.07355026883822571
zerolend_ethereum,liquidation,return_shock,21,0.07355026972560899
zerolend_ethereum,liquidation,return_shock,22,0.07355027008841575
zerolend_ethereum,liquidation,return_shock,23,0.0735502702367489
zerolend_ethereum,liquidation,return_shock,24,0.07355027029739483
zerolend_ethereum,liquidation,return_shock,25,0.07355027032218989
zerolend_ethereum,liquidation,return_shock,26,0.07355027033232733
zerolend_ethereum,liquidation,return_shock,27,0.073550270336472
zerolend_ethereum,liquidation,return_shock,28,0.07355027033816657
zerolend_ethereum,liquidation,return_shock,29,0.07355027033885937
zerolend_ethereum,liquidation,return_shock,30,0.07355027033914263
zerolend_ethereum,liquidation,liquidation_shock,0,0.9732120691113474
zerolend_ethereum,liquidation,liquidation_shock,1,0.9633074912392725
zerolend_ethereum,liquidation,liquidation_shock,2,0.9399295634556208
zerolend_ethereum,liquidation,liquidation_shock,3,0.9326069198973946
zerolend_ethereum,liquidation,liquidation_shock,4,0.9288697337269959
zerolend_ethereum,liquidation,liquidation_shock,5,0.9274645816226813
zerolend_ethereum,liquidation,liquidation_shock,6,0.9268596312810936
zerolend_ethereum,liquidation,liquidation_shock,7,0.9266184339448019
zerolend_ethereum,liquidation,liquidation_shock,8,0.9265184610089534
zerolend_ethereum,liquidation,liquidation_shock,9,0.9264778817942554
zerolend_ethereum,liquidation,liquidation_shock,10,0.9264612281382091
zerolend_ethereum,liquidation,liquidation_shock,11,0.9264544332115563
zerolend_ethereum,liquidation,liquidation_shock,12,0.9264516521651461
zerolend_ethereum,liquidation,liquidation_shock,13,0.9264505157886475
zerolend_ethereum,liquidation,liquidation_shock,14,0.9264500510433522
zerolend_ethereum,liquidation,liquidation_shock,15,0.9264498610631012
zerolend_ethereum,liquidation,liquidation_shock,16,0.9264497833832825
zerolend_ethereum,liquidation,liquidation_shock,17,0.9264497516253708
zerolend_ethereum,liquidation,liquidation_shock,18,0.926449738640863
zerolend_ethereum,liquidation,liquidation_shock,19,0.9264497333322228
zerolend_ethereum,liquidation,liquidation_shock,20,0.9264497311617743
zerolend_ethereum,liquidation,liquidation_shock,21,0.926449730274391
zerolend_ethereum,liquidation,liquidation_shock,22,0.9264497299115844
zerolend_ethereum,liquidation,liquidation_shock,23,0.9264497297632511
zerolend_ethereum,liquidation,liquidation_shock,24,0.9264497297026051
zerolend_ethereum,liquidation,liquidation_shock,25,0.9264497296778101
zerolend_ethereum,liquidation,liquidation_shock,26,0.9264497296676727
zerolend_ethereum,liquidation,liquidation_shock,27,0.926449729663528
zerolend_ethereum,liquidation,liquidation_shock,28,0.9264497296618336
zerolend_ethereum,liquidation,liquidation_shock,29,0.9264497296611406
zerolend_ethereum,liquidation,liquidation_shock,30,0.9264497296608574
zerolend_linea,basket_return,return_shock,0,1.0
zerolend_linea,basket_return,return_shock,1,0.9997592784885423
zerolend_linea,basket_return,return_shock,2,0.9991721704185981
zerolend_linea,basket_return,return_shock,3,0.9991033655069794
zerolend_linea,basket_return,return_shock,4,0.9990603754795808
zerolend_linea,basket_return,return_shock,5,0.999052262533429
zerolend_linea,basket_return,return_shock,6,0.9990491932809971
zerolend_linea,basket_return,return_shock,7,0.9990484437326439
zerolend_linea,basket_return,return_shock,8,0.9990482071369431
zerolend_linea,basket_return,return_shock,9,0.9990481431439041
zerolend_linea,basket_return,return_shock,10,0.9990481241912118
zerolend_linea,basket_return,return_shock,11,0.9990481188719633
zerolend_linea,basket_return,return_shock,12,0.9990481173311072
zerolend_linea,basket_return,return_shock,13,0.999048116893003
zerolend_linea,basket_return,return_shock,14,0.999048116767066
zerolend_linea,basket_return,return_shock,15,0.9990481167310971
zerolend_linea,basket_return,return_shock,16,0.9990481167207849
zerolend_linea,basket_return,return_shock,17,0.999048116717835
zerolend_linea,basket_return,return_shock,18,0.9990481167169901
zerolend_linea,basket_return,return_shock,19,0.9990481167167483
zerolend_linea,basket_return,return_shock,20,0.9990481167166789
zerolend_linea,basket_return,return_shock,21,0.9990481167166592
zerolend_linea,basket_return,return_shock,22,0.9990481167166535
zerolend_linea,basket_return,return_shock,23,0.999048116716652
zerolend_linea,basket_return,return_shock,24,0.9990481167166515
zerolend_linea,basket_return,return_shock,25,0.9990481167166513
zerolend_linea,basket_return,return_shock,26,0.9990481167166513
zerolend_linea,basket_return,return_shock,27,0.9990481167166513
zerolend_linea,basket_return,return_shock,28,0.9990481167166513
zerolend_linea,basket_return,return_shock,29,0.9990481167166513
zerolend_linea,basket_return,return_shock,30,0.9990481167166513
zerolend_linea,basket_return,liquidation_shock,0,0.0
zerolend_linea,basket_return,liquidation_shock,1,0.00024072151145780366
zerolend_linea,basket_return,liquidation_shock,2,0.0008278295814018853
zerolend_linea,basket_return,liquidation_shock,3,0.0008966344930205923
zerolend_linea,basket_return,liquidation_shock,4,0.0009396245204192381
zerolend_linea,basket_return,liquidation_shock,5,0.0009477374665710128
zerolend_linea,basket_return,liquidation_shock,6,0.0009508067190029308
zerolend_linea,basket_return,liquidation_shock,7,0.0009515562673561539
zerolend_linea,basket_return,liquidation_shock,8,0.0009517928630569139
zerolend_linea,basket_return,liquidation_shock,9,0.0009518568560958813
zerolend_linea,basket_return,liquidation_shock,10,0.0009518758087882144
zerolend_linea,basket_return,liquidation_shock,11,0.0009518811280366992
zerolend_linea,basket_return,liquidation_shock,12,0.00095188266889279
zerolend_linea,basket_return,liquidation_shock,13,0.0009518831069969962
zerolend_linea,basket_return,liquidation_shock,14,0.0009518832329340456
zerolend_linea,basket_return,liquidation_shock,15,0.0009518832689029822
zerolend_linea,basket_return,liquidation_shock,16,0.000951883279215136
zerolend_linea,basket_return,liquidation_shock,17,0.0009518832821649995
zerolend_linea,basket_return,liquidation_shock,18,0.0009518832830099368
zerolend_linea,basket_return,liquidation_shock,19,0.0009518832832517677
zerolend_linea,basket_return,liquidation_shock,20,0.0009518832833210138
zerolend_linea,basket_return,liquidation_shock,21,0.0009518832833408366
zerolend_linea,basket_return,liquidation_shock,22,0.0009518832833465121
zerolend_linea,basket_return,liquidation_shock,23,0.000951883283348137
zerolend_linea,basket_return,liquidation_shock,24,0.0009518832833486023
zerolend_linea,basket_return,liquidation_shock,25,0.0009518832833487355
zerolend_linea,basket_return,liquidation_shock,26,0.0009518832833487736
zerolend_linea,basket_return,liquidation_shock,27,0.0009518832833487845
zerolend_linea,basket_return,liquidation_shock,28,0.0009518832833487876
zerolend_linea,basket_return,liquidation_shock,29,0.0009518832833487885
zerolend_linea,basket_return,liquidation_shock,30,0.0009518832833487887
zerolend_linea,liquidation,return_shock,0,0.03327831546788758
zerolend_linea,liquidation,return_shock,1,0.08591251996060509
zerolend_linea,liquidation,return_shock,2,0.0882559079791795
zerolend_linea,liquidation,return_shock,3,0.09118107151949088
zerolend_linea,liquidation,return_shock,4,0.09159884794485884
zerolend_linea,liquidation,return_shock,5,0.0917899340331935
zerolend_linea,liquidation,return_shock,6,0.09183217093300647
zerolend_linea,liquidation,return_shock,7,0.0918463694548568
zerolend_linea,liquidation,return_shock,8,0.09185007555135104
zerolend_linea,liquidation,return_shock,9,0.09185119705760458
zerolend_linea,liquidation,return_shock,10,0.09185150791608333
zerolend_linea,liquidation,return_shock,11,0.09185159863418965
zerolend_linea,liquidation,return_shock,12,0.09185162431600699
zerolend_linea,liquidation,return_shock,13,0.0918516317174019
zerolend_linea,liquidation,return_shock,14,0.09185163382814354
zerolend_linea,liquidation,return_shock,15,0.09185163443382059
zerolend_linea,liquidation,return_shock,16,0.09185163460698868
zerolend_linea,liquidation,return_shock,17,0.09185163465660486
zerolend_linea,liquidation,return_shock,18,0.09185163467080301
zerolend_linea,liquidation,return_shock,19,0.09185163467486898
zerolend_linea,liquidation,return_shock,20,0.09185163467603286
zerolend_linea,liquidation,return_shock,21,0.09185163467636609
zerolend_linea,liquidation,return_shock,22,0.09185163467646149
zerolend_linea,liquidation,return_shock,23,0.0918516346764888
zerolend_linea,liquidation,return_shock,24,0.09185163467649662
zerolend_linea,liquidation,return_shock,25,0.09185163467649886
zerolend_linea,liquidation,return_shock,26,0.0918516346764995
zerolend_linea,liquidation,return_shock,27,0.09185163467649968
zerolend_linea,liquidation,return_shock,28,0.09185163467649973
zerolend_linea,liquidation,return_shock,29,0.09185163467649975
zerolend_linea,liquidation,return_shock,30,0.09185163467649975
zerolend_linea,liquidation,liquidation_shock,0,0.9667216845321124
zerolend_linea,liquidation,liquidation_shock,1,0.914087480039395
zerolend_linea,liquidation,liquidation_shock,2,0.9117440920208205
zerolend_linea,liquidation,liquidation_shock,3,0.908818928480509
zerolend_linea,liquidation,liquidation_shock,4,0.9084011520551412
zerolend_linea,liquidation,liquidation_shock,5,0.9082100659668065
zerolend_linea,liquidation,liquidation_shock,6,0.9081678290669936
zerolend_linea,liquidation,liquidation_shock,7,0.9081536305451432
zerolend_linea,liquidation,liquidation_shock,8,0.908149924448649
zerolend_linea,liquidation,liquidation_shock,9,0.9081488029423954
zerolend_linea,liquidation,liquidation_shock,10,0.9081484920839167
zerolend_linea,liquidation,liquidation_shock,11,0.9081484013658104
zerolend_linea,liquidation,liquidation_shock,12,0.9081483756839931
zerolend_linea,liquidation,liquidation_shock,13,0.9081483682825982
zerolend_linea,liquidation,liquidation_shock,14,0.9081483661718563
zerolend_linea,liquidation,liquidation_shock,15,0.9081483655661794
zerolend_linea,liquidation,liquidation_shock,16,0.9081483653930112
zerolend_linea,liquidation,liquidation_shock,17,0.9081483653433952
zerolend_linea,liquidation,liquidation_shock,18,0.908148365329197
zerolend_linea,liquidation,liquidation_shock,19,0.908148365325131
zerolend_linea,liquidation,liquidation_shock,20,0.9081483653239671
zerolend_linea,liquidation,liquidation_shock,21,0.9081483653236339
zerolend_linea,liquidation,liquidation_shock,22,0.9081483653235385
zerolend_linea,liquidation,liquidation_shock,23,0.9081483653235112
zerolend_linea,liquidation,liquidation_shock,24,0.9081483653235034
zerolend_linea,liquidation,liquidation_shock,25,0.9081483653235011
zerolend_linea,liquidation,liquidation_shock,26,0.9081483653235005
zerolend_linea,liquidation,liquidation_shock,27,0.9081483653235003
zerolend_linea,liquidation,liquidation_shock,28,0.9081483653235002
zerolend_linea,liquidation,liquidation_shock,29,0.9081483653235002
zerolend_linea,liquidation,liquidation_shock,30,0.9081483653235002
zerolend_zksync,basket_return,return_shock,0,1.0
zerolend_zksync,basket_return,return_shock,1,0.9990725287321147
zerolend_zksync,basket_return,return_shock,2,0.9990549626215023
zerolend_zksync,basket_return,return_shock,3,0.9990532626419423
zerolend_zksync,basket_return,return_shock,4,0.99905318425179
zerolend_zksync,basket_return,return_shock,5,0.9990531794016883
zerolend_zksync,basket_return,return_shock,6,0.9990531791369694
zerolend_zksync,basket_return,return_shock,7,0.9990531791217493
zerolend_zksync,basket_return,return_shock,8,0.999053179120893
zerolend_zksync,basket_return,return_shock,9,0.9990531791208445
zerolend_zksync,basket_return,return_shock,10,0.9990531791208417
zerolend_zksync,basket_return,return_shock,11,0.9990531791208416
zerolend_zksync,basket_return,return_shock,12,0.9990531791208415
zerolend_zksync,basket_return,return_shock,13,0.9990531791208415
zerolend_zksync,basket_return,return_shock,14,0.9990531791208415
zerolend_zksync,basket_return,return_shock,15,0.9990531791208415
zerolend_zksync,basket_return,return_shock,16,0.9990531791208415
zerolend_zksync,basket_return,return_shock,17,0.9990531791208415
zerolend_zksync,basket_return,return_shock,18,0.9990531791208415
zerolend_zksync,basket_return,return_shock,19,0.9990531791208415
zerolend_zksync,basket_return,return_shock,20,0.9990531791208415
zerolend_zksync,basket_return,return_shock,21,0.9990531791208415
zerolend_zksync,basket_return,return_shock,22,0.9990531791208415
zerolend_zksync,basket_return,return_shock,23,0.9990531791208415
zerolend_zksync,basket_return,return_shock,24,0.9990531791208415
zerolend_zksync,basket_return,return_shock,25,0.9990531791208415
zerolend_zksync,basket_return,return_shock,26,0.9990531791208415
zerolend_zksync,basket_return,return_shock,27,0.9990531791208415
zerolend_zksync,basket_return,return_shock,28,0.9990531791208415
zerolend_zksync,basket_return,return_shock,29,0.9990531791208415
zerolend_zksync,basket_return,return_shock,30,0.9990531791208415
zerolend_zksync,basket_return,liquidation_shock,0,0.0
zerolend_zksync,basket_return,liquidation_shock,1,0.0009274712678852806
zerolend_zksync,basket_return,liquidation_shock,2,0.0009450373784977631
zerolend_zksync,basket_return,liquidation_shock,3,0.0009467373580577506
zerolend_zksync,basket_return,liquidation_shock,4,0.0009468157482099834
zerolend_zksync,basket_return,liquidation_shock,5,0.0009468205983118102
zerolend_zksync,basket_return,liquidation_shock,6,0.0009468208630305234
zerolend_zksync,basket_return,liquidation_shock,7,0.000946820878250786
zerolend_zksync,basket_return,liquidation_shock,8,0.0009468208791069656
zerolend_zksync,basket_return,liquidation_shock,9,0.0009468208791555702
zerolend_zksync,basket_return,liquidation_shock,10,0.0009468208791583189
zerolend_zksync,basket_return,liquidation_shock,11,0.0009468208791584746
zerolend_zksync,basket_return,liquidation_shock,12,0.0009468208791584833
zerolend_zksync,basket_return,liquidation_shock,13,0.0009468208791584839
zerolend_zksync,basket_return,liquidation_shock,14,0.0009468208791584839
zerolend_zksync,basket_return,liquidation_shock,15,0.0009468208791584839
zerolend_zksync,basket_return,liquidation_shock,16,0.0009468208791584839
zerolend_zksync,basket_return,liquidation_shock,17,0.0009468208791584839
zerolend_zksync,basket_return,liquidation_shock,18,0.0009468208791584839
zerolend_zksync,basket_return,liquidation_shock,19,0.0009468208791584839
zerolend_zksync,basket_return,liquidation_shock,20,0.0009468208791584839
zerolend_zksync,basket_return,liquidation_shock,21,0.0009468208791584839
zerolend_zksync,basket_return,liquidation_shock,22,0.0009468208791584839
zerolend_zksync,basket_return,liquidation_shock,23,0.0009468208791584839
zerolend_zksync,basket_return,liquidation_shock,24,0.0009468208791584839
zerolend_zksync,basket_return,liquidation_shock,25,0.0009468208791584839
zerolend_zksync,basket_return,liquidation_shock,26,0.0009468208791584839
zerolend_zksync,basket_return,liquidation_shock,27,0.0009468208791584839
zerolend_zksync,basket_return,liquidation_shock,28,0.0009468208791584839
zerolend_zksync,basket_return,liquidation_shock,29,0.0009468208791584839
zerolend_zksync,basket_return,liquidation_shock,30,0.0009468208791584839
zerolend_zksync,liquidation,return_shock,0,0.01727165680569975
zerolend_zksync,liquidation,return_shock,1,0.0670406874161726
zerolend_zksync,liquidation,return_shock,2,0.06796350950991903
zerolend_zksync,liquidation,return_shock,3,0.06804902305183133
zerolend_zksync,liquidation,return_shock,4,0.06805302117913886
zerolend_zksync,liquidation,return_shock,5,0.06805326700750944
zerolend_zksync,liquidation,return_shock,6,0.06805328045900998
zerolend_zksync,liquidation,return_shock,7,0.06805328123158513
zerolend_zksync,liquidation,return_shock,8,0.06805328127506402
zerolend_zksync,liquidation,return_shock,9,0.0680532812775318
zerolend_zksync,liquidation,return_shock,10,0.06805328127767137
zerolend_zksync,liquidation,return_shock,11,0.06805328127767928
zerolend_zksync,liquidation,return_shock,12,0.06805328127767972
zerolend_zksync,liquidation,return_shock,13,0.06805328127767973
zerolend_zksync,liquidation,return_shock,14,0.06805328127767973
zerolend_zksync,liquidation,return_shock,15,0.06805328127767973
zerolend_zksync,liquidation,return_shock,16,0.06805328127767973
zerolend_zksync,liquidation,return_shock,17,0.06805328127767973
zerolend_zksync,liquidation,return_shock,18,0.06805328127767973
zerolend_zksync,liquidation,return_shock,19,0.06805328127767973
zerolend_zksync,liquidation,return_shock,20,0.06805328127767973
zerolend_zksync,liquidation,return_shock,21,0.06805328127767973
zerolend_zksync,liquidation,return_shock,22,0.06805328127767973
zerolend_zksync,liquidation,return_shock,23,0.06805328127767973
zerolend_zksync,liquidation,return_shock,24,0.06805328127767973
zerolend_zksync,liquidation,return_shock,25,0.06805328127767973
zerolend_zksync,liquidation,return_shock,26,0.06805328127767973
zerolend_zksync,liquidation,return_shock,27,0.06805328127767973
zerolend_zksync,liquidation,return_shock,28,0.06805328127767973
zerolend_zksync,liquidation,return_shock,29,0.06805328127767973
zerolend_zksync,liquidation,return_shock,30,0.06805328127767973
zerolend_zksync,liquidation,liquidation_shock,0,0.9827283431943002
zerolend_zksync,liquidation,liquidation_shock,1,0.9329593125838274
zerolend_zksync,liquidation,liquidation_shock,2,0.932036490490081
zerolend_zksync,liquidation,liquidation_shock,3,0.9319509769481686
zerolend_zksync,liquidation,liquidation_shock,4,0.9319469788208611
zerolend_zksync,liquidation,liquidation_shock,5,0.9319467329924905
zerolend_zksync,liquidation,liquidation_shock,6,0.9319467195409901
zerolend_zksync,liquidation,liquidation_shock,7,0.931946718768415
zerolend_zksync,liquidation,liquidation_shock,8,0.9319467187249361
zerolend_zksync,liquidation,liquidation_shock,9,0.9319467187224681
zerolend_zksync,liquidation,liquidation_shock,10,0.9319467187223287
zerolend_zksync,liquidation,liquidation_shock,11,0.9319467187223207
zerolend_zksync,liquidation,liquidation_shock,12,0.9319467187223204
zerolend_zksync,liquidation,liquidation_shock,13,0.9319467187223203
zerolend_zksync,liquidation,liquidation_shock,14,0.9319467187223203
zerolend_zksync,liquidation,liquidation_shock,15,0.9319467187223203
zerolend_zksync,liquidation,liquidation_shock,16,0.9319467187223203
zerolend_zksync,liquidation,liquidation_shock,17,0.9319467187223203
zerolend_zksync,liquidation,liquidation_shock,18,0.9319467187223203
zerolend_zksync,liquidation,liquidation_shock,19,0.9319467187223203
zerolend_zksync,liquidation,liquidation_shock,20,0.9319467187223203
zerolend_zksync,liquidation,liquidation_shock,21,0.9319467187223203
zerolend_zksync,liquidation,liquidation_shock,22,0.9319467187223203
zerolend_zksync,liquidation,liquidation_shock,23,0.9319467187223203
zerolend_zksync,liquidation,liquidation_shock,24,0.9319467187223203
zerolend_zksync,liquidation,liquidation_shock,25,0.9319467187223203
zerolend_zksync,liquidation,liquidation_shock,26,0.9319467187223203
zerolend_zksync,liquidation,liquidation_shock,27,0.9319467187223203
zerolend_zksync,liquidation,liquidation_shock,28,0.9319467187223203
zerolend_zksync,liquidation,liquidation_shock,29,0.9319467187223203
zerolend_zksync,liquidation,liquidation_shock,30,0.9319467187223203
