csu,variable,shock,horizon,irf
aave_v2_polygon,basket_return,return_shock,0,0.1901957467880818
aave_v2_polygon,basket_return,return_shock,1,-0.015546877053392699
aave_v2_polygon,basket_return,return_shock,2,0.012079669181748971
aave_v2_polygon,basket_return,return_shock,3,-0.009386958592394088
aave_v2_polygon,basket_return,return_shock,4,-0.004097811062484708
aave_v2_polygon,basket_return,return_shock,5,-0.007217883173030335
aave_v2_polygon,basket_return,return_shock,6,0.0033618198198911513
aave_v2_polygon,basket_return,return_shock,7,0.001571809863409626
aave_v2_polygon,basket_return,return_shock,8,0.0007345478501631132
aave_v2_polygon,basket_return,return_shock,9,-0.00019973422003722238
aave_v2_polygon,basket_return,return_shock,10,6.893841002158865e-05
aave_v2_polygon,basket_return,return_shock,11,-3.3542664384811874e-05
aave_v2_polygon,basket_return,return_shock,12,1.460872959363161e-05
aave_v2_polygon,basket_return,return_shock,13,8.173708891221699e-05
aave_v2_polygon,basket_return,return_shock,14,8.819154702782507e-05
aave_v2_polygon,basket_return,return_shock,15,5.6817905169601865e-05
aave_v2_polygon,basket_return,return_shock,16,3.536190579511897e-05
aave_v2_polygon,basket_return,return_shock,17,3.387719966070274e-05
aave_v2_polygon,basket_return,return_shock,18,2.9194989707490758e-05
aave_v2_polygon,basket_return,return_shock,19,2.6249835383459838e-05
aave_v2_polygon,basket_return,return_shock,20,2.3022151392647673e-05
aave_v2_polygon,basket_return,return_shock,21,2.0533298367346297e-05
aave_v2_polygon,basket_return,return_shock,22,1.7341267549211795e-05
aave_v2_polygon,basket_return,return_shock,23,1.485895012423286e-05
aave_v2_polygon,basket_return,return_shock,24,1.2822031516810092e-05
aave_v2_polygon,basket_return,return_shock,25,1.1151061151332554e-05
aave_v2_polygon,basket_return,return_shock,26,9.644832447996841e-06
aave_v2_polygon,basket_return,return_shock,27,8.354149815625278e-06
aave_v2_polygon,basket_return,return_shock,28,7.2299218170013e-06
aave_v2_polygon,basket_return,return_shock,29,6.252453335400197e-06
aave_v2_polygon,basket_return,return_shock,30,5.40513704818564e-06
aave_v2_polygon,basket_return,liquidation_shock,0,0.0
aave_v2_polygon,basket_return,liquidation_shock,1,-0.018530309599916
aave_v2_polygon,basket_return,liquidation_shock,2,0.0948387650620213
aave_v2_polygon,basket_return,liquidation_shock,3,-0.02057982171318508
aave_v2_polygon,basket_return,liquidation_shock,4,-0.03539789460229645
aave_v2_polygon,basket_return,liquidation_shock,5,-0.029005188293424234
aave_v2_polygon,basket_return,liquidation_shock,6,-0.0035827576527081985
aave_v2_polygon,basket_return,liquidation_shock,7,-0.010572565598143593
aave_v2_polygon,basket_return,liquidation_shock,8,-0.0069880833037301165
aave_v2_polygon,basket_return,liquidation_shock,9,-0.006557084223568505
aave_v2_polygon,basket_return,liquidation_shock,10,-0.005483896982243416
aave_v2_polygon,basket_return,liquidation_shock,11,-0.005824192415330455
aave_v2_polygon,basket_return,liquidation_shock,12,-0.004719318798851241
aave_v2_polygon,basket_return,liquidation_shock,13,-0.003923058020283722
aave_v2_polygon,basket_return,liquidation_shock,14,-0.003355743020502939
aave_v2_polygon,basket_return,liquidation_shock,15,-0.002951803671533212
aave_v2_polygon,basket_return,liquidation_shock,16,-0.0025436794450261206
aave_v2_polygon,basket_return,liquidation_shock,17,-0.0022024344933274124
aave_v2_polygon,basket_return,liquidation_shock,18,-0.0019151692433206275
aave_v2_polygon,basket_return,liquidation_shock,19,-0.001656120871578248
aave_v2_polygon,basket_return,liquidation_shock,20,-0.0014294803770510838
aave_v2_polygon,basket_return,liquidation_shock,21,-0.001235453119193726
aave_v2_polygon,basket_return,liquidation_shock,22,-0.0010698041365634556
aave_v2_polygon,basket_return,liquidation_shock,23,-0.0009254461424498534
aave_v2_polygon,basket_return,liquidation_shock,24,-0.0008006624862964215
aave_v2_polygon,basket_return,liquidation_shock,25,-0.0006926828527420393
aave_v2_polygon,basket_return,liquidation_shock,26,-0.0005992983647666915
aave_v2_polygon,basket_return,liquidation_shock,27,-0.0005183872243253833
aave_v2_polygon,basket_return,liquidation_shock,28,-0.00044844591244627875
aave_v2_polygon,basket_return,liquidation_shock,29,-0.00038795767371371435
aave_v2_polygon,basket_return,liquidation_shock,30,-0.00033563087190146857
aave_v2_polygon,liquidation,return_shock,0,-0.018194648245092364
aave_v2_polygon,liquidation,return_shock,1,-0.04215156597923985
aave_v2_polygon,liquidation,return_shock,2,-0.008413010245061555
aave_v2_polygon,liquidation,return_shock,3,-0.017659668229222613
aave_v2_polygon,liquidation,return_shock,4,0.0014811071281274418
aave_v2_polygon,liquidation,return_shock,5,0.006744905255575606
aave_v2_polygon,liquidation,return_shock,6,-0.0026489947553577455
aave_v2_polygon,liquidation,return_shock,7,-0.0023789288167148717
aave_v2_polygon,liquidation,return_shock,8,-0.0020620990181203407
aave_v2_polygon,liquidation,return_shock,9,-0.001122089179498631
aave_v2_polygon,liquidation,return_shock,10,-0.001371939748241356
aave_v2_polygon,liquidation,return_shock,11,-0.0008103234151657382
aave_v2_polygon,liquidation,return_shock,12,-0.0007377875391877269
aave_v2_polygon,liquidation,return_shock,13,-0.0006598973192673103
aave_v2_polygon,liquidation,return_shock,14,-0.0006399022886373273
aave_v2_polygon,liquidation,return_shock,15,-0.000527553776031728
aave_v2_polygon,liquidation,return_shock,16,-0.00045531120701524985
aave_v2_polygon,liquidation,return_shock,17,-0.0003916866460825258
aave_v2_polygon,liquidation,return_shock,18,-0.0003391051334448083
aave_v2_polygon,liquidation,return_shock,19,-0.00029164921569489353
aave_v2_polygon,liquidation,return_shock,20,-0.00025327306280821874
aave_v2_polygon,liquidation,return_shock,21,-0.000219834874756487
aave_v2_polygon,liquidation,return_shock,22,-0.00019007271294959837
aave_v2_polygon,liquidation,return_shock,23,-0.00016426696098321544
aave_v2_polygon,liquidation,return_shock,24,-0.00014207339115172616
aave_v2_polygon,liquidation,return_shock,25,-0.0001229316090065656
aave_v2_polygon,liquidation,return_shock,26,-0.0001063254223001227
aave_v2_polygon,liquidation,return_shock,27,-9.199479533663478e-05
aave_v2_polygon,liquidation,return_shock,28,-7.959246504856569e-05
aave_v2_polygon,liquidation,return_shock,29,-6.885826848360023e-05
aave_v2_polygon,liquidation,return_shock,30,-5.956484626160785e-05
aave_v2_polygon,liquidation,liquidation_shock,0,0.7552056143882642
aave_v2_polygon,liquidation,liquidation_shock,1,0.16244804000937973
aave_v2_polygon,liquidation,liquidation_shock,2,0.15983233797420637
aave_v2_polygon,liquidation,liquidation_shock,3,0.1282672541876136
aave_v2_polygon,liquidation,liquidation_shock,4,0.18809204960522383
aave_v2_polygon,liquidation,liquidation_shock,5,0.14342114648554039
aave_v2_polygon,liquidation,liquidation_shock,6,0.11761470971943015
aave_v2_polygon,liquidation,liquidation_shock,7,0.10564720306198909
aave_v2_polygon,liquidation,liquidation_shock,8,0.09069105508327303
aave_v2_polygon,liquidation,liquidation_shock,9,0.07655013800559743
aave_v2_polygon,liquidation,liquidation_shock,10,0.06604770429567797
aave_v2_polygon,liquidation,liquidation_shock,11,0.05842995968339609
aave_v2_polygon,liquidation,liquidation_shock,12,0.050328030084542785
aave_v2_polygon,liquidation,liquidation_shock,13,0.04346206082340824
aave_v2_polygon,liquidation,liquidation_shock,14,0.03753656899822969
aave_v2_polygon,liquidation,liquidation_shock,15,0.03253919249102986
aave_v2_polygon,liquidation,liquidation_shock,16,0.028099982995502096
aave_v2_polygon,liquidation,liquidation_shock,17,0.024316947781743634
aave_v2_polygon,liquidation,liquidation_shock,18,0.021043859638178706
aave_v2_polygon,liquidation,liquidation_shock,19,0.01821113845909181
aave_v2_polygon,liquidation,liquidation_shock,20,0.015749630050996364
aave_v2_polygon,liquidation,liquidation_shock,21,0.013624913035589853
aave_v2_polygon,liquidation,liquidation_shock,22,0.011787219934273046
aave_v2_polygon,liquidation,liquidation_shock,23,0.010197121704672268
aave_v2_polygon,liquidation,liquidation_shock,24,0.008821377670506026
aave_v2_polygon,liquidation,liquidation_shock,25,0.007631542413902628
aave_v2_polygon,liquidation,liquidation_shock,26,0.0066021526492227615
aave_v2_polygon,liquidation,liquidation_shock,27,0.005711489839268654
aave_v2_polygon,liquidation,liquidation_shock,28,0.004941004148668885
aave_v2_polygon,liquidation,liquidation_shock,29,0.004274477888867811
aave_v2_polygon,liquidation,liquidation_shock,30,0.0036978665531134246
aave_v3_arbitrum,basket_return,return_shock,0,0.16861402838858597
aave_v3_arbitrum,basket_return,return_shock,1,-0.009749135703285852
aave_v3_arbitrum,basket_return,return_shock,2,0.009838194872375016
aave_v3_arbitrum,basket_return,return_shock,3,-0.007251849962575088
aave_v3_arbitrum,basket_return,return_shock,4,-0.0006646760304221834
aave_v3_arbitrum,basket_return,return_shock,5,-0.0019177305748211896
aave_v3_arbitrum,basket_return,return_shock,6,-0.000275994995057043
aave_v3_arbitrum,basket_return,return_shock,7,-0.00033821749716001024
aave_v3_arbitrum,basket_return,return_shock,8,-2.8774015779775343e-05
aave_v3_arbitrum,basket_return,return_shock,9,-4.2642797964154174e-05
aave_v3_arbitrum,basket_return,return_shock,10,3.7262956271283858e-06
aave_v3_arbitrum,basket_return,return_shock,11,-3.3015103006326715e-06
aave_v3_arbitrum,basket_return,return_shock,12,2.286756817149343e-06
aave_v3_arbitrum,basket_return,return_shock,13,2.2449677315551764e-08
aave_v3_arbitrum,basket_return,return_shock,14,5.741535164881196e-07
aave_v3_arbitrum,basket_return,return_shock,15,4.503124687548253e-08
aave_v3_arbitrum,basket_return,return_shock,16,1.0084502804541653e-07
aave_v3_arbitrum,basket_return,return_shock,17,2.677669989253257e-09
aave_v3_arbitrum,basket_return,return_shock,18,1.3216507190366314e-08
aave_v3_arbitrum,basket_return,return_shock,19,-1.8401999943563271e-09
aave_v3_arbitrum,basket_return,return_shock,20,1.2074475103378854e-09
aave_v3_arbitrum,basket_return,return_shock,21,-7.507198837027966e-10
aave_v3_arbitrum,basket_return,return_shock,22,5.241551529564906e-11
aave_v3_arbitrum,basket_return,return_shock,23,-1.765438426776522e-10
aave_v3_arbitrum,basket_return,return_shock,24,-1.6793796440391962e-12
aave_v3_arbitrum,basket_return,return_shock,25,-3.084832311932747e-11
aave_v3_arbitrum,basket_return,return_shock,26,1.0774687593605446e-12
aave_v3_arbitrum,basket_return,return_shock,27,-4.207368714974561e-12
aave_v3_arbitrum,basket_return,return_shock,28,7.953220443269892e-13
aave_v3_arbitrum,basket_return,return_shock,29,-4.4201880854390764e-13
aave_v3_arbitrum,basket_return,return_shock,30,2.513470318750172e-13
aave_v3_arbitrum,basket_return,liquidation_shock,0,0.0
aave_v3_arbitrum,basket_return,liquidation_shock,1,-0.04760249490978894
aave_v3_arbitrum,basket_return,liquidation_shock,2,0.1206484043578486
aave_v3_arbitrum,basket_return,liquidation_shock,3,0.010227761333996449
aave_v3_arbitrum,basket_return,liquidation_shock,4,0.028877515704271807
aave_v3_arbitrum,basket_return,liquidation_shock,5,0.0025998161959805855
aave_v3_arbitrum,basket_return,liquidation_shock,6,0.004694326358860434
aave_v3_arbitrum,basket_return,liquidation_shock,7,3.8700887293980374e-05
aave_v3_arbitrum,basket_return,liquidation_shock,8,0.000556058573920038
aave_v3_arbitrum,basket_return,liquidation_shock,9,-0.00011922329406931635
aave_v3_arbitrum,basket_return,liquidation_shock,10,4.1714769509690635e-05
aave_v3_arbitrum,basket_return,liquidation_shock,11,-4.1010641836538354e-05
aave_v3_arbitrum,basket_return,liquidation_shock,12,4.2876685449006686e-07
aave_v3_arbitrum,basket_return,liquidation_shock,13,-8.854012788616842e-06
aave_v3_arbitrum,basket_return,liquidation_shock,14,-1.9466054471150046e-07
aave_v3_arbitrum,basket_return,liquidation_shock,15,-1.4381083514639495e-06
aave_v3_arbitrum,basket_return,liquidation_shock,16,7.403741275036027e-08
aave_v3_arbitrum,basket_return,liquidation_shock,17,-1.8037650084271045e-07
aave_v3_arbitrum,basket_return,liquidation_shock,18,4.6007895223323427e-08
aave_v3_arbitrum,basket_return,liquidation_shock,19,-1.6783840264351606e-08
aave_v3_arbitrum,basket_return,liquidation_shock,20,1.3314227078770637e-08
aave_v3_arbitrum,basket_return,liquidation_shock,21,-1.1156754225725243e-09
aave_v3_arbitrum,basket_return,liquidation_shock,22,2.760454275723729e-09
aave_v3_arbitrum,basket_return,liquidation_shock,23,-1.234530692627952e-10
aave_v3_arbitrum,basket_return,liquidation_shock,24,4.515379927967984e-10
aave_v3_arbitrum,basket_return,liquidation_shock,25,-4.9962997010113064e-11
aave_v3_arbitrum,basket_return,liquidation_shock,26,5.989421520294332e-11
aave_v3_arbitrum,basket_return,liquidation_shock,27,-1.740149688723371e-11
aave_v3_arbitrum,basket_return,liquidation_shock,28,6.543735933761662e-12
aave_v3_arbitrum,basket_return,liquidation_shock,29,-4.41610842543755e-12
aave_v3_arbitrum,basket_return,liquidation_shock,30,6.60683991082486e-13
aave_v3_arbitrum,liquidation,return_shock,0,-0.03932278237881081
aave_v3_arbitrum,liquidation,return_shock,1,-0.036434274715218096
aave_v3_arbitrum,liquidation,return_shock,2,-0.01404690813946722
aave_v3_arbitrum,liquidation,return_shock,3,-0.008369449356171108
aave_v3_arbitrum,liquidation,return_shock,4,-0.002411127287233993
aave_v3_arbitrum,liquidation,return_shock,5,-0.0011704318679400284
aave_v3_arbitrum,liquidation,return_shock,6,-0.00020081685120870312
aave_v3_arbitrum,liquidation,return_shock,7,-8.569300350852967e-05
aave_v3_arbitrum,liquidation,return_shock,8,1.852876388438144e-05
aave_v3_arbitrum,liquidation,return_shock,9,6.575199851770922e-06
aave_v3_arbitrum,liquidation,return_shock,10,1.0729942598023875e-05
aave_v3_arbitrum,liquidation,return_shock,11,3.3846702577409454e-06
aave_v3_arbitrum,liquidation,return_shock,12,2.333204513563174e-06
aave_v3_arbitrum,liquidation,return_shock,13,5.873368872061824e-07
aave_v3_arbitrum,liquidation,return_shock,14,3.272347959542983e-07
aave_v3_arbitrum,liquidation,return_shock,15,4.4405763706514127e-08
aave_v3_arbitrum,liquidation,return_shock,16,2.5600987275185766e-08
aave_v3_arbitrum,liquidation,return_shock,17,-6.379908678874093e-09
aave_v3_arbitrum,liquidation,return_shock,18,-1.217959613841064e-09
aave_v3_arbitrum,liquidation,return_shock,19,-3.0811483230733997e-09
aave_v3_arbitrum,liquidation,return_shock,20,-7.999241243910968e-10
aave_v3_arbitrum,liquidation,return_shock,21,-6.565056472015279e-10
aave_v3_arbitrum,liquidation,return_shock,22,-1.3800531036967034e-10
aave_v3_arbitrum,liquidation,return_shock,23,-9.301620463454346e-11
aave_v3_arbitrum,liquidation,return_shock,24,-8.674748748418707e-12
aave_v3_arbitrum,liquidation,return_shock,25,-7.869888109233838e-12
aave_v3_arbitrum,liquidation,return_shock,26,2.212726232622757e-12
aave_v3_arbitrum,liquidation,return_shock,27,1.2843903745860276e-13
aave_v3_arbitrum,liquidation,return_shock,28,9.023791814880727e-13
aave_v3_arbitrum,liquidation,return_shock,29,1.7674155947077479e-13
aave_v3_arbitrum,liquidation,return_shock,30,1.880423290994285e-13
aave_v3_arbitrum,liquidation,liquidation_shock,0,0.701554595909343
aave_v3_arbitrum,liquidation,liquidation_shock,1,0.1690232920509872
aave_v3_arbitrum,liquidation,liquidation_shock,2,0.11733074519524926
aave_v3_arbitrum,liquidation,liquidation_shock,3,0.026436198009197744
aave_v3_arbitrum,liquidation,liquidation_shock,4,0.014154938912337786
aave_v3_arbitrum,liquidation,liquidation_shock,5,0.0012133652758565293
aave_v3_arbitrum,liquidation,liquidation_shock,6,0.0007617525256160824
aave_v3_arbitrum,liquidation,liquidation_shock,7,-0.0004933800825777027
aave_v3_arbitrum,liquidation,liquidation_shock,8,-0.00013255815045023808
aave_v3_arbitrum,liquidation,liquidation_shock,9,-0.00017005010215337307
aave_v3_arbitrum,liquidation,liquidation_shock,10,-4.470632301223049e-05
aave_v3_arbitrum,liquidation,liquidation_shock,11,-3.2071912065787084e-05
aave_v3_arbitrum,liquidation,liquidation_shock,12,-6.298843127234009e-06
aave_v3_arbitrum,liquidation,liquidation_shock,13,-4.020324267356786e-06
aave_v3_arbitrum,liquidation,liquidation_shock,14,-1.799132381774147e-07
aave_v3_arbitrum,liquidation,liquidation_shock,15,-2.52163919870479e-07
aave_v3_arbitrum,liquidation,liquidation_shock,16,1.5491519990221584e-07
aave_v3_arbitrum,liquidation,liquidation_shock,17,2.5934176605198896e-08
aave_v3_arbitrum,liquidation,liquidation_shock,18,4.902520688764135e-08
aave_v3_arbitrum,liquidation,liquidation_shock,19,1.0172605312140207e-08
aave_v3_arbitrum,liquidation,liquidation_shock,20,9.148295600339713e-09
aave_v3_arbitrum,liquidation,liquidation_shock,21,1.3703472096327685e-09
aave_v3_arbitrum,liquidation,liquidation_shock,22,1.1745078814591546e-09
aave_v3_arbitrum,liquidation,liquidation_shock,23,-4.049200902364829e-12
aave_v3_arbitrum,liquidation,liquidation_shock,24,8.580962260092302e-11
aave_v3_arbitrum,liquidation,liquidation_shock,25,-4.9755102739481885e-11
aave_v3_arbitrum,liquidation,liquidation_shock,26,-3.487009622920502e-12
aave_v3_arbitrum,liquidation,liquidation_shock,27,-1.4432988731292774e-11
aave_v3_arbitrum,liquidation,liquidation_shock,28,-2.089417495632994e-12
aave_v3_arbitrum,liquidation,liquidation_shock,29,-2.663648236672685e-12
aave_v3_arbitrum,liquidation,liquidation_shock,30,-2.5601682447791235e-13
aave_v3_avalanche,basket_return,return_shock,0,0.4048230881513326
aave_v3_avalanche,basket_return,return_shock,1,-0.015976212426000662
aave_v3_avalanche,basket_return,return_shock,2,0.003984625951079575
aave_v3_avalanche,basket_return,return_shock,3,0.00030326557074415305
aave_v3_avalanche,basket_return,return_shock,4,0.00010244864687017278
aave_v3_avalanche,basket_return,return_shock,5,1.8694297984510267e-05
aave_v3_avalanche,basket_return,return_shock,6,4.130204666205332e-06
aave_v3_avalanche,basket_return,return_shock,7,8.523714177079318e-07
aave_v3_avalanche,basket_return,return_shock,8,1.8006186989817938e-07
aave_v3_avalanche,basket_return,return_shock,9,3.773057496165617e-08
aave_v3_avalanche,basket_return,return_shock,10,7.928341003555804e-09
aave_v3_avalanche,basket_return,return_shock,11,1.6643693521468942e-09
aave_v3_avalanche,basket_return,return_shock,12,3.4951271035768095e-10
aave_v3_avalanche,basket_return,return_shock,13,7.338811674290398e-11
aave_v3_avalanche,basket_return,return_shock,14,1.541011890756051e-11
aave_v3_avalanche,basket_return,return_shock,15,3.235788945585365e-12
aave_v3_avalanche,basket_return,return_shock,16,6.794483965624488e-13
aave_v3_avalanche,basket_return,return_shock,17,1.4266979735978564e-13
aave_v3_avalanche,basket_return,return_shock,18,2.9957658211251944e-14
aave_v3_avalanche,basket_return,return_shock,19,6.2904771904914676e-15
aave_v3_avalanche,basket_return,return_shock,20,1.3208677975937367e-15
aave_v3_avalanche,basket_return,return_shock,21,2.7735442703213153e-16
aave_v3_avalanche,basket_return,return_shock,22,5.823859054802542e-17
aave_v3_avalanche,basket_return,return_shock,23,1.2228877885889188e-17
aave_v3_avalanche,basket_return,return_shock,24,2.567806897270655e-18
aave_v3_avalanche,basket_return,return_shock,25,5.391853873209409e-19
aave_v3_avalanche,basket_return,return_shock,26,1.1321757965680433e-19
aave_v3_avalanche,basket_return,return_shock,27,2.3773308113016396e-20
aave_v3_avalanche,basket_return,return_shock,28,4.9918941948561864e-21
aave_v3_avalanche,basket_return,return_shock,29,1.048192684587814e-21
aave_v3_avalanche,basket_return,return_shock,30,2.200983957467349e-22
aave_v3_avalanche,basket_return,liquidation_shock,0,0.0
aave_v3_avalanche,basket_return,liquidation_shock,1,-0.023959181381453844
aave_v3_avalanche,basket_return,liquidation_shock,2,-0.003289563555033962
aave_v3_avalanche,basket_return,liquidation_shock,3,-0.0008173016380364285
aave_v3_avalanche,basket_return,liquidation_shock,4,-0.00016241753505161205
aave_v3_avalanche,basket_return,liquidation_shock,5,-3.477281992503373e-05
aave_v3_avalanche,basket_return,liquidation_shock,6,-7.252969185115172e-06
aave_v3_avalanche,basket_return,liquidation_shock,7,-1.5265024306135342e-06
aave_v3_avalanche,basket_return,liquidation_shock,8,-3.202766945749461e-07
aave_v3_avalanche,basket_return,liquidation_shock,9,-6.727001836319924e-08
aave_v3_avalanche,basket_return,liquidation_shock,10,-1.4123931713007297e-08
aave_v3_avalanche,basket_return,liquidation_shock,11,-2.9658268487949212e-09
aave_v3_avalanche,basket_return,liquidation_shock,12,-6.227540351794279e-10
aave_v3_avalanche,basket_return,liquidation_shock,13,-1.3076575686039844e-10
aave_v3_avalanche,basket_return,liquidation_shock,14,-2.745801804278044e-11
aave_v3_avalanche,basket_return,liquidation_shock,15,-5.765608454249272e-12
aave_v3_avalanche,basket_return,liquidation_shock,16,-1.2106561898903048e-12
aave_v3_avalanche,basket_return,liquidation_shock,17,-2.542123259771995e-13
aave_v3_avalanche,basket_return,liquidation_shock,18,-5.337923536643711e-14
aave_v3_avalanche,basket_return,liquidation_shock,19,-1.120851568944495e-14
aave_v3_avalanche,basket_return,liquidation_shock,20,-2.3535523118751426e-15
aave_v3_avalanche,basket_return,liquidation_shock,21,-4.941964356277404e-16
aave_v3_avalanche,basket_return,liquidation_shock,22,-1.0377084693857255e-16
aave_v3_avalanche,basket_return,liquidation_shock,23,-2.1789693130395638e-17
aave_v3_avalanche,basket_return,liquidation_shock,24,-4.5753768101657885e-18
aave_v3_avalanche,basket_return,liquidation_shock,25,-9.607328029213605e-19
aave_v3_avalanche,basket_return,liquidation_shock,26,-2.0173366192347804e-19
aave_v3_avalanche,basket_return,liquidation_shock,27,-4.235982182510169e-20
aave_v3_avalanche,basket_return,liquidation_shock,28,-8.894670765117981e-21
aave_v3_avalanche,basket_return,liquidation_shock,29,-1.8676935976395965e-21
aave_v3_avalanche,basket_return,liquidation_shock,30,-3.921763342093615e-22
aave_v3_avalanche,liquidation,return_shock,0,-0.08106372688739608
aave_v3_avalanche,liquidation,return_shock,1,-0.10296910498332706
aave_v3_avalanche,liquidation,return_shock,2,-0.015374660627529334
aave_v3_avalanche,liquidation,return_shock,3,-0.0036823657803227838
aave_v3_avalanche,liquidation,return_shock,4,-0.0007402216581192133
aave_v3_avalanche,liquidation,return_shock,5,-0.00015782924111138954
aave_v3_avalanche,liquidation,return_shock,6,-3.296651033135472e-05
aave_v3_avalanche,liquidation,return_shock,7,-6.934941828315494e-06
aave_v3_avalanche,liquidation,return_shock,8,-1.4552710139996256e-06
aave_v3_avalanche,liquidation,return_shock,9,-3.056431960660184e-07
aave_v3_avalanche,liquidation,return_shock,10,-6.417377247086261e-08
aave_v3_avalanche,liquidation,return_shock,11,-1.3475494650816111e-08
aave_v3_avalanche,liquidation,return_shock,12,-2.8295444786807493e-09
aave_v3_avalanche,liquidation,return_shock,13,-5.941466363777427e-10
aave_v3_avalanche,liquidation,return_shock,14,-1.2475814911268622e-10
aave_v3_avalanche,liquidation,return_shock,15,-2.6196594595095264e-11
aave_v3_avalanche,liquidation,return_shock,16,-5.500732620723007e-12
aave_v3_avalanche,liquidation,return_shock,17,-1.1550380933510714e-12
aave_v3_avalanche,liquidation,return_shock,18,-2.425336783409305e-13
aave_v3_avalanche,liquidation,return_shock,19,-5.09269665690135e-14
aave_v3_avalanche,liquidation,return_shock,20,-1.0693590773838223e-14
aave_v3_avalanche,liquidation,return_shock,21,-2.24542892754728e-15
aave_v3_avalanche,liquidation,return_shock,22,-4.714928007724298e-16
aave_v3_avalanche,liquidation,return_shock,23,-9.90035616447369e-17
aave_v3_avalanche,liquidation,return_shock,24,-2.0788663583541084e-17
aave_v3_avalanche,liquidation,return_shock,25,-4.365181680595058e-18
aave_v3_avalanche,liquidation,return_shock,26,-9.165962510187749e-19
aave_v3_avalanche,liquidation,return_shock,27,-1.9246591524932424e-19
aave_v3_avalanche,liquidation,return_shock,28,-4.0413790141004816e-20
aave_v3_avalanche,liquidation,return_shock,29,-8.486045082040884e-21
aave_v3_avalanche,liquidation,return_shock,30,-1.7818908071517705e-21
aave_v3_avalanche,liquidation,liquidation_shock,0,0.7583798643395266
aave_v3_avalanche,liquidation,liquidation_shock,1,0.13885145933731352
aave_v3_avalanche,liquidation,liquidation_shock,2,0.030638004647795505
aave_v3_avalanche,liquidation,liquidation_shock,3,0.006325614931382237
aave_v3_avalanche,liquidation,liquidation_shock,4,0.0013360751535745122
aave_v3_avalanche,liquidation,liquidation_shock,5,0.000279978625308831
aave_v3_avalanche,liquidation,liquidation_shock,6,5.883097393199418e-05
aave_v3_avalanche,liquidation,liquidation_shock,7,1.235026008674996e-05
aave_v3_avalanche,liquidation,liquidation_shock,8,2.5935130691105023e-06
aave_v3_avalanche,liquidation,liquidation_shock,9,5.445672640946497e-07
aave_v3_avalanche,liquidation,liquidation_shock,10,1.1434881449807266e-07
aave_v3_avalanche,liquidation,liquidation_shock,11,2.4010759738439398e-08
aave_v3_avalanche,liquidation,liquidation_shock,12,5.041760133083745e-09
aave_v3_avalanche,liquidation,liquidation_shock,13,1.0586630387054049e-09
aave_v3_avalanche,liquidation,liquidation_shock,14,2.222969818768363e-10
aave_v3_avalanche,liquidation,liquidation_shock,15,4.6677683747054497e-11
aave_v3_avalanche,liquidation,liquidation_shock,16,9.801331033175593e-12
aave_v3_avalanche,liquidation,liquidation_shock,17,2.0580731532894797e-12
aave_v3_avalanche,liquidation,liquidation_shock,18,4.321520336580447e-13
aave_v3_avalanche,liquidation,liquidation_shock,19,9.074282873451877e-14
aave_v3_avalanche,liquidation,liquidation_shock,20,1.905408359419023e-14
aave_v3_avalanche,liquidation,liquidation_shock,21,4.000956401247101e-15
aave_v3_avalanche,liquidation,liquidation_shock,22,8.40116610563158e-16
aave_v3_avalanche,liquidation,liquidation_shock,23,1.7640680090784694e-16
aave_v3_avalanche,liquidation,liquidation_shock,24,3.704171422835356e-17
aave_v3_avalanche,liquidation,liquidation_shock,25,7.777980134026528e-18
aave_v3_avalanche,liquidation,liquidation_shock,26,1.6332120752420452e-18
aave_v3_avalanche,liquidation,liquidation_shock,27,3.429401511384462e-19
aave_v3_avalanche,liquidation,liquidation_shock,28,7.201021168390153e-20
aave_v3_avalanche,liquidation,liquidation_shock,29,1.512062839403881e-20
aave_v3_avalanche,liquidation,liquidation_shock,30,3.175013622154523e-21
aave_v3_base,basket_return,return_shock,0,0.19544528490323204
aave_v3_base,basket_return,return_shock,1,-0.013720967156540543
aave_v3_base,basket_return,return_shock,2,0.01600842803788869
aave_v3_base,basket_return,return_shock,3,-0.013657910331775948
aave_v3_base,basket_return,return_shock,4,0.0034013705494617993
aave_v3_base,basket_return,return_shock,5,-0.001540796980948145
aave_v3_base,basket_return,return_shock,6,0.0014378647104143678
aave_v3_base,basket_return,return_shock,7,-0.00024577904581642813
aave_v3_base,basket_return,return_shock,8,0.00033675780327311206
aave_v3_base,basket_return,return_shock,9,-5.939965827274071e-05
aave_v3_base,basket_return,return_shock,10,8.954797402072618e-05
aave_v3_base,basket_return,return_shock,11,1.6469960124495481e-06
aave_v3_base,basket_return,return_shock,12,2.93201878132554e-05
aave_v3_base,basket_return,return_shock,13,5.587808530523079e-06
aave_v3_base,basket_return,return_shock,14,1.0066689099215544e-05
aave_v3_base,basket_return,return_shock,15,3.2660681612345476e-06
aave_v3_base,basket_return,return_shock,16,3.6410836405147416e-06
aave_v3_base,basket_return,return_shock,17,1.6417528464255817e-06
aave_v3_base,basket_return,return_shock,18,1.3999388480749256e-06
aave_v3_base,basket_return,return_shock,19,7.441487907365832e-07
aave_v3_base,basket_return,return_shock,20,5.598354819346908e-07
aave_v3_base,basket_return,return_shock,21,3.232793675102201e-07
aave_v3_base,basket_return,return_shock,22,2.275761973698716e-07
aave_v3_base,basket_return,return_shock,23,1.3840042384657594e-07
aave_v3_base,basket_return,return_shock,24,9.359925214317843e-08
aave_v3_base,basket_return,return_shock,25,5.856551037821386e-08
aave_v3_base,basket_return,return_shock,26,3.88173218603318e-08
aave_v3_base,basket_return,return_shock,27,2.4633738512827128e-08
aave_v3_base,basket_return,return_shock,28,1.6152416660774146e-08
aave_v3_base,basket_return,return_shock,29,1.0337269069389133e-08
aave_v3_base,basket_return,return_shock,30,6.7340523264147955e-09
aave_v3_base,basket_return,liquidation_shock,0,0.0
aave_v3_base,basket_return,liquidation_shock,1,0.018507244194673242
aave_v3_base,basket_return,liquidation_shock,2,-0.024686133395467266
aave_v3_base,basket_return,liquidation_shock,3,-0.024779286942683977
aave_v3_base,basket_return,liquidation_shock,4,-0.00457116562115021
aave_v3_base,basket_return,liquidation_shock,5,-0.00649368513630949
aave_v3_base,basket_return,liquidation_shock,6,-0.0035257170332559855
aave_v3_base,basket_return,liquidation_shock,7,-0.001852828221316014
aave_v3_base,basket_return,liquidation_shock,8,-0.0015001730332849898
aave_v3_base,basket_return,liquidation_shock,9,-0.0010034785430358376
aave_v3_base,basket_return,liquidation_shock,10,-0.0005537028647262575
aave_v3_base,basket_return,liquidation_shock,11,-0.0004098531613588798
aave_v3_base,basket_return,liquidation_shock,12,-0.000252082521502851
aave_v3_base,basket_return,liquidation_shock,13,-0.00016010224935343375
aave_v3_base,basket_return,liquidation_shock,14,-0.00010655924688974601
aave_v3_base,basket_return,liquidation_shock,15,-6.867258717027053e-05
aave_v3_base,basket_return,liquidation_shock,16,-4.3595460653658934e-05
aave_v3_base,basket_return,liquidation_shock,17,-2.879242629295806e-05
aave_v3_base,basket_return,liquidation_shock,18,-1.8416511374387234e-05
aave_v3_base,basket_return,liquidation_shock,19,-1.1906858277458652e-05
aave_v3_base,basket_return,liquidation_shock,20,-7.727805665936366e-06
aave_v3_base,basket_return,liquidation_shock,21,-4.989525660219289e-06
aave_v3_base,basket_return,liquidation_shock,22,-3.219980608169099e-06
aave_v3_base,basket_return,liquidation_shock,23,-2.088412317015761e-06
aave_v3_base,basket_return,liquidation_shock,24,-1.34760642356559e-06
aave_v3_base,basket_return,liquidation_shock,25,-8.716993056381208e-07
aave_v3_base,basket_return,liquidation_shock,26,-5.638587356975696e-07
aave_v3_base,basket_return,liquidation_shock,27,-3.644737037515362e-07
aave_v3_base,basket_return,liquidation_shock,28,-2.3562477168636502e-07
aave_v3_base,basket_return,liquidation_shock,29,-1.524150283609809e-07
aave_v3_base,basket_return,liquidation_shock,30,-9.851522796069562e-08
aave_v3_base,liquidation,return_shock,0,-0.02026062600460344
aave_v3_base,liquidation,return_shock,1,-0.0013763796295148275
aave_v3_base,liquidation,return_shock,2,-0.01989446683886832
aave_v3_base,liquidation,return_shock,3,-0.006892867575502878
aave_v3_base,liquidation,return_shock,4,-0.004400479420605207
aave_v3_base,liquidation,return_shock,5,-0.0030700382167905115
aave_v3_base,liquidation,return_shock,6,-0.001960359291836768
aave_v3_base,liquidation,return_shock,7,-0.001086764053412931
aave_v3_base,liquidation,return_shock,8,-0.0008868178201886308
aave_v3_base,liquidation,return_shock,9,-0.000499085135332703
aave_v3_base,liquidation,return_shock,10,-0.00033601296733232975
aave_v3_base,liquidation,return_shock,11,-0.0002189240833717765
aave_v3_base,liquidation,return_shock,12,-0.0001406279338477108
aave_v3_base,liquidation,return_shock,13,-8.931832924823572e-05
aave_v3_base,liquidation,return_shock,14,-5.958276505719385e-05
aave_v3_base,liquidation,return_shock,15,-3.759889184779257e-05
aave_v3_base,liquidation,return_shock,16,-2.4564340752765276e-05
aave_v3_base,liquidation,return_shock,17,-1.587145314154866e-05
aave_v3_base,liquidation,return_shock,18,-1.0252025259456329e-05
aave_v3_base,liquidation,return_shock,19,-6.6165489097473985e-06
aave_v3_base,liquidation,return_shock,20,-4.296065184980872e-06
aave_v3_base,liquidation,return_shock,21,-2.7668720778116396e-06
aave_v3_base,liquidation,return_shock,22,-1.7928072572435116e-06
aave_v3_base,liquidation,return_shock,23,-1.1586327159222992e-06
aave_v3_base,liquidation,return_shock,24,-7.491020580113913e-07
aave_v3_base,liquidation,return_shock,25,-4.842700180114386e-07
aave_v3_base,liquidation,return_shock,26,-3.1329114259102304e-07
aave_v3_base,liquidation,return_shock,27,-2.0244714930714703e-07
aave_v3_base,liquidation,return_shock,28,-1.3095012659376374e-07
aave_v3_base,liquidation,return_shock,29,-8.465857032177079e-08
aave_v3_base,liquidation,return_shock,30,-5.473962938996281e-08
aave_v3_base,liquidation,liquidation_shock,0,0.932816610827001
aave_v3_base,liquidation,liquidation_shock,1,0.12183832699730203
aave_v3_base,liquidation,liquidation_shock,2,0.10747473891478236
aave_v3_base,liquidation,liquidation_shock,3,0.15836742839108053
aave_v3_base,liquidation,liquidation_shock,4,0.0505728779858495
aave_v3_base,liquidation,liquidation_shock,5,0.04012697791695176
aave_v3_base,liquidation,liquidation_shock,6,0.03368341230732822
aave_v3_base,liquidation,liquidation_shock,7,0.01623328833150383
aave_v3_base,liquidation,liquidation_shock,8,0.011587880010640837
aave_v3_base,liquidation,liquidation_shock,9,0.008155456860239003
aave_v3_base,liquidation,liquidation_shock,10,0.0046902334391444684
aave_v3_base,liquidation,liquidation_shock,11,0.0031861889060474475
aave_v3_base,liquidation,liquidation_shock,12,0.0021099545425969906
aave_v3_base,liquidation,liquidation_shock,13,0.0013054480838775619
aave_v3_base,liquidation,liquidation_shock,14,0.0008629163526277751
aave_v3_base,liquidation,liquidation_shock,15,0.0005613585939125087
aave_v3_base,liquidation,liquidation_shock,16,0.000357032323383767
aave_v3_base,liquidation,liquidation_shock,17,0.0002331457486515316
aave_v3_base,liquidation,liquidation_shock,18,0.00015087734427982267
aave_v3_base,liquidation,liquidation_shock,19,9.69881113799998e-05
aave_v3_base,liquidation,liquidation_shock,20,6.296963818253923e-05
aave_v3_base,liquidation,liquidation_shock,21,4.0709029775946885e-05
aave_v3_base,liquidation,liquidation_shock,22,2.6267468442338645e-05
aave_v3_base,liquidation,liquidation_shock,23,1.7013424761699292e-05
aave_v3_base,liquidation,liquidation_shock,24,1.0997533490458532e-05
aave_v3_base,liquidation,liquidation_shock,25,7.1059972081345235e-06
aave_v3_base,liquidation,liquidation_shock,26,4.597743880429211e-06
aave_v3_base,liquidation,liquidation_shock,27,2.9723138007707093e-06
aave_v3_base,liquidation,liquidation_shock,28,1.921420390770106e-06
aave_v3_base,liquidation,liquidation_shock,29,1.2426955542961964e-06
aave_v3_base,liquidation,liquidation_shock,30,8.034295469896077e-07
aave_v3_binance,basket_return,return_shock,0,0.3781479576314391
aave_v3_binance,basket_return,return_shock,1,-0.03474653423371533
aave_v3_binance,basket_return,return_shock,2,0.008953381590865934
aave_v3_binance,basket_return,return_shock,3,-0.020592133853761067
aave_v3_binance,basket_return,return_shock,4,0.0037345108828236344
aave_v3_binance,basket_return,return_shock,5,-0.026939671137165867
aave_v3_binance,basket_return,return_shock,6,-0.021511391679244304
aave_v3_binance,basket_return,return_shock,7,0.031515314109396474
aave_v3_binance,basket_return,return_shock,8,-0.004777525823785468
aave_v3_binance,basket_return,return_shock,9,0.002055655722134082
aave_v3_binance,basket_return,return_shock,10,-0.0037373890540779407
aave_v3_binance,basket_return,return_shock,11,0.0015682846665857593
aave_v3_binance,basket_return,return_shock,12,-0.003049887721404407
aave_v3_binance,basket_return,return_shock,13,-0.0029282583657860026
aave_v3_binance,basket_return,return_shock,14,0.0018782811068987191
aave_v3_binance,basket_return,return_shock,15,-0.0008897435782712196
aave_v3_binance,basket_return,return_shock,16,-5.7202248368280244e-06
aave_v3_binance,basket_return,return_shock,17,-0.0008609822663447778
aave_v3_binance,basket_return,return_shock,18,-8.060387412366481e-05
aave_v3_binance,basket_return,return_shock,19,-0.0004092838426151847
aave_v3_binance,basket_return,return_shock,20,-0.00040854893414009417
aave_v3_binance,basket_return,return_shock,21,-7.04742878263192e-05
aave_v3_binance,basket_return,return_shock,22,-0.0002467112236190445
aave_v3_binance,basket_return,return_shock,23,-0.00012183786534445034
aave_v3_binance,basket_return,return_shock,24,-0.00022398595872414332
aave_v3_binance,basket_return,return_shock,25,-0.0001277821608790603
aave_v3_binance,basket_return,return_shock,26,-0.00012114127840297388
aave_v3_binance,basket_return,return_shock,27,-0.00010864844706924352
aave_v3_binance,basket_return,return_shock,28,-8.46578353851984e-05
aave_v3_binance,basket_return,return_shock,29,-8.839659544931823e-05
aave_v3_binance,basket_return,return_shock,30,-6.584974322613595e-05
aave_v3_binance,basket_return,liquidation_shock,0,0.0
aave_v3_binance,basket_return,liquidation_shock,1,-0.014486245129552943
aave_v3_binance,basket_return,liquidation_shock,2,0.08147122523747594
aave_v3_binance,basket_return,liquidation_shock,3,0.015022794231532355
aave_v3_binance,basket_return,liquidation_shock,4,0.04339425588519785
aave_v3_binance,basket_return,liquidation_shock,5,-0.009718301760728396
aave_v3_binance,basket_return,liquidation_shock,6,0.0024789797029108407
aave_v3_binance,basket_return,liquidation_shock,7,0.02499616236713011
aave_v3_binance,basket_return,liquidation_shock,8,0.0064337669003615115
aave_v3_binance,basket_return,liquidation_shock,9,0.018591146324154696
aave_v3_binance,basket_return,liquidation_shock,10,0.0076794590239598545
aave_v3_binance,basket_return,liquidation_shock,11,0.013305256104682146
aave_v3_binance,basket_return,liquidation_shock,12,0.002302869317149431
aave_v3_binance,basket_return,liquidation_shock,13,0.004556910658475688
aave_v3_binance,basket_return,liquidation_shock,14,0.007323980365383392
aave_v3_binance,basket_return,liquidation_shock,15,0.004622927546181798
aave_v3_binance,basket_return,liquidation_shock,16,0.005233926184016585
aave_v3_binance,basket_return,liquidation_shock,17,0.0035272719271576846
aave_v3_binance,basket_return,liquidation_shock,18,0.004009755971287259
aave_v3_binance,basket_return,liquidation_shock,19,0.0023431882333636287
aave_v3_binance,basket_return,liquidation_shock,20,0.0024272668263430127
aave_v3_binance,basket_return,liquidation_shock,21,0.0024681177565036246
aave_v3_binance,basket_return,liquidation_shock,22,0.002031964934445331
aave_v3_binance,basket_return,liquidation_shock,23,0.0018734274349213504
aave_v3_binance,basket_return,liquidation_shock,24,0.0015139441720765435
aave_v3_binance,basket_return,liquidation_shock,25,0.00142933866527188
aave_v3_binance,basket_return,liquidation_shock,26,0.0011420574484934957
aave_v3_binance,basket_return,liquidation_shock,27,0.0010494559740640947
aave_v3_binance,basket_return,liquidation_shock,28,0.0009490966838580911
aave_v3_binance,basket_return,liquidation_shock,29,0.0008274583461438732
aave_v3_binance,basket_return,liquidation_shock,30,0.0007339067450930947
aave_v3_binance,liquidation,return_shock,0,-0.055413261329777586
aave_v3_binance,liquidation,return_shock,1,-0.07267860809159916
aave_v3_binance,liquidation,return_shock,2,-0.006468191438839419
aave_v3_binance,liquidation,return_shock,3,-0.020230340458041944
aave_v3_binance,liquidation,return_shock,4,-0.013137233178421116
aave_v3_binance,liquidation,return_shock,5,0.015053969488921282
aave_v3_binance,liquidation,return_shock,6,0.016647008592738207
aave_v3_binance,liquidation,return_shock,7,-0.026331282766422947
aave_v3_binance,liquidation,return_shock,8,-0.015945624929040954
aave_v3_binance,liquidation,return_shock,9,-0.005516751996366606
aave_v3_binance,liquidation,return_shock,10,-0.006041287303158774
aave_v3_binance,liquidation,return_shock,11,-0.0062458902125545656
aave_v3_binance,liquidation,return_shock,12,-0.00026038075677106573
aave_v3_binance,liquidation,return_shock,13,0.000284239565288803
aave_v3_binance,liquidation,return_shock,14,-0.005658043698112187
aave_v3_binance,liquidation,return_shock,15,-0.0038692434364400374
aave_v3_binance,liquidation,return_shock,16,-0.0024684628993406218
aave_v3_binance,liquidation,return_shock,17,-0.0020570850010764624
aave_v3_binance,liquidation,return_shock,18,-0.002055034667515642
aave_v3_binance,liquidation,return_shock,19,-0.0012317901311966898
aave_v3_binance,liquidation,return_shock,20,-0.0010719332516185324
aave_v3_binance,liquidation,return_shock,21,-0.0015414535587572767
aave_v3_binance,liquidation,return_shock,22,-0.0012390211658691648
aave_v3_binance,liquidation,return_shock,23,-0.0010078223840060759
aave_v3_binance,liquidation,return_shock,24,-0.0008328426459054543
aave_v3_binance,liquidation,return_shock,25,-0.0007586828227196194
aave_v3_binance,liquidation,return_shock,26,-0.0006283389652694424
aave_v3_binance,liquidation,return_shock,27,-0.0005632655431008555
aave_v3_binance,liquidation,return_shock,28,-0.0005430833501946286
aave_v3_binance,liquidation,return_shock,29,-0.000465772064704881
aave_v3_binance,liquidation,return_shock,30,-0.0004044458593457781
aave_v3_binance,liquidation,liquidation_shock,0,0.7477095139562383
aave_v3_binance,liquidation,liquidation_shock,1,0.17066210964011072
aave_v3_binance,liquidation,liquidation_shock,2,0.0929295017095972
aave_v3_binance,liquidation,liquidation_shock,3,0.06682628883553714
aave_v3_binance,liquidation,liquidation_shock,4,0.07895920471520429
aave_v3_binance,liquidation,liquidation_shock,5,0.07919954299425885
aave_v3_binance,liquidation,liquidation_shock,6,0.1005982791429374
aave_v3_binance,liquidation,liquidation_shock,7,0.1149438553124737
aave_v3_binance,liquidation,liquidation_shock,8,0.06952192315605756
aave_v3_binance,liquidation,liquidation_shock,9,0.051345014650050515
aave_v3_binance,liquidation,liquidation_shock,10,0.04362975152055356
aave_v3_binance,liquidation,liquidation_shock,11,0.03928909382467687
aave_v3_binance,liquidation,liquidation_shock,12,0.040487512872603326
aave_v3_binance,liquidation,liquidation_shock,13,0.03978605273597447
aave_v3_binance,liquidation,liquidation_shock,14,0.03342621378212137
aave_v3_binance,liquidation,liquidation_shock,15,0.027228653515938887
aave_v3_binance,liquidation,liquidation_shock,16,0.022889856923930064
aave_v3_binance,liquidation,liquidation_shock,17,0.0200662570388988
aave_v3_binance,liquidation,liquidation_shock,18,0.017576677488883596
aave_v3_binance,liquidation,liquidation_shock,19,0.01662958482190482
aave_v3_binance,liquidation,liquidation_shock,20,0.01500652464138989
aave_v3_binance,liquidation,liquidation_shock,21,0.012719012855193775
aave_v3_binance,liquidation,liquidation_shock,22,0.01098742389308322
aave_v3_binance,liquidation,liquidation_shock,23,0.009570762149765015
aave_v3_binance,liquidation,liquidation_shock,24,0.008436429328840403
aave_v3_binance,liquidation,liquidation_shock,25,0.0074119246482220865
aave_v3_binance,liquidation,liquidation_shock,26,0.006677047722570595
aave_v3_binance,liquidation,liquidation_shock,27,0.005894357777717175
aave_v3_binance,liquidation,liquidation_shock,28,0.005114371661174795
aave_v3_binance,liquidation,liquidation_shock,29,0.004473601695237139
aave_v3_binance,liquidation,liquidation_shock,30,0.003926312658603671
aave_v3_ethereum,basket_return,return_shock,0,0.1729408935686121
aave_v3_ethereum,basket_return,return_shock,1,-0.011902336110319699
aave_v3_ethereum,basket_return,return_shock,2,0.012874707339044887
aave_v3_ethereum,basket_return,return_shock,3,-0.011899997435332207
aave_v3_ethereum,basket_return,return_shock,4,0.0013887261609724115
aave_v3_ethereum,basket_return,return_shock,5,-0.002420807841488135
aave_v3_ethereum,basket_return,return_shock,6,0.00010988741584460625
aave_v3_ethereum,basket_return,return_shock,7,-0.0005788799891451616
aave_v3_ethereum,basket_return,return_shock,8,-5.469278381627168e-05
aave_v3_ethereum,basket_return,return_shock,9,-0.0001812945351003717
aave_v3_ethereum,basket_return,return_shock,10,-4.568437382904115e-05
aave_v3_ethereum,basket_return,return_shock,11,-5.695007557462778e-05
aave_v3_ethereum,basket_return,return_shock,12,-2.250594612461503e-05
aave_v3_ethereum,basket_return,return_shock,13,-1.9386225561932502e-05
aave_v3_ethereum,basket_return,return_shock,14,-9.338488812313468e-06
aave_v3_ethereum,basket_return,return_shock,15,-6.931352348470223e-06
aave_v3_ethereum,basket_return,return_shock,16,-3.726112737866717e-06
aave_v3_ethereum,basket_return,return_shock,17,-2.52565083847478e-06
aave_v3_ethereum,basket_return,return_shock,18,-1.4489316278318506e-06
aave_v3_ethereum,basket_return,return_shock,19,-9.374375497674844e-07
aave_v3_ethereum,basket_return,return_shock,20,-5.54842289800343e-07
aave_v3_ethereum,basket_return,return_shock,21,-3.5081632961334496e-07
aave_v3_ethereum,basket_return,return_shock,22,-2.1129461786092024e-07
aave_v3_ethereum,basket_return,return_shock,23,-1.318178725057836e-07
aave_v3_ethereum,basket_return,return_shock,24,-8.016943632950928e-08
aave_v3_ethereum,basket_return,return_shock,25,-4.967102254401093e-08
aave_v3_ethereum,basket_return,return_shock,26,-3.035670668648838e-08
aave_v3_ethereum,basket_return,return_shock,27,-1.8740715872944387e-08
aave_v3_ethereum,basket_return,return_shock,28,-1.1484534905375473e-08
aave_v3_ethereum,basket_return,return_shock,29,-7.0756807795283436e-09
aave_v3_ethereum,basket_return,return_shock,30,-4.342404758110289e-09
aave_v3_ethereum,basket_return,liquidation_shock,0,0.0
aave_v3_ethereum,basket_return,liquidation_shock,1,-0.022726554382181526
aave_v3_ethereum,basket_return,liquidation_shock,2,0.07576443038841789
aave_v3_ethereum,basket_return,liquidation_shock,3,-0.0035751773151220336
aave_v3_ethereum,basket_return,liquidation_shock,4,0.01089194075060882
aave_v3_ethereum,basket_return,liquidation_shock,5,0.0047089712803296034
aave_v3_ethereum,basket_return,liquidation_shock,6,0.003438592953062557
aave_v3_ethereum,basket_return,liquidation_shock,7,0.0012682282514755627
aave_v3_ethereum,basket_return,liquidation_shock,8,0.001449164197662918
aave_v3_ethereum,basket_return,liquidation_shock,9,0.0005928270426061778
aave_v3_ethereum,basket_return,liquidation_shock,10,0.00045209747807875377
aave_v3_ethereum,basket_return,liquidation_shock,11,0.000255472151566324
aave_v3_ethereum,basket_return,liquidation_shock,12,0.00016843689443810366
aave_v3_ethereum,basket_return,liquidation_shock,13,9.503449484136347e-05
aave_v3_ethereum,basket_return,liquidation_shock,14,6.326066389212496e-05
aave_v3_ethereum,basket_return,liquidation_shock,15,3.689798961436666e-05
aave_v3_ethereum,basket_return,liquidation_shock,16,2.333874902961711e-05
aave_v3_ethereum,basket_return,liquidation_shock,17,1.4108755206638444e-05
aave_v3_ethereum,basket_return,liquidation_shock,18,8.798340588541573e-06
aave_v3_ethereum,basket_return,liquidation_shock,19,5.335737267167107e-06
aave_v3_ethereum,basket_return,liquidation_shock,20,3.3156603601670786e-06
aave_v3_ethereum,basket_return,liquidation_shock,21,2.0237784064774405e-06
aave_v3_ethereum,basket_return,liquidation_shock,22,1.2494369955518313e-06
aave_v3_ethereum,basket_return,liquidation_shock,23,7.657674153593166e-07
aave_v3_ethereum,basket_return,liquidation_shock,24,4.718905080351354e-07
aave_v3_ethereum,basket_return,liquidation_shock,25,2.894867826147388e-07
aave_v3_ethereum,basket_return,liquidation_shock,26,1.78223725240059e-07
aave_v3_ethereum,basket_return,liquidation_shock,27,1.0944586124805407e-07
aave_v3_ethereum,basket_return,liquidation_shock,28,6.732392014287217e-08
aave_v3_ethereum,basket_return,liquidation_shock,29,4.1364722243829555e-08
aave_v3_ethereum,basket_return,liquidation_shock,30,2.5437635675114996e-08
aave_v3_ethereum,liquidation,return_shock,0,-0.04284275096884372
aave_v3_ethereum,liquidation,return_shock,1,-0.05138551657573506
aave_v3_ethereum,liquidation,return_shock,2,-0.02152964854965891
aave_v3_ethereum,liquidation,return_shock,3,-0.013728070989810486
aave_v3_ethereum,liquidation,return_shock,4,-0.008917416136067202
aave_v3_ethereum,liquidation,return_shock,5,-0.005143505864285489
aave_v3_ethereum,liquidation,return_shock,6,-0.0030885982019477473
aave_v3_ethereum,liquidation,return_shock,7,-0.0020209227507647564
aave_v3_ethereum,liquidation,return_shock,8,-0.0011989117388193362
aave_v3_ethereum,liquidation,return_shock,9,-0.0007412059145592704
aave_v3_ethereum,liquidation,return_shock,10,-0.0004583548091089187
aave_v3_ethereum,liquidation,return_shock,11,-0.0002813910118176445
aave_v3_ethereum,liquidation,return_shock,12,-0.00017198934586342562
aave_v3_ethereum,liquidation,return_shock,13,-0.00010642595143671245
aave_v3_ethereum,liquidation,return_shock,14,-6.519896992851699e-05
aave_v3_ethereum,liquidation,return_shock,15,-4.01026857579468e-05
aave_v3_ethereum,liquidation,return_shock,16,-2.4654723039587463e-05
aave_v3_ethereum,liquidation,return_shock,17,-1.516232841870236e-05
aave_v3_ethereum,liquidation,return_shock,18,-9.312417344498678e-06
aave_v3_ethereum,liquidation,return_shock,19,-5.728757379572837e-06
aave_v3_ethereum,liquidation,return_shock,20,-3.5203019814303574e-06
aave_v3_ethereum,liquidation,return_shock,21,-2.164228631239578e-06
aave_v3_ethereum,liquidation,return_shock,22,-1.3303024200685136e-06
aave_v3_ethereum,liquidation,return_shock,23,-8.178500956793597e-07
aave_v3_ethereum,liquidation,return_shock,24,-5.026860543475457e-07
aave_v3_ethereum,liquidation,return_shock,25,-3.0903737148324406e-07
aave_v3_ethereum,liquidation,return_shock,26,-1.899623524115495e-07
aave_v3_ethereum,liquidation,return_shock,27,-1.1677583909237065e-07
aave_v3_ethereum,liquidation,return_shock,28,-7.178295352894683e-08
aave_v3_ethereum,liquidation,return_shock,29,-4.4127120413106724e-08
aave_v3_ethereum,liquidation,return_shock,30,-2.7125288965043383e-08
aave_v3_ethereum,liquidation,liquidation_shock,0,0.714467088447789
aave_v3_ethereum,liquidation,liquidation_shock,1,0.17884510400843226
aave_v3_ethereum,liquidation,liquidation_shock,2,0.087560519099095
aave_v3_ethereum,liquidation,liquidation_shock,3,0.10263339086124575
aave_v3_ethereum,liquidation,liquidation_shock,4,0.04883043384009702
aave_v3_ethereum,liquidation,liquidation_shock,5,0.02689539180235504
aave_v3_ethereum,liquidation,liquidation_shock,6,0.020195329953143826
aave_v3_ethereum,liquidation,liquidation_shock,7,0.011543239075822184
aave_v3_ethereum,liquidation,liquidation_shock,8,0.006832081003455248
aave_v3_ethereum,liquidation,liquidation_shock,9,0.00443290533869586
aave_v3_ethereum,liquidation,liquidation_shock,10,0.0026867682871778795
aave_v3_ethereum,liquidation,liquidation_shock,11,0.0016248862347464379
aave_v3_ethereum,liquidation,liquidation_shock,12,0.0010159679452302155
aave_v3_ethereum,liquidation,liquidation_shock,13,0.0006222567064791785
aave_v3_ethereum,liquidation,liquidation_shock,14,0.0003806815118410843
aave_v3_ethereum,liquidation,liquidation_shock,15,0.00023498990457970976
aave_v3_ethereum,liquidation,liquidation_shock,16,0.00014443139640060704
aave_v3_ethereum,liquidation,liquidation_shock,17,8.861337641977004e-05
aave_v3_ethereum,liquidation,liquidation_shock,18,5.45463635280774e-05
aave_v3_ethereum,liquidation,liquidation_shock,19,3.352848340154886e-05
aave_v3_ethereum,liquidation,liquidation_shock,20,2.060047627581783e-05
aave_v3_ethereum,liquidation,liquidation_shock,21,1.2666924371473554e-05
aave_v3_ethereum,liquidation,liquidation_shock,22,7.787291874278509e-06
aave_v3_ethereum,liquidation,liquidation_shock,23,4.786023666479536e-06
aave_v3_ethereum,liquidation,liquidation_shock,24,2.9423554096734813e-06
aave_v3_ethereum,liquidation,liquidation_shock,25,1.8087423717330672e-06
aave_v3_ethereum,liquidation,liquidation_shock,26,1.111820257248819e-06
aave_v3_ethereum,liquidation,liquidation_shock,27,6.834640112219092e-07
aave_v3_ethereum,liquidation,liquidation_shock,28,4.201449638002719e-07
aave_v3_ethereum,liquidation,liquidation_shock,29,2.5826563271321416e-07
aave_v3_ethereum,liquidation,liquidation_shock,30,1.5876173993760505e-07
aave_v3_gnosis,basket_return,return_shock,0,0.2875088701816246
aave_v3_gnosis,basket_return,return_shock,1,-0.01297429723926777
aave_v3_gnosis,basket_return,return_shock,2,0.00529603114085455
aave_v3_gnosis,basket_return,return_shock,3,-0.021477048870622267
aave_v3_gnosis,basket_return,return_shock,4,0.0033495580388383244
aave_v3_gnosis,basket_return,return_shock,5,-0.0009256678623778674
aave_v3_gnosis,basket_return,return_shock,6,0.0016695579033055442
aave_v3_gnosis,basket_return,return_shock,7,-0.00025466667993311477
aave_v3_gnosis,basket_return,return_shock,8,0.00015468828606963323
aave_v3_gnosis,basket_return,return_shock,9,-0.00010862231743235088
aave_v3_gnosis,basket_return,return_shock,10,5.448876895373269e-05
aave_v3_gnosis,basket_return,return_shock,11,-2.2070962330817736e-06
aave_v3_gnosis,basket_return,return_shock,12,1.831938967075327e-05
aave_v3_gnosis,basket_return,return_shock,13,2.04567303442488e-06
aave_v3_gnosis,basket_return,return_shock,14,5.0197165477978165e-06
aave_v3_gnosis,basket_return,return_shock,15,1.5286623448066507e-06
aave_v3_gnosis,basket_return,return_shock,16,2.0449756525565706e-06
aave_v3_gnosis,basket_return,return_shock,17,1.010891017713204e-06
aave_v3_gnosis,basket_return,return_shock,18,8.625245735713721e-07
aave_v3_gnosis,basket_return,return_shock,19,5.028615104019941e-07
aave_v3_gnosis,basket_return,return_shock,20,3.7698430963626637e-07
aave_v3_gnosis,basket_return,return_shock,21,2.399648939468761e-07
aave_v3_gnosis,basket_return,return_shock,22,1.7168318969492096e-07
aave_v3_gnosis,basket_return,return_shock,23,1.1345363008820126e-07
aave_v3_gnosis,basket_return,return_shock,24,7.878928759018699e-08
aave_v3_gnosis,basket_return,return_shock,25,5.293726494960596e-08
aave_v3_gnosis,basket_return,return_shock,26,3.6360887814973085e-08
aave_v3_gnosis,basket_return,return_shock,27,2.46121457227431e-08
aave_v3_gnosis,basket_return,return_shock,28,1.68298431399502e-08
aave_v3_gnosis,basket_return,return_shock,29,1.1429773705663839e-08
aave_v3_gnosis,basket_return,return_shock,30,7.796567000180879e-09
aave_v3_gnosis,basket_return,liquidation_shock,0,0.0
aave_v3_gnosis,basket_return,liquidation_shock,1,-0.028390254400394496
aave_v3_gnosis,basket_return,liquidation_shock,2,0.0399828188421979
aave_v3_gnosis,basket_return,liquidation_shock,3,-0.024696306777152267
aave_v3_gnosis,basket_return,liquidation_shock,4,-0.0011827607432117807
aave_v3_gnosis,basket_return,liquidation_shock,5,-0.0016564767637519287
aave_v3_gnosis,basket_return,liquidation_shock,6,-0.0011070637637180711
aave_v3_gnosis,basket_return,liquidation_shock,7,-0.0012305041545003185
aave_v3_gnosis,basket_return,liquidation_shock,8,-0.0002445291294973988
aave_v3_gnosis,basket_return,liquidation_shock,9,-0.0005547545624277185
aave_v3_gnosis,basket_return,liquidation_shock,10,-0.0002602461376584936
aave_v3_gnosis,basket_return,liquidation_shock,11,-0.0001887214926135739
aave_v3_gnosis,basket_return,liquidation_shock,12,-0.00012629123278353648
aave_v3_gnosis,basket_return,liquidation_shock,13,-9.162061985215751e-05
aave_v3_gnosis,basket_return,liquidation_shock,14,-5.697860119627662e-05
aave_v3_gnosis,basket_return,liquidation_shock,15,-4.17905536157755e-05
aave_v3_gnosis,basket_return,liquidation_shock,16,-2.7561079791985166e-05
aave_v3_gnosis,basket_return,liquidation_shock,17,-1.8892996689306264e-05
aave_v3_gnosis,basket_return,liquidation_shock,18,-1.2823604931761871e-05
aave_v3_gnosis,basket_return,liquidation_shock,19,-8.790862413196055e-06
aave_v3_gnosis,basket_return,liquidation_shock,20,-5.938844117459733e-06
aave_v3_gnosis,basket_return,liquidation_shock,21,-4.067495639626685e-06
aave_v3_gnosis,basket_return,liquidation_shock,22,-2.762773748644076e-06
aave_v3_gnosis,basket_return,liquidation_shock,23,-1.8825909426100494e-06
aave_v3_gnosis,basket_return,liquidation_shock,24,-1.281395418730143e-06
aave_v3_gnosis,basket_return,liquidation_shock,25,-8.731386120041845e-07
aave_v3_gnosis,basket_return,liquidation_shock,26,-5.941584484075122e-07
aave_v3_gnosis,basket_return,liquidation_shock,27,-4.047776159943074e-07
aave_v3_gnosis,basket_return,liquidation_shock,28,-2.7557717016582707e-07
aave_v3_gnosis,basket_return,liquidation_shock,29,-1.8766680504861942e-07
aave_v3_gnosis,basket_return,liquidation_shock,30,-1.2778521186699368e-07
aave_v3_gnosis,liquidation,return_shock,0,-0.023495605070311565
aave_v3_gnosis,liquidation,return_shock,1,-0.04226819056543232
aave_v3_gnosis,liquidation,return_shock,2,-0.005396847674103349
aave_v3_gnosis,liquidation,return_shock,3,-0.00807123581473883
aave_v3_gnosis,liquidation,return_shock,4,-0.00549269378848217
aave_v3_gnosis,liquidation,return_shock,5,-0.0036221261854979684
aave_v3_gnosis,liquidation,return_shock,6,-0.002446821244338685
aave_v3_gnosis,liquidation,return_shock,7,-0.0019041314155589543
aave_v3_gnosis,liquidation,return_shock,8,-0.00113202223793412
aave_v3_gnosis,liquidation,return_shock,9,-0.0008078654301966256
aave_v3_gnosis,liquidation,return_shock,10,-0.000549516389121166
aave_v3_gnosis,liquidation,return_shock,11,-0.0003735192148659548
aave_v3_gnosis,liquidation,return_shock,12,-0.0002530538527488743
aave_v3_gnosis,liquidation,return_shock,13,-0.00017441356493265746
aave_v3_gnosis,liquidation,return_shock,14,-0.0001175577508963378
aave_v3_gnosis,liquidation,return_shock,15,-8.034223516705366e-05
aave_v3_gnosis,liquidation,return_shock,16,-5.469582768297591e-05
aave_v3_gnosis,liquidation,return_shock,17,-3.724691141541905e-05
aave_v3_gnosis,liquidation,return_shock,18,-2.5345909962108857e-05
aave_v3_gnosis,liquidation,return_shock,19,-1.7277306585870793e-05
aave_v3_gnosis,liquidation,return_shock,20,-1.1755839570449356e-05
aave_v3_gnosis,liquidation,return_shock,21,-8.007391044387013e-06
aave_v3_gnosis,liquidation,return_shock,22,-5.452430093003835e-06
aave_v3_gnosis,liquidation,return_shock,23,-3.712920284289606e-06
aave_v3_gnosis,liquidation,return_shock,24,-2.5281239560049095e-06
aave_v3_gnosis,liquidation,return_shock,25,-1.7216760338546503e-06
aave_v3_gnosis,liquidation,return_shock,26,-1.1723034658131844e-06
aave_v3_gnosis,liquidation,return_shock,27,-7.982966818106572e-07
aave_v3_gnosis,liquidation,return_shock,28,-5.435969041425102e-07
aave_v3_gnosis,liquidation,return_shock,29,-3.701632438227685e-07
aave_v3_gnosis,liquidation,return_shock,30,-2.520604873969078e-07
aave_v3_gnosis,liquidation,liquidation_shock,0,0.8808539620748806
aave_v3_gnosis,liquidation,liquidation_shock,1,0.2063959731625429
aave_v3_gnosis,liquidation,liquidation_shock,2,0.1396156239548152
aave_v3_gnosis,liquidation,liquidation_shock,3,0.16924632573793608
aave_v3_gnosis,liquidation,liquidation_shock,4,0.08576921042080972
aave_v3_gnosis,liquidation,liquidation_shock,5,0.056132405849871385
aave_v3_gnosis,liquidation,liquidation_shock,6,0.045110621670916284
aave_v3_gnosis,liquidation,liquidation_shock,7,0.028101901400651618
aave_v3_gnosis,liquidation,liquidation_shock,8,0.01895110035666266
aave_v3_gnosis,liquidation,liquidation_shock,9,0.013467795388283766
aave_v3_gnosis,liquidation,liquidation_shock,10,0.008980968696551723
aave_v3_gnosis,liquidation,liquidation_shock,11,0.006082746445787907
aave_v3_gnosis,liquidation,liquidation_shock,12,0.004194693587722178
aave_v3_gnosis,liquidation,liquidation_shock,13,0.0028393646090032554
aave_v3_gnosis,liquidation,liquidation_shock,14,0.0019308781279770662
aave_v3_gnosis,liquidation,liquidation_shock,15,0.0013190211007939807
aave_v3_gnosis,liquidation,liquidation_shock,16,0.0008970124307088978
aave_v3_gnosis,liquidation,liquidation_shock,17,0.0006104655301904266
aave_v3_gnosis,liquidation,liquidation_shock,18,0.0004160909330000969
aave_v3_gnosis,liquidation,liquidation_shock,19,0.0002832292458021801
aave_v3_gnosis,liquidation,liquidation_shock,20,0.0001928374556054552
aave_v3_gnosis,liquidation,liquidation_shock,21,0.0001313430725524765
aave_v3_gnosis,liquidation,liquidation_shock,22,8.943109286659343e-05
aave_v3_gnosis,liquidation,liquidation_shock,23,6.089463604850593e-05
aave_v3_gnosis,liquidation,liquidation_shock,24,4.146905814291504e-05
aave_v3_gnosis,liquidation,liquidation_shock,25,2.823766041654168e-05
aave_v3_gnosis,liquidation,liquidation_shock,26,1.922815377386345e-05
aave_v3_gnosis,liquidation,liquidation_shock,27,1.3093611501862965e-05
aave_v3_gnosis,liquidation,liquidation_shock,28,8.916045698492478e-06
aave_v3_gnosis,liquidation,liquidation_shock,29,6.071342593145761e-06
aave_v3_gnosis,liquidation,liquidation_shock,30,4.134296039961056e-06
aave_v3_linea,basket_return,return_shock,0,0.25910233565506063
aave_v3_linea,basket_return,return_shock,1,-0.013093070899949783
aave_v3_linea,basket_return,return_shock,2,0.005865204128536042
aave_v3_linea,basket_return,return_shock,3,0.0006384325049471343
aave_v3_linea,basket_return,return_shock,4,0.00030070672466866565
aave_v3_linea,basket_return,return_shock,5,7.426923041487371e-05
aave_v3_linea,basket_return,return_shock,6,2.2879186500244338e-05
aave_v3_linea,basket_return,return_shock,7,6.46563990337672e-06
aave_v3_linea,basket_return,return_shock,8,1.8871496317243892e-06
aave_v3_linea,basket_return,return_shock,9,5.44079599237911e-07
aave_v3_linea,basket_return,return_shock,10,1.575935171970908e-07
aave_v3_linea,basket_return,return_shock,11,4.556677437560889e-08
aave_v3_linea,basket_return,return_shock,12,1.3184037876158605e-08
aave_v3_linea,basket_return,return_shock,13,3.813630390730839e-09
aave_v3_linea,basket_return,return_shock,14,1.1032411275223772e-09
aave_v3_linea,basket_return,return_shock,15,3.1914385645387405e-10
aave_v3_linea,basket_return,return_shock,16,9.232270512309106e-11
aave_v3_linea,basket_return,return_shock,17,2.6707195440560194e-11
aave_v3_linea,basket_return,return_shock,18,7.725896892961133e-12
aave_v3_linea,basket_return,return_shock,19,2.2349571725314624e-12
aave_v3_linea,basket_return,return_shock,20,6.465314063645574e-13
aave_v3_linea,basket_return,return_shock,21,1.8702945161533826e-13
aave_v3_linea,basket_return,return_shock,22,5.4104126815868555e-14
aave_v3_linea,basket_return,return_shock,23,1.5651313030700127e-14
aave_v3_linea,basket_return,return_shock,24,4.5276324642631946e-15
aave_v3_linea,basket_return,return_shock,25,1.3097594844381814e-15
aave_v3_linea,basket_return,return_shock,26,3.7888894959155723e-16
aave_v3_linea,basket_return,return_shock,27,1.0960549458309666e-16
aave_v3_linea,basket_return,return_shock,28,3.1706821899159673e-17
aave_v3_linea,basket_return,return_shock,29,9.1721912183585e-18
aave_v3_linea,basket_return,return_shock,30,2.653343561683958e-18
aave_v3_linea,basket_return,liquidation_shock,0,0.0
aave_v3_linea,basket_return,liquidation_shock,1,-0.04999059385433942
aave_v3_linea,basket_return,liquidation_shock,2,-0.00898073797917155
aave_v3_linea,basket_return,liquidation_shock,3,-0.0031988137868328363
aave_v3_linea,basket_return,liquidation_shock,4,-0.0008594837759146669
aave_v3_linea,basket_return,liquidation_shock,5,-0.0002558544701016102
aave_v3_linea,basket_return,liquidation_shock,6,-7.32221645936888e-05
aave_v3_linea,basket_return,liquidation_shock,7,-2.1268606396893193e-05
aave_v3_linea,basket_return,liquidation_shock,8,-6.143094125400804e-06
aave_v3_linea,basket_return,liquidation_shock,9,-1.7781256678854563e-06
aave_v3_linea,basket_return,liquidation_shock,10,-5.142641558383648e-07
aave_v3_linea,basket_return,liquidation_shock,11,-1.4877955247310388e-07
aave_v3_linea,basket_return,liquidation_shock,12,-4.3037770206598507e-08
aave_v3_linea,basket_return,liquidation_shock,13,-1.2450173596011659e-08
aave_v3_linea,basket_return,liquidation_shock,14,-3.601586099300903e-09
aave_v3_linea,basket_return,liquidation_shock,15,-1.0418733841106114e-09
aave_v3_linea,basket_return,liquidation_shock,16,-3.013943068059768e-10
aave_v3_linea,basket_return,liquidation_shock,17,-8.718776398825265e-11
aave_v3_linea,basket_return,liquidation_shock,18,-2.5221788865084425e-11
aave_v3_linea,basket_return,liquidation_shock,19,-7.296192578876913e-12
aave_v3_linea,basket_return,liquidation_shock,20,-2.1106521745821673e-12
aave_v3_linea,basket_return,liquidation_shock,21,-6.105722453754997e-13
aave_v3_linea,basket_return,liquidation_shock,22,-1.766271433369793e-13
aave_v3_linea,basket_return,liquidation_shock,23,-5.1094932800606516e-14
aave_v3_linea,basket_return,liquidation_shock,24,-1.4780809483250256e-14
aave_v3_linea,basket_return,liquidation_shock,25,-4.275812044164803e-15
aave_v3_linea,basket_return,liquidation_shock,26,-1.2369125422436014e-15
aave_v3_linea,basket_return,liquidation_shock,27,-3.578156900821751e-16
aave_v3_linea,basket_return,liquidation_shock,28,-1.0350939431340425e-16
aave_v3_linea,basket_return,liquidation_shock,29,-2.994333397943695e-17
aave_v3_linea,basket_return,liquidation_shock,30,-8.662047109334543e-18
aave_v3_linea,liquidation,return_shock,0,-0.05338030635690624
aave_v3_linea,liquidation,return_shock,1,-0.0729918585867743
aave_v3_linea,liquidation,return_shock,2,-0.014805822894470489
aave_v3_linea,liquidation,return_shock,3,-0.0049747603158874516
aave_v3_linea,liquidation,return_shock,4,-0.0013632708827727498
aave_v3_linea,liquidation,return_shock,5,-0.0004026827251027249
aave_v3_linea,liquidation,return_shock,6,-0.00011557711045912574
aave_v3_linea,liquidation,return_shock,7,-3.353422675308175e-05
aave_v3_linea,liquidation,return_shock,8,-9.68986992585995e-06
aave_v3_linea,liquidation,return_shock,9,-2.8042994085195035e-06
aave_v3_linea,liquidation,return_shock,10,-8.110997516443627e-07
aave_v3_linea,liquidation,return_shock,11,-2.3465044097679822e-07
aave_v3_linea,liquidation,return_shock,12,-6.787840609620456e-08
aave_v3_linea,liquidation,return_shock,13,-1.9636128269445785e-08
aave_v3_linea,liquidation,return_shock,14,-5.680346037362269e-09
aave_v3_linea,liquidation,return_shock,15,-1.64322007207185e-09
aave_v3_linea,liquidation,return_shock,16,-4.753526390503283e-10
aave_v3_linea,liquidation,return_shock,17,-1.3751066285406252e-10
aave_v3_linea,liquidation,return_shock,18,-3.977926299755799e-11
aave_v3_linea,liquidation,return_shock,19,-1.1507397917603836e-11
aave_v3_linea,liquidation,return_shock,20,-3.3288751996568625e-12
aave_v3_linea,liquidation,return_shock,21,-9.629814077744192e-13
aave_v3_linea,liquidation,return_shock,22,-2.7857253014654267e-13
aave_v3_linea,liquidation,return_shock,23,-8.058582863412038e-14
aave_v3_linea,liquidation,return_shock,24,-2.331197468894332e-14
aave_v3_linea,liquidation,return_shock,25,-6.7437187562929754e-15
aave_v3_linea,liquidation,return_shock,26,-1.9508318478349463e-15
aave_v3_linea,liquidation,return_shock,27,-5.643392075225595e-16
aave_v3_linea,liquidation,return_shock,28,-1.632527895706379e-16
aave_v3_linea,liquidation,return_shock,29,-4.722598208221213e-17
aave_v3_linea,liquidation,return_shock,30,-1.3661594325525887e-17
aave_v3_linea,liquidation,liquidation_shock,0,0.7271442418735956
aave_v3_linea,liquidation,liquidation_shock,1,0.1776738494682723
aave_v3_linea,liquidation,liquidation_shock,2,0.05498001909404978
aave_v3_linea,liquidation,liquidation_shock,3,0.015511955605503138
aave_v3_linea,liquidation,liquidation_shock,4,0.004530375773602208
aave_v3_linea,liquidation,liquidation_shock,5,0.001305832635689025
aave_v3_linea,liquidation,liquidation_shock,6,0.000378270500145531
aave_v3_linea,liquidation,liquidation_shock,7,0.00010936985216459677
aave_v3_linea,liquidation,liquidation_shock,8,3.164487513428483e-05
aave_v3_linea,liquidation,liquidation_shock,9,9.15358924058742e-06
aave_v3_linea,liquidation,liquidation_shock,10,2.648037119570328e-06
aave_v3_linea,liquidation,liquidation_shock,11,7.660194707944315e-07
aave_v3_linea,liquidation,liquidation_shock,12,2.2159602047749692e-07
aave_v3_linea,liquidation,liquidation_shock,13,6.410349028103022e-08
aave_v3_linea,liquidation,liquidation_shock,14,1.8543952937004696e-08
aave_v3_linea,liquidation,liquidation_shock,15,5.364417956543058e-09
aave_v3_linea,liquidation,liquidation_shock,16,1.5518260248772096e-09
aave_v3_linea,liquidation,liquidation_shock,17,4.489142630565401e-10
aave_v3_linea,liquidation,liquidation_shock,18,1.2986251110320594e-10
aave_v3_linea,liquidation,liquidation_shock,19,3.7566798158273894e-11
aave_v3_linea,liquidation,liquidation_shock,20,1.0867372891045347e-11
aave_v3_linea,liquidation,liquidation_shock,21,3.143727947599242e-12
aave_v3_linea,liquidation,liquidation_shock,22,9.094217633383375e-13
aave_v3_linea,liquidation,liquidation_shock,23,2.630787260018225e-13
aave_v3_linea,liquidation,liquidation_shock,24,7.610376051442514e-14
aave_v3_linea,liquidation,liquidation_shock,25,2.2015396121815367e-14
aave_v3_linea,liquidation,liquidation_shock,26,6.3686427994263415e-15
aave_v3_linea,liquidation,liquidation_shock,27,1.842329380855787e-15
aave_v3_linea,liquidation,liquidation_shock,28,5.329514708972639e-16
aave_v3_linea,liquidation,liquidation_shock,29,1.5417290376128637e-16
aave_v3_linea,liquidation,liquidation_shock,30,4.459934075081661e-17
aave_v3_optimism,basket_return,return_shock,0,0.1825781688600001
aave_v3_optimism,basket_return,return_shock,1,-0.011243722547905115
aave_v3_optimism,basket_return,return_shock,2,0.0005195037687105584
aave_v3_optimism,basket_return,return_shock,3,-5.437272732359476e-05
aave_v3_optimism,basket_return,return_shock,4,-1.4183650608313526e-06
aave_v3_optimism,basket_return,return_shock,5,-7.716557036937971e-07
aave_v3_optimism,basket_return,return_shock,6,-1.1521245290678213e-07
aave_v3_optimism,basket_return,return_shock,7,-2.3257458279859006e-08
aave_v3_optimism,basket_return,return_shock,8,-4.256214780324556e-09
aave_v3_optimism,basket_return,return_shock,9,-8.024091929833181e-10
aave_v3_optimism,basket_return,return_shock,10,-1.4988628911381926e-10
aave_v3_optimism,basket_return,return_shock,11,-2.8077750996868193e-11
aave_v3_optimism,basket_return,return_shock,12,-5.255106930792506e-12
aave_v3_optimism,basket_return,return_shock,13,-9.838262798655643e-13
aave_v3_optimism,basket_return,return_shock,14,-1.8417003778068177e-13
aave_v3_optimism,basket_return,return_shock,15,-3.447710086860794e-14
aave_v3_optimism,basket_return,return_shock,16,-6.454149839148597e-15
aave_v3_optimism,basket_return,return_shock,17,-1.2082266624393207e-15
aave_v3_optimism,basket_return,return_shock,18,-2.2618169658796995e-16
aave_v3_optimism,basket_return,return_shock,19,-4.234153527378539e-17
aave_v3_optimism,basket_return,return_shock,20,-7.92639504817345e-18
aave_v3_optimism,basket_return,return_shock,21,-1.4838323517157428e-18
aave_v3_optimism,basket_return,return_shock,22,-2.7777551074171923e-19
aave_v3_optimism,basket_return,return_shock,23,-5.1999967814744744e-20
aave_v3_optimism,basket_return,return_shock,24,-9.734467389662384e-21
aave_v3_optimism,basket_return,return_shock,25,-1.8223060390568347e-21
aave_v3_optimism,basket_return,return_shock,26,-3.411382633324375e-22
aave_v3_optimism,basket_return,return_shock,27,-6.386156453278617e-23
aave_v3_optimism,basket_return,return_shock,28,-1.1954975043584235e-23
aave_v3_optimism,basket_return,return_shock,29,-2.2379882068127087e-24
aave_v3_optimism,basket_return,return_shock,30,-4.18954552022912e-25
aave_v3_optimism,basket_return,liquidation_shock,0,0.0
aave_v3_optimism,basket_return,liquidation_shock,1,0.004512171615161633
aave_v3_optimism,basket_return,liquidation_shock,2,0.0005839889161892008
aave_v3_optimism,basket_return,liquidation_shock,3,0.00012438556412795062
aave_v3_optimism,basket_return,liquidation_shock,4,2.24149277532362e-05
aave_v3_optimism,basket_return,liquidation_shock,5,4.2463844137674345e-06
aave_v3_optimism,basket_return,liquidation_shock,6,7.920242705397216e-07
aave_v3_optimism,basket_return,liquidation_shock,7,1.4843589490129833e-07
aave_v3_optimism,basket_return,liquidation_shock,8,2.7777712333972372e-08
aave_v3_optimism,basket_return,liquidation_shock,9,5.200587208616787e-09
aave_v3_optimism,basket_return,liquidation_shock,10,9.735248992942397e-10
aave_v3_optimism,basket_return,liquidation_shock,11,1.8224710575536936e-10
aave_v3_optimism,basket_return,liquidation_shock,12,3.411680745409491e-11
aave_v3_optimism,basket_return,liquidation_shock,13,6.386720765951061e-12
aave_v3_optimism,basket_return,liquidation_shock,14,1.1956027838116078e-12
aave_v3_optimism,basket_return,liquidation_shock,15,2.2381854998201253e-13
aave_v3_optimism,basket_return,liquidation_shock,16,4.1899147351278163e-14
aave_v3_optimism,basket_return,liquidation_shock,17,7.843579609105864e-15
aave_v3_optimism,basket_return,liquidation_shock,18,1.4683291727774724e-15
aave_v3_optimism,basket_return,liquidation_shock,19,2.748732944392963e-16
aave_v3_optimism,basket_return,liquidation_shock,20,5.1456668785970126e-17
aave_v3_optimism,basket_return,liquidation_shock,21,9.632761046698027e-18
aave_v3_optimism,basket_return,liquidation_shock,22,1.803266467927899e-18
aave_v3_optimism,basket_return,liquidation_shock,23,3.37574028743659e-19
aave_v3_optimism,basket_return,liquidation_shock,24,6.319433478515618e-20
aave_v3_optimism,basket_return,liquidation_shock,25,1.1830068692823799e-20
aave_v3_optimism,basket_return,liquidation_shock,26,2.2146055615996343e-21
aave_v3_optimism,basket_return,liquidation_shock,27,4.1457728782628015e-22
aave_v3_optimism,basket_return,liquidation_shock,28,7.760945360275892e-23
aave_v3_optimism,basket_return,liquidation_shock,29,1.4528599287481624e-23
aave_v3_optimism,basket_return,liquidation_shock,30,2.7197742988452908e-24
aave_v3_optimism,liquidation,return_shock,0,-0.03573982884542606
aave_v3_optimism,liquidation,return_shock,1,-0.030930876008826345
aave_v3_optimism,liquidation,return_shock,2,-0.004389790328609016
aave_v3_optimism,liquidation,return_shock,3,-0.0009026912392659366
aave_v3_optimism,liquidation,return_shock,4,-0.00016431004125771708
aave_v3_optimism,liquidation,return_shock,5,-3.102917720362344e-05
aave_v3_optimism,liquidation,return_shock,6,-5.79310012071864e-06
aave_v3_optimism,liquidation,return_shock,7,-1.0853781568382846e-06
aave_v3_optimism,liquidation,return_shock,8,-2.031322303249642e-07
aave_v3_optimism,liquidation,return_shock,9,-3.8029650044932204e-08
aave_v3_optimism,liquidation,return_shock,10,-7.119030289659621e-09
aave_v3_optimism,liquidation,return_shock,11,-1.3327025679941917e-09
aave_v3_optimism,liquidation,return_shock,12,-2.4948322184404653e-10
aave_v3_optimism,liquidation,return_shock,13,-4.6703644899460554e-11
aave_v3_optimism,liquidation,return_shock,14,-8.742986326168145e-12
aave_v3_optimism,liquidation,return_shock,15,-1.6366994960085876e-12
aave_v3_optimism,liquidation,return_shock,16,-3.0639244996191e-13
aave_v3_optimism,liquidation,return_shock,17,-5.735709958729053e-14
aave_v3_optimism,liquidation,return_shock,18,-1.0737330000873114e-14
aave_v3_optimism,liquidation,return_shock,19,-2.010043336929328e-15
aave_v3_optimism,liquidation,return_shock,20,-3.7628295048435767e-16
aave_v3_optimism,liquidation,return_shock,21,-7.044069959058846e-17
aave_v3_optimism,liquidation,return_shock,22,-1.318659841494454e-17
aave_v3_optimism,liquidation,return_shock,23,-2.468549840813936e-18
aave_v3_optimism,liquidation,return_shock,24,-4.621160154260476e-19
aave_v3_optimism,liquidation,return_shock,25,-8.650877052712051e-20
aave_v3_optimism,liquidation,return_shock,26,-1.6194563980235765e-20
aave_v3_optimism,liquidation,return_shock,27,-3.0316452414242393e-21
aave_v3_optimism,liquidation,return_shock,28,-5.675282694283331e-22
aave_v3_optimism,liquidation,return_shock,29,-1.0624209330278074e-22
aave_v3_optimism,liquidation,return_shock,30,-1.9888669864368855e-23
aave_v3_optimism,liquidation,liquidation_shock,0,0.8645463643906959
aave_v3_optimism,liquidation,liquidation_shock,1,0.16425227522994207
aave_v3_optimism,liquidation,liquidation_shock,2,0.030609134245399062
aave_v3_optimism,liquidation,liquidation_shock,3,0.005738111173344756
aave_v3_optimism,liquidation,liquidation_shock,4,0.0010737181066198217
aave_v3_optimism,liquidation,liquidation_shock,5,0.00020102837711134501
aave_v3_optimism,liquidation,liquidation_shock,6,3.763124578928304e-05
aave_v3_optimism,liquidation,liquidation_shock,7,7.044711907740276e-06
aave_v3_optimism,liquidation,liquidation_shock,8,1.3187748404236727e-06
aave_v3_optimism,liquidation,liquidation_shock,9,2.468768110216966e-07
aave_v3_optimism,liquidation,liquidation_shock,10,4.62156703028204e-08
aave_v3_optimism,liquidation,liquidation_shock,11,8.651639728384333e-09
aave_v3_optimism,liquidation,liquidation_shock,12,1.6195991143247067e-09
aave_v3_optimism,liquidation,liquidation_shock,13,3.0319124416695057e-10
aave_v3_optimism,liquidation,liquidation_shock,14,5.6757828776670366e-11
aave_v3_optimism,liquidation,liquidation_shock,15,1.0625145691754923e-11
aave_v3_optimism,liquidation,liquidation_shock,16,1.9890422739848433e-12
aave_v3_optimism,liquidation,liquidation_shock,17,3.7235152195995574e-13
aave_v3_optimism,liquidation,liquidation_shock,18,6.970473061391727e-14
aave_v3_optimism,liquidation,liquidation_shock,19,1.3048823983797082e-14
aave_v3_optimism,liquidation,liquidation_shock,20,2.4427582727649967e-15
aave_v3_optimism,liquidation,liquidation_shock,21,4.572877974746318e-16
aave_v3_optimism,liquidation,liquidation_shock,22,8.560492130981708e-17
aave_v3_optimism,liquidation,liquidation_shock,23,1.6025362130659495e-17
aave_v3_optimism,liquidation,liquidation_shock,24,2.9999704162953953e-18
aave_v3_optimism,liquidation,liquidation_shock,25,5.615986974440688e-19
aave_v3_optimism,liquidation,liquidation_shock,26,1.0513206905564893e-19
aave_v3_optimism,liquidation,liquidation_shock,27,1.9680871758116117e-20
aave_v3_optimism,liquidation,liquidation_shock,28,3.684286979593121e-21
aave_v3_optimism,liquidation,liquidation_shock,29,6.897037242469551e-22
aave_v3_optimism,liquidation,liquidation_shock,30,1.2911351093845937e-22
aave_v3_polygon,basket_return,return_shock,0,0.25413286495842236
aave_v3_polygon,basket_return,return_shock,1,-0.02027163886634818
aave_v3_polygon,basket_return,return_shock,2,0.015121761581909794
aave_v3_polygon,basket_return,return_shock,3,-0.010360593948262952
aave_v3_polygon,basket_return,return_shock,4,0.0009364896435122375
aave_v3_polygon,basket_return,return_shock,5,-0.00212443226812628
aave_v3_polygon,basket_return,return_shock,6,0.0002272429981701765
aave_v3_polygon,basket_return,return_shock,7,-0.0003268114418534169
aave_v3_polygon,basket_return,return_shock,8,7.499019621161232e-05
aave_v3_polygon,basket_return,return_shock,9,-4.6382803020759945e-05
aave_v3_polygon,basket_return,return_shock,10,1.8491259258831735e-05
aave_v3_polygon,basket_return,return_shock,11,-7.1321107341492125e-06
aave_v3_polygon,basket_return,return_shock,12,3.7193251820063047e-06
aave_v3_polygon,basket_return,return_shock,13,-1.2677587332577545e-06
aave_v3_polygon,basket_return,return_shock,14,6.717815677652263e-07
aave_v3_polygon,basket_return,return_shock,15,-2.448783835431318e-07
aave_v3_polygon,basket_return,return_shock,16,1.1707814960967466e-07
aave_v3_polygon,basket_return,return_shock,17,-4.753967861820856e-08
aave_v3_polygon,basket_return,return_shock,18,2.0616320638153974e-08
aave_v3_polygon,basket_return,return_shock,19,-8.98959577268364e-09
aave_v3_polygon,basket_return,return_shock,20,3.726294783569316e-09
aave_v3_polygon,basket_return,return_shock,21,-1.6585185831206684e-09
aave_v3_polygon,basket_return,return_shock,22,6.86576891271311e-10
aave_v3_polygon,basket_return,return_shock,23,-3.022909262853202e-10
aave_v3_polygon,basket_return,return_shock,24,1.2728189209383623e-10
aave_v3_polygon,basket_return,return_shock,25,-5.5032852534958473e-11
aave_v3_polygon,basket_return,return_shock,26,2.3541582537191972e-11
aave_v3_polygon,basket_return,return_shock,27,-1.0058544915380012e-11
aave_v3_polygon,basket_return,return_shock,28,4.334554527479154e-12
aave_v3_polygon,basket_return,return_shock,29,-1.845911810447908e-12
aave_v3_polygon,basket_return,return_shock,30,7.956061665421135e-13
aave_v3_polygon,basket_return,liquidation_shock,0,0.0
aave_v3_polygon,basket_return,liquidation_shock,1,0.009877368856432837
aave_v3_polygon,basket_return,liquidation_shock,2,0.08864346730906142
aave_v3_polygon,basket_return,liquidation_shock,3,0.008922256953221649
aave_v3_polygon,basket_return,liquidation_shock,4,0.01624927358201974
aave_v3_polygon,basket_return,liquidation_shock,5,6.906018513019676e-05
aave_v3_polygon,basket_return,liquidation_shock,6,0.0020839969266056467
aave_v3_polygon,basket_return,liquidation_shock,7,-0.0003832272486367646
aave_v3_polygon,basket_return,liquidation_shock,8,0.00023926336317685486
aave_v3_polygon,basket_return,liquidation_shock,9,-0.00011485028378775393
aave_v3_polygon,basket_return,liquidation_shock,10,3.2656156802352515e-05
aave_v3_polygon,basket_return,liquidation_shock,11,-2.301968068251588e-05
aave_v3_polygon,basket_return,liquidation_shock,12,6.101023286231509e-06
aave_v3_polygon,basket_return,liquidation_shock,13,-3.936494206277965e-06
aave_v3_polygon,basket_return,liquidation_shock,14,1.292291251113118e-06
aave_v3_polygon,basket_return,liquidation_shock,15,-6.484445292024063e-07
aave_v3_polygon,basket_return,liquidation_shock,16,2.6429235138442e-07
aave_v3_polygon,basket_return,liquidation_shock,17,-1.1077297167437383e-07
aave_v3_polygon,basket_return,liquidation_shock,18,5.063565908319416e-08
aave_v3_polygon,basket_return,liquidation_shock,19,-1.9991425520020923e-08
aave_v3_polygon,basket_return,liquidation_shock,20,9.276281730746898e-09
aave_v3_polygon,basket_return,liquidation_shock,21,-3.72725936358811e-09
aave_v3_polygon,basket_return,liquidation_shock,22,1.6710415915166405e-09
aave_v3_polygon,basket_return,liquidation_shock,23,-6.985623434427253e-10
aave_v3_polygon,basket_return,liquidation_shock,24,3.0182687702198926e-10
aave_v3_polygon,basket_return,liquidation_shock,25,-1.2984713389863895e-10
aave_v3_polygon,basket_return,liquidation_shock,26,5.5041146003331225e-11
aave_v3_polygon,basket_return,liquidation_shock,27,-2.3910970002932955e-11
aave_v3_polygon,basket_return,liquidation_shock,28,1.011340110758381e-11
aave_v3_polygon,basket_return,liquidation_shock,29,-4.380600220801249e-12
aave_v3_polygon,basket_return,liquidation_shock,30,1.8635136242180692e-12
aave_v3_polygon,liquidation,return_shock,0,-0.06744047381779708
aave_v3_polygon,liquidation,return_shock,1,-0.06251803347108595
aave_v3_polygon,liquidation,return_shock,2,-0.008988230493544552
aave_v3_polygon,liquidation,return_shock,3,-0.009783774296102115
aave_v3_polygon,liquidation,return_shock,4,-2.286390246528724e-05
aave_v3_polygon,liquidation,return_shock,5,-0.0010837433173871598
aave_v3_polygon,liquidation,return_shock,6,0.00027014866364519013
aave_v3_polygon,liquidation,return_shock,7,-0.00011090553575051765
aave_v3_polygon,liquidation,return_shock,8,7.339752790590923e-05
aave_v3_polygon,liquidation,return_shock,9,-1.568217198467631e-05
aave_v3_polygon,liquidation,return_shock,10,1.3659283164361653e-05
aave_v3_polygon,liquidation,return_shock,11,-3.3155085295451358e-06
aave_v3_polygon,liquidation,return_shock,12,2.212386889320632e-06
aave_v3_polygon,liquidation,return_shock,13,-7.450768077958697e-07
aave_v3_polygon,liquidation,return_shock,14,3.5492933758412085e-07
aave_v3_polygon,liquidation,return_shock,15,-1.5335914149969989e-07
aave_v3_polygon,liquidation,return_shock,16,6.075654054484392e-08
aave_v3_polygon,liquidation,return_shock,17,-2.902744029742308e-08
aave_v3_polygon,liquidation,return_shock,18,1.1131124694452372e-08
aave_v3_polygon,liquidation,return_shock,19,-5.246937166741229e-09
aave_v3_polygon,liquidation,return_shock,20,2.1004849200768577e-09
aave_v3_polygon,liquidation,return_shock,21,-9.37907580129461e-10
aave_v3_polygon,liquidation,return_shock,22,3.9541518988802274e-10
aave_v3_polygon,liquidation,return_shock,23,-1.6915457431634576e-10
aave_v3_polygon,liquidation,return_shock,24,7.344301685731274e-11
aave_v3_polygon,liquidation,return_shock,25,-3.0906819889063777e-11
aave_v3_polygon,liquidation,return_shock,26,1.3491715085514975e-11
aave_v3_polygon,liquidation,return_shock,27,-5.6922837708772254e-12
aave_v3_polygon,liquidation,return_shock,28,2.4671011892513527e-12
aave_v3_polygon,liquidation,return_shock,29,-1.0502478851103652e-12
aave_v3_polygon,liquidation,return_shock,30,4.5127225553913136e-13
aave_v3_polygon,liquidation,liquidation_shock,0,0.7511549952777127
aave_v3_polygon,liquidation,liquidation_shock,1,0.11794815092579655
aave_v3_polygon,liquidation,liquidation_shock,2,0.07786714886977587
aave_v3_polygon,liquidation,liquidation_shock,3,0.0038348906869979794
aave_v3_polygon,liquidation,liquidation_shock,4,0.005906220766783992
aave_v3_polygon,liquidation,liquidation_shock,5,-0.002002516096029405
aave_v3_polygon,liquidation,liquidation_shock,6,0.0002943501943722385
aave_v3_polygon,liquidation,liquidation_shock,7,-0.000542612100717569
aave_v3_polygon,liquidation,liquidation_shock,8,3.5157650105977544e-05
aave_v3_polygon,liquidation,liquidation_shock,9,-9.10088657271501e-05
aave_v3_polygon,liquidation,liquidation_shock,10,1.4117033863386708e-05
aave_v3_polygon,liquidation,liquidation_shock,11,-1.2883347971170946e-05
aave_v3_polygon,liquidation,liquidation_shock,12,4.116200625319954e-06
aave_v3_polygon,liquidation,liquidation_shock,13,-1.8517099322319723e-06
aave_v3_polygon,liquidation,liquidation_shock,14,9.025894775745745e-07
aave_v3_polygon,liquidation,liquidation_shock,15,-3.0762039780889016e-07
aave_v3_polygon,liquidation,liquidation_shock,16,1.6909894469217323e-07
aave_v3_polygon,liquidation,liquidation_shock,17,-5.818550181428339e-08
aave_v3_polygon,liquidation,liquidation_shock,18,2.9596370320517507e-08
aave_v3_polygon,liquidation,liquidation_shock,19,-1.1409891558673747e-08
aave_v3_polygon,liquidation,liquidation_shock,20,5.148704586482479e-09
aave_v3_polygon,liquidation,liquidation_shock,21,-2.1918641118822295e-09
aave_v3_polygon,liquidation,liquidation_shock,22,9.182081171426368e-10
aave_v3_polygon,liquidation,liquidation_shock,23,-4.0854081876752493e-10
aave_v3_polygon,liquidation,liquidation_shock,24,1.6804148204931802e-10
aave_v3_polygon,liquidation,liquidation_shock,25,-7.469881966967043e-11
aave_v3_polygon,liquidation,liquidation_shock,26,3.1138858132013523e-11
aave_v3_polygon,liquidation,liquidation_shock,27,-1.3581730605354929e-11
aave_v3_polygon,liquidation,liquidation_shock,28,5.772656113848773e-12
aave_v3_polygon,liquidation,liquidation_shock,29,-2.476235343682002e-12
aave_v3_polygon,liquidation,liquidation_shock,30,1.065262308426966e-12
aave_v3_scroll,basket_return,return_shock,0,0.25313600390767516
aave_v3_scroll,basket_return,return_shock,1,-0.01442235943003846
aave_v3_scroll,basket_return,return_shock,2,0.014601223582464748
aave_v3_scroll,basket_return,return_shock,3,-0.016257309540026587
aave_v3_scroll,basket_return,return_shock,4,0.007174828759546678
aave_v3_scroll,basket_return,return_shock,5,-0.001855035997294159
aave_v3_scroll,basket_return,return_shock,6,0.0005849368475940331
aave_v3_scroll,basket_return,return_shock,7,-0.00019647744257311953
aave_v3_scroll,basket_return,return_shock,8,0.00021497581157850886
aave_v3_scroll,basket_return,return_shock,9,-6.484788707206164e-05
aave_v3_scroll,basket_return,return_shock,10,5.044638496583443e-05
aave_v3_scroll,basket_return,return_shock,11,2.910149629123826e-06
aave_v3_scroll,basket_return,return_shock,12,1.2247050836384125e-05
aave_v3_scroll,basket_return,return_shock,13,3.6875149904138288e-06
aave_v3_scroll,basket_return,return_shock,14,5.195924523314388e-06
aave_v3_scroll,basket_return,return_shock,15,2.3024178086834658e-06
aave_v3_scroll,basket_return,return_shock,16,2.0690882954399873e-06
aave_v3_scroll,basket_return,return_shock,17,1.256025559631992e-06
aave_v3_scroll,basket_return,return_shock,18,9.327738536885914e-07
aave_v3_scroll,basket_return,return_shock,19,6.07133202694038e-07
aave_v3_scroll,basket_return,return_shock,20,4.3459416371667234e-07
aave_v3_scroll,basket_return,return_shock,21,2.9200286105215804e-07
aave_v3_scroll,basket_return,return_shock,22,2.0350067106130302e-07
aave_v3_scroll,basket_return,return_shock,23,1.3899051076621327e-07
aave_v3_scroll,basket_return,return_shock,24,9.609812343211055e-08
aave_v3_scroll,basket_return,return_shock,25,6.58914561508966e-08
aave_v3_scroll,basket_return,return_shock,26,4.543259193458062e-08
aave_v3_scroll,basket_return,return_shock,27,3.1219579737137184e-08
aave_v3_scroll,basket_return,return_shock,28,2.1494741580790036e-08
aave_v3_scroll,basket_return,return_shock,29,1.4782097150254998e-08
aave_v3_scroll,basket_return,return_shock,30,1.0173360764377529e-08
aave_v3_scroll,basket_return,liquidation_shock,0,0.0
aave_v3_scroll,basket_return,liquidation_shock,1,0.0013521326660347875
aave_v3_scroll,basket_return,liquidation_shock,2,0.013711999171746819
aave_v3_scroll,basket_return,liquidation_shock,3,-0.04882404048188271
aave_v3_scroll,basket_return,liquidation_shock,4,-0.004002000220685612
aave_v3_scroll,basket_return,liquidation_shock,5,-0.008156549134513604
aave_v3_scroll,basket_return,liquidation_shock,6,-0.005808612305776349
aave_v3_scroll,basket_return,liquidation_shock,7,-0.00421831227281184
aave_v3_scroll,basket_return,liquidation_shock,8,-0.002325863632026801
aave_v3_scroll,basket_return,liquidation_shock,9,-0.0019496182698829666
aave_v3_scroll,basket_return,liquidation_shock,10,-0.0012369880717469084
aave_v3_scroll,basket_return,liquidation_shock,11,-0.0008655276388962319
aave_v3_scroll,basket_return,liquidation_shock,12,-0.0005914412480944825
aave_v3_scroll,basket_return,liquidation_shock,13,-0.0004127467394171888
aave_v3_scroll,basket_return,liquidation_shock,14,-0.0002799011504715767
aave_v3_scroll,basket_return,liquidation_shock,15,-0.0001941560589184969
aave_v3_scroll,basket_return,liquidation_shock,16,-0.00013320698679408937
aave_v3_scroll,basket_return,liquidation_shock,17,-9.174209298916637e-05
aave_v3_scroll,basket_return,liquidation_shock,18,-6.305306314465935e-05
aave_v3_scroll,basket_return,liquidation_shock,19,-4.342868094036018e-05
aave_v3_scroll,basket_return,liquidation_shock,20,-2.9857911325765345e-05
aave_v3_scroll,basket_return,liquidation_shock,21,-2.0549438899063705e-05
aave_v3_scroll,basket_return,liquidation_shock,22,-1.4136432323225955e-05
aave_v3_scroll,basket_return,liquidation_shock,23,-9.726966016523147e-06
aave_v3_scroll,basket_return,liquidation_shock,24,-6.691731166065027e-06
aave_v3_scroll,basket_return,liquidation_shock,25,-4.604293687309169e-06
aave_v3_scroll,basket_return,liquidation_shock,26,-3.1677168242609965e-06
aave_v3_scroll,basket_return,liquidation_shock,27,-2.1794692097896554e-06
aave_v3_scroll,basket_return,liquidation_shock,28,-1.4994938157361014e-06
aave_v3_scroll,basket_return,liquidation_shock,29,-1.0316810158727439e-06
aave_v3_scroll,basket_return,liquidation_shock,30,-7.098080912090863e-07
aave_v3_scroll,liquidation,return_shock,0,-0.04261316430529729
aave_v3_scroll,liquidation,return_shock,1,-0.06445819311701544
aave_v3_scroll,liquidation,return_shock,2,-0.0031233905749867962
aave_v3_scroll,liquidation,return_shock,3,0.012503293662462766
aave_v3_scroll,liquidation,return_shock,4,-0.006037707667368331
aave_v3_scroll,liquidation,return_shock,5,-0.0007431513057232658
aave_v3_scroll,liquidation,return_shock,6,-6.946345159993962e-05
aave_v3_scroll,liquidation,return_shock,7,-0.00040952365290670414
aave_v3_scroll,liquidation,return_shock,8,-0.00036851190210421503
aave_v3_scroll,liquidation,return_shock,9,-0.00011275178781390834
aave_v3_scroll,liquidation,return_shock,10,-0.0001311587729176304
aave_v3_scroll,liquidation,return_shock,11,-8.578789490492374e-05
aave_v3_scroll,liquidation,return_shock,12,-5.633217209305692e-05
aave_v3_scroll,liquidation,return_shock,13,-3.840774357932939e-05
aave_v3_scroll,liquidation,return_shock,14,-2.7756698024703644e-05
aave_v3_scroll,liquidation,return_shock,15,-1.8402652763477925e-05
aave_v3_scroll,liquidation,return_shock,16,-1.2809793076009707e-05
aave_v3_scroll,liquidation,return_shock,17,-8.815096162959622e-06
aave_v3_scroll,liquidation,return_shock,18,-6.0675396101670335e-06
aave_v3_scroll,liquidation,return_shock,19,-4.162124673967508e-06
aave_v3_scroll,liquidation,return_shock,20,-2.8718416293253986e-06
aave_v3_scroll,liquidation,return_shock,21,-1.9732390023416095e-06
aave_v3_scroll,liquidation,return_shock,22,-1.3580067151833393e-06
aave_v3_scroll,liquidation,return_shock,23,-9.34247399419844e-07
aave_v3_scroll,liquidation,return_shock,24,-6.429004366343047e-07
aave_v3_scroll,liquidation,return_shock,25,-4.422310001447387e-07
aave_v3_scroll,liquidation,return_shock,26,-3.042999398035369e-07
aave_v3_scroll,liquidation,return_shock,27,-2.0935336865359666e-07
aave_v3_scroll,liquidation,return_shock,28,-1.4404038643587607e-07
aave_v3_scroll,liquidation,return_shock,29,-9.910045826244675e-08
aave_v3_scroll,liquidation,return_shock,30,-6.818365363474333e-08
aave_v3_scroll,liquidation,liquidation_shock,0,0.7282038832973781
aave_v3_scroll,liquidation,liquidation_shock,1,0.14002270649732412
aave_v3_scroll,liquidation,liquidation_shock,2,0.10936066092619767
aave_v3_scroll,liquidation,liquidation_shock,3,0.1531140872060559
aave_v3_scroll,liquidation,liquidation_shock,4,0.07639062688457414
aave_v3_scroll,liquidation,liquidation_shock,5,0.050461013714217816
aave_v3_scroll,liquidation,liquidation_shock,6,0.0390481199734752
aave_v3_scroll,liquidation,liquidation_shock,7,0.026187795523662554
aave_v3_scroll,liquidation,liquidation_shock,8,0.017409534172678858
aave_v3_scroll,liquidation,liquidation_shock,9,0.012330702906561937
aave_v3_scroll,liquidation,liquidation_shock,10,0.008446588261674536
aave_v3_scroll,liquidation,liquidation_shock,11,0.005777750254524632
aave_v3_scroll,liquidation,liquidation_shock,12,0.003986763898759724
aave_v3_scroll,liquidation,liquidation_shock,13,0.0027466542416490847
aave_v3_scroll,liquidation,liquidation_shock,14,0.0018859474388772744
aave_v3_scroll,liquidation,liquidation_shock,15,0.001298491422249105
aave_v3_scroll,liquidation,liquidation_shock,16,0.0008935425081086348
aave_v3_scroll,liquidation,liquidation_shock,17,0.0006146387232069847
aave_v3_scroll,liquidation,liquidation_shock,18,0.0004228678262674461
aave_v3_scroll,liquidation,liquidation_shock,19,0.00029097574226445813
aave_v3_scroll,liquidation,liquidation_shock,20,0.00020018142105153697
aave_v3_scroll,liquidation,liquidation_shock,21,0.00013772851562599998
aave_v3_scroll,liquidation,liquidation_shock,22,9.47603448509807e-05
aave_v3_scroll,liquidation,liquidation_shock,23,6.519645509431807e-05
aave_v3_scroll,liquidation,liquidation_shock,24,4.485580260265229e-05
aave_v3_scroll,liquidation,liquidation_shock,25,3.086163337940461e-05
aave_v3_scroll,liquidation,liquidation_shock,26,2.123322459202774e-05
aave_v3_scroll,liquidation,liquidation_shock,27,1.460876728491111e-05
aave_v3_scroll,liquidation,liquidation_shock,28,1.0051048860531405e-05
aave_v3_scroll,liquidation,liquidation_shock,29,6.915272656391607e-06
aave_v3_scroll,liquidation,liquidation_shock,30,4.7578076108177585e-06
aave_v3_sonic,basket_return,return_shock,0,0.6671408921375818
aave_v3_sonic,basket_return,return_shock,1,-0.028732460437588488
aave_v3_sonic,basket_return,return_shock,2,-0.0016804021318613236
aave_v3_sonic,basket_return,return_shock,3,8.377054694291816e-06
aave_v3_sonic,basket_return,return_shock,4,2.829081472828415e-06
aave_v3_sonic,basket_return,return_shock,5,4.886015561840148e-08
aave_v3_sonic,basket_return,return_shock,6,-3.3820465836738896e-09
aave_v3_sonic,basket_return,return_shock,7,-1.5109290249588175e-10
aave_v3_sonic,basket_return,return_shock,8,2.01036911841e-12
aave_v3_sonic,basket_return,return_shock,9,2.8194797781524496e-13
aave_v3_sonic,basket_return,return_shock,10,3.0189037391204015e-15
aave_v3_sonic,basket_return,return_shock,11,-3.7764277021174536e-16
aave_v3_sonic,basket_return,return_shock,12,-1.3034969150585036e-17
aave_v3_sonic,basket_return,return_shock,13,3.0861612013787215e-19
aave_v3_sonic,basket_return,return_shock,14,2.728875575048254e-20
aave_v3_sonic,basket_return,return_shock,15,1.1266355907345587e-22
aave_v3_sonic,basket_return,return_shock,16,-4.048808786896195e-23
aave_v3_sonic,basket_return,return_shock,17,-1.0653474506131593e-24
aave_v3_sonic,basket_return,return_shock,18,4.037265577698641e-26
aave_v3_sonic,basket_return,return_shock,19,2.5625682931597702e-27
aave_v3_sonic,basket_return,return_shock,20,-7.353768668186004e-30
aave_v3_sonic,basket_return,return_shock,21,-4.19537940034895e-30
aave_v3_sonic,basket_return,return_shock,22,-8.043681012409234e-32
aave_v3_sonic,basket_return,return_shock,23,4.8403848437544e-33
aave_v3_sonic,basket_return,return_shock,24,2.3278650923294237e-34
aave_v3_sonic,basket_return,return_shock,25,-2.5144318206435324e-36
aave_v3_sonic,basket_return,return_shock,26,-4.21608415683797e-37
aave_v3_sonic,basket_return,return_shock,27,-5.288432466987774e-39
aave_v3_sonic,basket_return,return_shock,28,5.4772624401920295e-40
aave_v3_sonic,basket_return,return_shock,29,2.0338035260402785e-41
aave_v3_sonic,basket_return,return_shock,30,-4.161967840026821e-43
aave_v3_sonic,basket_return,liquidation_shock,0,0.0
aave_v3_sonic,basket_return,liquidation_shock,1,0.013617427502277268
aave_v3_sonic,basket_return,liquidation_shock,2,0.00029865852816748174
aave_v3_sonic,basket_return,liquidation_shock,3,-1.4886887624233935e-05
aave_v3_sonic,basket_return,liquidation_shock,4,-7.966604501661819e-07
aave_v3_sonic,basket_return,liquidation_shock,5,5.963103071934992e-09
aave_v3_sonic,basket_return,liquidation_shock,6,1.3849175232103474e-09
aave_v3_sonic,basket_return,liquidation_shock,7,2.098677207941159e-11
aave_v3_sonic,basket_return,liquidation_shock,8,-1.7199081242259692e-12
aave_v3_sonic,basket_return,liquidation_shock,9,-7.075936822981117e-14
aave_v3_sonic,basket_return,liquidation_shock,10,1.1556468944613765e-15
aave_v3_sonic,basket_return,liquidation_shock,11,1.3673792643725002e-16
aave_v3_sonic,basket_return,liquidation_shock,12,1.1796824678092524e-18
aave_v3_sonic,basket_return,liquidation_shock,13,-1.8938533806103837e-19
aave_v3_sonic,basket_return,liquidation_shock,14,-6.010717255442349e-21
aave_v3_sonic,basket_return,liquidation_shock,15,1.6631031912496954e-22
aave_v3_sonic,basket_return,liquidation_shock,16,1.3109839320969983e-23
aave_v3_sonic,basket_return,liquidation_shock,17,2.5713807484862696e-26
aave_v3_sonic,basket_return,liquidation_shock,18,-2.007406814143931e-26
aave_v3_sonic,basket_return,liquidation_shock,19,-4.807457847252919e-28
aave_v3_sonic,basket_return,liquidation_shock,20,2.1057633118416267e-29
aave_v3_sonic,basket_return,liquidation_shock,21,1.2186466742683878e-30
aave_v3_sonic,basket_return,liquidation_shock,22,-6.422297488205722e-33
aave_v3_sonic,basket_return,liquidation_shock,23,-2.0592959486698467e-33
aave_v3_sonic,basket_return,liquidation_shock,24,-3.505441264966258e-35
aave_v3_sonic,basket_return,liquidation_shock,25,2.4730085677511833e-36
aave_v3_sonic,basket_return,liquidation_shock,26,1.0942226235909321e-37
aave_v3_sonic,basket_return,liquidation_shock,27,-1.4932495370901085e-39
aave_v3_sonic,basket_return,liquidation_shock,28,-2.0500690595146577e-40
aave_v3_sonic,basket_return,liquidation_shock,29,-2.145495903949982e-42
aave_v3_sonic,basket_return,liquidation_shock,30,2.756747558695911e-43
aave_v3_sonic,liquidation,return_shock,0,-0.17218256266204246
aave_v3_sonic,liquidation,return_shock,1,-0.16965856970302545
aave_v3_sonic,liquidation,return_shock,2,-0.0034499089850889815
aave_v3_sonic,liquidation,return_shock,3,0.0001914195187163481
aave_v3_sonic,liquidation,return_shock,4,9.629211079558919e-06
aave_v3_sonic,liquidation,return_shock,5,-9.015150541568378e-08
aave_v3_sonic,liquidation,return_shock,6,-1.7135893532427303e-08
aave_v3_sonic,liquidation,return_shock,7,-2.3390576055214105e-10
aave_v3_sonic,liquidation,return_shock,8,2.1845958411312187e-11
aave_v3_sonic,liquidation,return_shock,9,8.473509995861483e-13
aave_v3_sonic,liquidation,return_shock,10,-1.580659716987313e-14
aave_v3_sonic,liquidation,return_shock,11,-1.6806048964444953e-15
aave_v3_sonic,liquidation,return_shock,12,-1.1975795464928346e-17
aave_v3_sonic,liquidation,return_shock,13,2.3830203068133195e-18
aave_v3_sonic,liquidation,return_shock,14,7.111736425070979e-20
aave_v3_sonic,liquidation,return_shock,15,-2.191692614624947e-21
aave_v3_sonic,liquidation,return_shock,16,-1.6002413692305119e-22
aave_v3_sonic,liquidation,return_shock,17,-5.941354836766542e-26
aave_v3_sonic,liquidation,return_shock,18,2.5061323696776817e-25
aave_v3_sonic,liquidation,return_shock,19,5.590001056264839e-27
aave_v3_sonic,liquidation,return_shock,20,-2.719248712885375e-28
aave_v3_sonic,liquidation,return_shock,21,-1.476387826105416e-29
aave_v3_sonic,liquidation,return_shock,22,1.042722640818779e-31
aave_v3_sonic,liquidation,return_shock,23,2.5528786493917504e-32
aave_v3_sonic,liquidation,return_shock,24,3.957499174844919e-34
aave_v3_sonic,liquidation,return_shock,25,-3.1508801889266e-35
aave_v3_sonic,liquidation,return_shock,26,-1.3140587160431977e-36
aave_v3_sonic,liquidation,return_shock,27,2.0782354377275603e-38
aave_v3_sonic,liquidation,return_shock,28,2.5244432794561312e-39
aave_v3_sonic,liquidation,return_shock,29,2.2649894560243305e-41
aave_v3_sonic,liquidation,return_shock,30,-3.47731871839347e-42
aave_v3_sonic,liquidation,liquidation_shock,0,0.8263932340307528
aave_v3_sonic,liquidation,liquidation_shock,1,0.050201147340476183
aave_v3_sonic,liquidation,liquidation_shock,2,-0.00019992513205671126
aave_v3_sonic,liquidation,liquidation_shock,3,-8.341339784864758e-05
aave_v3_sonic,liquidation,liquidation_shock,4,-1.5146994118088584e-06
aave_v3_sonic,liquidation,liquidation_shock,5,9.809214580729892e-08
aave_v3_sonic,liquidation,liquidation_shock,6,4.53586440315232e-09
aave_v3_sonic,liquidation,liquidation_shock,7,-5.493957259149666e-11
aave_v3_sonic,liquidation,liquidation_shock,8,-8.345475589640561e-12
aave_v3_sonic,liquidation,liquidation_shock,9,-9.654561052690887e-14
aave_v3_sonic,liquidation,liquidation_shock,10,1.1020330217168856e-14
aave_v3_sonic,liquidation,liquidation_shock,11,3.9368468221206455e-16
aave_v3_sonic,liquidation,liquidation_shock,12,-8.71431343378937e-18
aave_v3_sonic,liquidation,liquidation_shock,13,-8.108769655039345e-19
aave_v3_sonic,liquidation,liquidation_shock,14,-4.065804129641993e-21
aave_v3_sonic,liquidation,liquidation_shock,15,1.1873429127496722e-21
aave_v3_sonic,liquidation,liquidation_shock,16,3.2441450402697625e-23
aave_v3_sonic,liquidation,liquidation_shock,17,-1.1576534527432477e-24
aave_v3_sonic,liquidation,liquidation_shock,18,-7.646035883843385e-26
aave_v3_sonic,liquidation,liquidation_shock,19,1.4548885324841707e-28
aave_v3_sonic,liquidation,liquidation_shock,20,1.235577820505281e-28
aave_v3_sonic,liquidation,liquidation_shock,21,2.4808450474405422e-30
aave_v3_sonic,liquidation,liquidation_shock,22,-1.4009943201219632e-31
aave_v3_sonic,liquidation,liquidation_shock,23,-6.978116139148693e-33
aave_v3_sonic,liquidation,liquidation_shock,24,6.750543339099031e-35
aave_v3_sonic,liquidation,liquidation_shock,25,1.246575995518003e-35
aave_v3_sonic,liquidation,liquidation_shock,26,1.671303494972562e-37
aave_v3_sonic,liquidation,liquidation_shock,27,-1.5958573925415413e-38
aave_v3_sonic,liquidation,liquidation_shock,28,-6.131079215383876e-40
aave_v3_sonic,liquidation,liquidation_shock,29,1.1675882856704232e-41
aave_v3_sonic,liquidation,liquidation_shock,30,1.2212550535984171e-42
benqi_lending_avalanche,basket_return,return_shock,0,0.4357521275269022
benqi_lending_avalanche,basket_return,return_shock,1,0.07883613821544964
benqi_lending_avalanche,basket_return,return_shock,2,0.015304511606973293
benqi_lending_avalanche,basket_return,return_shock,3,0.003182231053406137
benqi_lending_avalanche,basket_return,return_shock,4,0.0007015706729116122
benqi_lending_avalanche,basket_return,return_shock,5,0.00016170990720275726
benqi_lending_avalanche,basket_return,return_shock,6,3.8444610846995436e-05
benqi_lending_avalanche,basket_return,return_shock,7,9.326091293557878e-06
benqi_lending_avalanche,basket_return,return_shock,8,2.2911212909155303e-06
benqi_lending_avalanche,basket_return,return_shock,9,5.672021157842518e-07
benqi_lending_avalanche,basket_return,return_shock,10,1.4106861986169278e-07
benqi_lending_avalanche,basket_return,return_shock,11,3.518128895940025e-08
benqi_lending_avalanche,basket_return,return_shock,12,8.78809080247594e-09
benqi_lending_avalanche,basket_return,return_shock,13,2.1973023064494157e-09
benqi_lending_avalanche,basket_return,return_shock,14,5.497017935699304e-10
benqi_lending_avalanche,basket_return,return_shock,15,1.3756450262663552e-10
benqi_lending_avalanche,basket_return,return_shock,16,3.443251282587909e-11
benqi_lending_avalanche,basket_return,return_shock,17,8.619453128309272e-12
benqi_lending_avalanche,basket_return,return_shock,18,2.1578397512717396e-12
benqi_lending_avalanche,basket_return,return_shock,19,5.402258185938785e-13
benqi_lending_avalanche,basket_return,return_shock,20,1.3525123481267163e-13
benqi_lending_avalanche,basket_return,return_shock,21,3.386201909622627e-14
benqi_lending_avalanche,basket_return,return_shock,22,8.477890491684414e-15
benqi_lending_avalanche,basket_return,return_shock,23,2.1225831370108223e-15
benqi_lending_avalanche,basket_return,return_shock,24,5.31425953780958e-16
benqi_lending_avalanche,basket_return,return_shock,25,1.3305202265661405e-16
benqi_lending_avalanche,basket_return,return_shock,26,3.331199120645835e-17
benqi_lending_avalanche,basket_return,return_shock,27,8.34026662370939e-18
benqi_lending_avalanche,basket_return,return_shock,28,2.0881390249159682e-18
benqi_lending_avalanche,basket_return,return_shock,29,5.228040747421317e-19
benqi_lending_avalanche,basket_return,return_shock,30,1.3089364558923127e-19
benqi_lending_avalanche,basket_return,liquidation_shock,0,0.0
benqi_lending_avalanche,basket_return,liquidation_shock,1,-0.013368604778111007
benqi_lending_avalanche,basket_return,liquidation_shock,2,-0.0053056319572364246
benqi_lending_avalanche,basket_return,liquidation_shock,3,-0.0016152992072750874
benqi_lending_avalanche,basket_return,liquidation_shock,4,-0.0004464573253105345
benqi_lending_avalanche,basket_return,liquidation_shock,5,-0.00011793748027886494
benqi_lending_avalanche,basket_return,liquidation_shock,6,-3.0430093431621653e-05
benqi_lending_avalanche,basket_return,liquidation_shock,7,-7.750921907589768e-06
benqi_lending_avalanche,basket_return,liquidation_shock,8,-1.95995229365935e-06
benqi_lending_avalanche,basket_return,liquidation_shock,9,-4.935474439273754e-07
benqi_lending_avalanche,basket_return,liquidation_shock,10,-1.2398438122783136e-07
benqi_lending_avalanche,basket_return,liquidation_shock,11,-3.110267698492541e-08
benqi_lending_avalanche,basket_return,liquidation_shock,12,-7.79605154656409e-09
benqi_lending_avalanche,basket_return,liquidation_shock,13,-1.9531926462828732e-09
benqi_lending_avalanche,basket_return,liquidation_shock,14,-4.892093706710432e-10
benqi_lending_avalanche,basket_return,liquidation_shock,15,-1.2251066296393133e-10
benqi_lending_avalanche,basket_return,liquidation_shock,16,-3.0676919198247614e-11
benqi_lending_avalanche,basket_return,liquidation_shock,17,-7.681135956220186e-12
benqi_lending_avalanche,basket_return,liquidation_shock,18,-1.923202598976182e-12
benqi_lending_avalanche,basket_return,liquidation_shock,19,-4.815222480738835e-13
benqi_lending_avalanche,basket_return,liquidation_shock,20,-1.2055988997423926e-13
benqi_lending_avalanche,basket_return,liquidation_shock,21,-3.018467460950563e-14
benqi_lending_avalanche,basket_return,liquidation_shock,22,-7.557331945600113e-15
benqi_lending_avalanche,basket_return,liquidation_shock,23,-1.892123717408702e-15
benqi_lending_avalanche,basket_return,liquidation_shock,24,-4.737290242818141e-16
benqi_lending_avalanche,basket_return,liquidation_shock,25,-1.186069467702399e-16
benqi_lending_avalanche,basket_return,liquidation_shock,26,-2.9695460513603804e-17
benqi_lending_avalanche,basket_return,liquidation_shock,27,-7.434810257780244e-18
benqi_lending_avalanche,basket_return,liquidation_shock,28,-1.861442596069462e-18
benqi_lending_avalanche,basket_return,liquidation_shock,29,-4.660466250029387e-19
benqi_lending_avalanche,basket_return,liquidation_shock,30,-1.1668339692771917e-19
benqi_lending_avalanche,liquidation,return_shock,0,-0.09964778142809123
benqi_lending_avalanche,liquidation,return_shock,1,-0.08298458419193146
benqi_lending_avalanche,liquidation,return_shock,2,-0.0292792215054531
benqi_lending_avalanche,liquidation,return_shock,3,-0.008576244504452742
benqi_lending_avalanche,liquidation,return_shock,4,-0.002329714134298288
benqi_lending_avalanche,liquidation,return_shock,5,-0.0006100229313646553
benqi_lending_avalanche,liquidation,return_shock,6,-0.00015664743984404733
benqi_lending_avalanche,liquidation,return_shock,7,-3.979342731724422e-05
benqi_lending_avalanche,liquidation,return_shock,8,-1.0047090770521225e-05
benqi_lending_avalanche,liquidation,return_shock,9,-2.5277915940207764e-06
benqi_lending_avalanche,liquidation,return_shock,10,-6.346837999269935e-07
benqi_lending_avalanche,liquidation,return_shock,11,-1.5916918087247428e-07
benqi_lending_avalanche,liquidation,return_shock,12,-3.98896765207384e-08
benqi_lending_avalanche,liquidation,return_shock,13,-9.992791987339247e-09
benqi_lending_avalanche,liquidation,return_shock,14,-2.502711478458479e-09
benqi_lending_avalanche,liquidation,return_shock,15,-6.267218701768189e-10
benqi_lending_avalanche,liquidation,return_shock,16,-1.5692924820282603e-10
benqi_lending_avalanche,liquidation,return_shock,17,-3.929275232412093e-11
benqi_lending_avalanche,liquidation,return_shock,18,-9.838049891796314e-12
benqi_lending_avalanche,liquidation,return_shock,19,-2.4631937684261193e-12
benqi_lending_avalanche,liquidation,return_shock,20,-6.167143160027884e-13
benqi_lending_avalanche,liquidation,return_shock,21,-1.544070342891817e-13
benqi_lending_avalanche,liquidation,return_shock,22,-3.8658831950145213e-14
benqi_lending_avalanche,liquidation,return_shock,23,-9.678979104422986e-15
benqi_lending_avalanche,liquidation,return_shock,24,-2.4233151391220903e-15
benqi_lending_avalanche,liquidation,return_shock,25,-6.067222992792227e-16
benqi_lending_avalanche,liquidation,return_shock,26,-1.5190422527976463e-16
benqi_lending_avalanche,liquidation,return_shock,27,-3.8032042935939254e-17
benqi_lending_avalanche,liquidation,return_shock,28,-9.522026786034711e-18
benqi_lending_avalanche,liquidation,return_shock,29,-2.384015693717817e-18
benqi_lending_avalanche,liquidation,return_shock,30,-5.9688243930207655e-19
benqi_lending_avalanche,liquidation,liquidation_shock,0,0.8337722297547995
benqi_lending_avalanche,liquidation,liquidation_shock,1,0.18311261337298898
benqi_lending_avalanche,liquidation,liquidation_shock,2,0.04208960450834756
benqi_lending_avalanche,liquidation,liquidation_shock,3,0.009987637987192656
benqi_lending_avalanche,liquidation,liquidation_shock,4,0.002419972650286966
benqi_lending_avalanche,liquidation,liquidation_shock,5,0.0005940741510796305
benqi_lending_avalanche,liquidation,liquidation_shock,6,0.00014700712521828694
benqi_lending_avalanche,liquidation,liquidation_shock,7,3.655245247084445e-05
benqi_lending_avalanche,liquidation,liquidation_shock,8,9.114443584328057e-06
benqi_lending_avalanche,liquidation,liquidation_shock,9,2.276528489143001e-06
benqi_lending_avalanche,liquidation,liquidation_shock,10,5.691738705431981e-07
benqi_lending_avalanche,liquidation,liquidation_shock,11,1.4238641904788073e-07
benqi_lending_avalanche,liquidation,liquidation_shock,12,3.56319632978812e-08
benqi_lending_avalanche,liquidation,liquidation_shock,13,8.918614198648726e-09
benqi_lending_avalanche,liquidation,liquidation_shock,14,2.2325727241020614e-09
benqi_lending_avalanche,liquidation,liquidation_shock,15,5.58912055852004e-10
benqi_lending_avalanche,liquidation,liquidation_shock,16,1.399260839549058e-10
benqi_lending_avalanche,liquidation,liquidation_shock,17,3.503192720225937e-11
benqi_lending_avalanche,liquidation,liquidation_shock,18,8.770721435622971e-12
benqi_lending_avalanche,liquidation,liquidation_shock,19,2.1958874704115035e-12
benqi_lending_avalanche,liquidation,liquidation_shock,20,5.497773923022129e-13
benqi_lending_avalanche,liquidation,liquidation_shock,21,1.3764640186502535e-13
benqi_lending_avalanche,liquidation,liquidation_shock,22,3.446224342245089e-14
benqi_lending_avalanche,liquidation,liquidation_shock,23,8.628248321655174e-15
benqi_lending_avalanche,liquidation,liquidation_shock,24,2.1602398037508902e-15
benqi_lending_avalanche,liquidation,liquidation_shock,25,5.408557258395288e-16
benqi_lending_avalanche,liquidation,liquidation_shock,26,1.354131937804464e-16
benqi_lending_avalanche,liquidation,liquidation_shock,27,3.390319116650994e-17
benqi_lending_avalanche,liquidation,liquidation_shock,28,8.488289901155693e-18
benqi_lending_avalanche,liquidation,liquidation_shock,29,2.1252001856010118e-18
benqi_lending_avalanche,liquidation,liquidation_shock,30,5.320831381823775e-19
compound_v2_ethereum,basket_return,return_shock,0,0.2882004544345373
compound_v2_ethereum,basket_return,return_shock,1,-0.012465950090301853
compound_v2_ethereum,basket_return,return_shock,2,0.02488339780366709
compound_v2_ethereum,basket_return,return_shock,3,-0.017172741412458007
compound_v2_ethereum,basket_return,return_shock,4,-0.006595587092761161
compound_v2_ethereum,basket_return,return_shock,5,-0.0024995793385246957
compound_v2_ethereum,basket_return,return_shock,6,-0.0003795460724081591
compound_v2_ethereum,basket_return,return_shock,7,0.0014884379637326484
compound_v2_ethereum,basket_return,return_shock,8,0.0006222375705602592
compound_v2_ethereum,basket_return,return_shock,9,0.0003118516561602831
compound_v2_ethereum,basket_return,return_shock,10,8.783771246279629e-05
compound_v2_ethereum,basket_return,return_shock,11,4.694082649361654e-05
compound_v2_ethereum,basket_return,return_shock,12,2.3966255940030255e-05
compound_v2_ethereum,basket_return,return_shock,13,2.258850943039521e-05
compound_v2_ethereum,basket_return,return_shock,14,3.287938160628833e-05
compound_v2_ethereum,basket_return,return_shock,15,2.688242901913649e-05
compound_v2_ethereum,basket_return,return_shock,16,1.774346650070623e-05
compound_v2_ethereum,basket_return,return_shock,17,1.2174793473992913e-05
compound_v2_ethereum,basket_return,return_shock,18,9.159257729154582e-06
compound_v2_ethereum,basket_return,return_shock,19,6.494932487639186e-06
compound_v2_ethereum,basket_return,return_shock,20,4.571172018899107e-06
compound_v2_ethereum,basket_return,return_shock,21,3.4809645807994607e-06
compound_v2_ethereum,basket_return,return_shock,22,2.657015404924893e-06
compound_v2_ethereum,basket_return,return_shock,23,1.9352223901437917e-06
compound_v2_ethereum,basket_return,return_shock,24,1.4054567034091134e-06
compound_v2_ethereum,basket_return,return_shock,25,1.0435019158965608e-06
compound_v2_ethereum,basket_return,return_shock,26,7.704248043150654e-07
compound_v2_ethereum,basket_return,return_shock,27,5.618104211533668e-07
compound_v2_ethereum,basket_return,return_shock,28,4.1285199633163503e-07
compound_v2_ethereum,basket_return,return_shock,29,3.0571750476512985e-07
compound_v2_ethereum,basket_return,return_shock,30,2.2515951525995041e-07
compound_v2_ethereum,basket_return,liquidation_shock,0,0.0
compound_v2_ethereum,basket_return,liquidation_shock,1,-0.020391592107973464
compound_v2_ethereum,basket_return,liquidation_shock,2,0.07852886885267844
compound_v2_ethereum,basket_return,liquidation_shock,3,-0.050944682839204135
compound_v2_ethereum,basket_return,liquidation_shock,4,0.003013967452586459
compound_v2_ethereum,basket_return,liquidation_shock,5,-0.006080497802276036
compound_v2_ethereum,basket_return,liquidation_shock,6,0.004168405950095769
compound_v2_ethereum,basket_return,liquidation_shock,7,-0.005044798299157192
compound_v2_ethereum,basket_return,liquidation_shock,8,1.9644511964296685e-05
compound_v2_ethereum,basket_return,liquidation_shock,9,-0.00020521895122930587
compound_v2_ethereum,basket_return,liquidation_shock,10,-0.00018675923100223998
compound_v2_ethereum,basket_return,liquidation_shock,11,-0.0007087566609667545
compound_v2_ethereum,basket_return,liquidation_shock,12,-0.0001469314992623595
compound_v2_ethereum,basket_return,liquidation_shock,13,-0.000133047990614635
compound_v2_ethereum,basket_return,liquidation_shock,14,-0.0001325912615578844
compound_v2_ethereum,basket_return,liquidation_shock,15,-0.0001265636205279876
compound_v2_ethereum,basket_return,liquidation_shock,16,-5.2549952273170726e-05
compound_v2_ethereum,basket_return,liquidation_shock,17,-4.686182703002491e-05
compound_v2_ethereum,basket_return,liquidation_shock,18,-4.0469403100934456e-05
compound_v2_ethereum,basket_return,liquidation_shock,19,-2.9866302998491106e-05
compound_v2_ethereum,basket_return,liquidation_shock,20,-1.8263996106756857e-05
compound_v2_ethereum,basket_return,liquidation_shock,21,-1.4868562483777394e-05
compound_v2_ethereum,basket_return,liquidation_shock,22,-1.1493891319205297e-05
compound_v2_ethereum,basket_return,liquidation_shock,23,-8.150619486680622e-06
compound_v2_ethereum,basket_return,liquidation_shock,24,-5.722087747730174e-06
compound_v2_ethereum,basket_return,liquidation_shock,25,-4.419628329269712e-06
compound_v2_ethereum,basket_return,liquidation_shock,26,-3.2820756107713185e-06
compound_v2_ethereum,basket_return,liquidation_shock,27,-2.3615375290302825e-06
compound_v2_ethereum,basket_return,liquidation_shock,28,-1.726427390199248e-06
compound_v2_ethereum,basket_return,liquidation_shock,29,-1.2953998317620667e-06
compound_v2_ethereum,basket_return,liquidation_shock,30,-9.513077221960808e-07
compound_v2_ethereum,liquidation,return_shock,0,-0.02769396907182655
compound_v2_ethereum,liquidation,return_shock,1,-0.05414049597348973
compound_v2_ethereum,liquidation,return_shock,2,-0.02520141261529964
compound_v2_ethereum,liquidation,return_shock,3,-0.035497025328013035
compound_v2_ethereum,liquidation,return_shock,4,-0.024045190988290513
compound_v2_ethereum,liquidation,return_shock,5,-0.013469296105706612
compound_v2_ethereum,liquidation,return_shock,6,-0.009102054125101929
compound_v2_ethereum,liquidation,return_shock,7,-0.007591800059375226
compound_v2_ethereum,liquidation,return_shock,8,-0.005686568918157061
compound_v2_ethereum,liquidation,return_shock,9,-0.0039012701081260364
compound_v2_ethereum,liquidation,return_shock,10,-0.0029963497823633158
compound_v2_ethereum,liquidation,return_shock,11,-0.002311758099486643
compound_v2_ethereum,liquidation,return_shock,12,-0.0016553878579582636
compound_v2_ethereum,liquidation,return_shock,13,-0.0011833475969886072
compound_v2_ethereum,liquidation,return_shock,14,-0.0008852935134814501
compound_v2_ethereum,liquidation,return_shock,15,-0.0006592393549651298
compound_v2_ethereum,liquidation,return_shock,16,-0.0004788316252977539
compound_v2_ethereum,liquidation,return_shock,17,-0.00035120470054370365
compound_v2_ethereum,liquidation,return_shock,18,-0.0002610809761991459
compound_v2_ethereum,liquidation,return_shock,19,-0.00019237723499268076
compound_v2_ethereum,liquidation,return_shock,20,-0.0001407165346877633
compound_v2_ethereum,liquidation,return_shock,21,-0.00010359611470947009
compound_v2_ethereum,liquidation,return_shock,22,-7.651661749750217e-05
compound_v2_ethereum,liquidation,return_shock,23,-5.626420591470731e-05
compound_v2_ethereum,liquidation,return_shock,24,-4.132848963728093e-05
compound_v2_ethereum,liquidation,return_shock,25,-3.0449324648165345e-05
compound_v2_ethereum,liquidation,return_shock,26,-2.2436014103058165e-05
compound_v2_ethereum,liquidation,return_shock,27,-1.6500323616357017e-05
compound_v2_ethereum,liquidation,return_shock,28,-1.2138143186667118e-05
compound_v2_ethereum,liquidation,return_shock,29,-8.93905885841394e-06
compound_v2_ethereum,liquidation,return_shock,30,-6.580686777163776e-06
compound_v2_ethereum,liquidation,liquidation_shock,0,0.862274535046124
compound_v2_ethereum,liquidation,liquidation_shock,1,0.07422950018877092
compound_v2_ethereum,liquidation,liquidation_shock,2,0.07835881119632306
compound_v2_ethereum,liquidation,liquidation_shock,3,0.10268628672080757
compound_v2_ethereum,liquidation,liquidation_shock,4,0.13376595257916007
compound_v2_ethereum,liquidation,liquidation_shock,5,0.035871108777010365
compound_v2_ethereum,liquidation,liquidation_shock,6,0.03711223846514356
compound_v2_ethereum,liquidation,liquidation_shock,7,0.03592320734847029
compound_v2_ethereum,liquidation,liquidation_shock,8,0.027514196479401898
compound_v2_ethereum,liquidation,liquidation_shock,9,0.014270986118752145
compound_v2_ethereum,liquidation,liquidation_shock,10,0.012454094169269805
compound_v2_ethereum,liquidation,liquidation_shock,11,0.010091686973076993
compound_v2_ethereum,liquidation,liquidation_shock,12,0.0070538539950887194
compound_v2_ethereum,liquidation,liquidation_shock,13,0.004723587855729977
compound_v2_ethereum,liquidation,liquidation_shock,14,0.0037769734214856193
compound_v2_ethereum,liquidation,liquidation_shock,15,0.0028384585653981453
compound_v2_ethereum,liquidation,liquidation_shock,16,0.002011516676026115
compound_v2_ethereum,liquidation,liquidation_shock,17,0.001455785851246961
compound_v2_ethereum,liquidation,liquidation_shock,18,0.00110884317970429
compound_v2_ethereum,liquidation,liquidation_shock,19,0.0008149371090962682
compound_v2_ethereum,liquidation,liquidation_shock,20,0.0005897448650047886
compound_v2_ethereum,liquidation,liquidation_shock,21,0.0004346702868262168
compound_v2_ethereum,liquidation,liquidation_shock,22,0.000323811591829615
compound_v2_ethereum,liquidation,liquidation_shock,23,0.0002372883610236508
compound_v2_ethereum,liquidation,liquidation_shock,24,0.0001736620114098476
compound_v2_ethereum,liquidation,liquidation_shock,25,0.0001282146997387604
compound_v2_ethereum,liquidation,liquidation_shock,26,9.46879788553682e-05
compound_v2_ethereum,liquidation,liquidation_shock,27,6.949329297733854e-05
compound_v2_ethereum,liquidation,liquidation_shock,28,5.108123567078709e-05
compound_v2_ethereum,liquidation,liquidation_shock,29,3.7665954323686006e-05
compound_v2_ethereum,liquidation,liquidation_shock,30,2.7739229480931687e-05
compound_v3_arb_usdc,basket_return,return_shock,0,0.15946358257640267
compound_v3_arb_usdc,basket_return,return_shock,1,-0.010541004786166396
compound_v3_arb_usdc,basket_return,return_shock,2,0.009888831779194826
compound_v3_arb_usdc,basket_return,return_shock,3,-0.010497914614294813
compound_v3_arb_usdc,basket_return,return_shock,4,-0.0005886606479338077
compound_v3_arb_usdc,basket_return,return_shock,5,-0.0022415138910408705
compound_v3_arb_usdc,basket_return,return_shock,6,0.00019033812120924335
compound_v3_arb_usdc,basket_return,return_shock,7,-0.00019259807377668755
compound_v3_arb_usdc,basket_return,return_shock,8,0.0001513697740693011
compound_v3_arb_usdc,basket_return,return_shock,9,-2.1228405733418806e-06
compound_v3_arb_usdc,basket_return,return_shock,10,3.3738667170878264e-05
compound_v3_arb_usdc,basket_return,return_shock,11,-3.760580741900373e-06
compound_v3_arb_usdc,basket_return,return_shock,12,3.5353406291191036e-06
compound_v3_arb_usdc,basket_return,return_shock,13,-2.2361115596817897e-06
compound_v3_arb_usdc,basket_return,return_shock,14,1.9309022437502935e-07
compound_v3_arb_usdc,basket_return,return_shock,15,-5.123803569592889e-07
compound_v3_arb_usdc,basket_return,return_shock,16,7.270418207215331e-08
compound_v3_arb_usdc,basket_return,return_shock,17,-6.237917406747725e-08
compound_v3_arb_usdc,basket_return,return_shock,18,3.380822533639537e-08
compound_v3_arb_usdc,basket_return,return_shock,19,-5.289403205553207e-09
compound_v3_arb_usdc,basket_return,return_shock,20,7.859194555149417e-09
compound_v3_arb_usdc,basket_return,return_shock,21,-1.373270554800656e-09
compound_v3_arb_usdc,basket_return,return_shock,22,1.0745703272453096e-09
compound_v3_arb_usdc,basket_return,return_shock,23,-5.224749623298196e-10
compound_v3_arb_usdc,basket_return,return_shock,24,1.1525343445104879e-10
compound_v3_arb_usdc,basket_return,return_shock,25,-1.2182594184881034e-10
compound_v3_arb_usdc,basket_return,return_shock,26,2.5397291780223247e-11
compound_v3_arb_usdc,basket_return,return_shock,27,-1.823603711762458e-11
compound_v3_arb_usdc,basket_return,return_shock,28,8.233937959979018e-12
compound_v3_arb_usdc,basket_return,return_shock,29,-2.2743173197634617e-12
compound_v3_arb_usdc,basket_return,return_shock,30,1.9086444752506773e-12
compound_v3_arb_usdc,basket_return,liquidation_shock,0,0.0
compound_v3_arb_usdc,basket_return,liquidation_shock,1,-0.06041649549788765
compound_v3_arb_usdc,basket_return,liquidation_shock,2,0.09131177428803852
compound_v3_arb_usdc,basket_return,liquidation_shock,3,0.0035267079787617292
compound_v3_arb_usdc,basket_return,liquidation_shock,4,0.0183805635676089
compound_v3_arb_usdc,basket_return,liquidation_shock,5,-0.00226693677091873
compound_v3_arb_usdc,basket_return,liquidation_shock,6,0.001521099682550217
compound_v3_arb_usdc,basket_return,liquidation_shock,7,-0.0013469313309000875
compound_v3_arb_usdc,basket_return,liquidation_shock,8,3.914771467310523e-05
compound_v3_arb_usdc,basket_return,liquidation_shock,9,-0.0002802527552850201
compound_v3_arb_usdc,basket_return,liquidation_shock,10,4.095034411785693e-05
compound_v3_arb_usdc,basket_return,liquidation_shock,11,-2.865406027137801e-05
compound_v3_arb_usdc,basket_return,liquidation_shock,12,1.9985899865849962e-05
compound_v3_arb_usdc,basket_return,liquidation_shock,13,-1.922387364362436e-06
compound_v3_arb_usdc,basket_return,liquidation_shock,14,4.3020367998810505e-06
compound_v3_arb_usdc,basket_return,liquidation_shock,15,-7.430535794270865e-07
compound_v3_arb_usdc,basket_return,liquidation_shock,16,5.145931156197038e-07
compound_v3_arb_usdc,basket_return,liquidation_shock,17,-3.029902136953693e-07
compound_v3_arb_usdc,basket_return,liquidation_shock,18,4.8867026786662486e-08
compound_v3_arb_usdc,basket_return,liquidation_shock,19,-6.661425172584425e-08
compound_v3_arb_usdc,basket_return,liquidation_shock,20,1.3432555703670507e-08
compound_v3_arb_usdc,basket_return,liquidation_shock,21,-8.981391870310246e-09
compound_v3_arb_usdc,basket_return,liquidation_shock,22,4.687800446460349e-09
compound_v3_arb_usdc,basket_return,liquidation_shock,23,-1.0365837611172015e-09
compound_v3_arb_usdc,basket_return,liquidation_shock,24,1.0410678920998273e-09
compound_v3_arb_usdc,basket_return,liquidation_shock,25,-2.409696261868352e-10
compound_v3_arb_usdc,basket_return,liquidation_shock,26,1.539761741471054e-10
compound_v3_arb_usdc,basket_return,liquidation_shock,27,-7.386750070101463e-11
compound_v3_arb_usdc,basket_return,liquidation_shock,28,2.0200461188102868e-11
compound_v3_arb_usdc,basket_return,liquidation_shock,29,-1.642347989554819e-11
compound_v3_arb_usdc,basket_return,liquidation_shock,30,4.284557250497903e-12
compound_v3_arb_usdc,liquidation,return_shock,0,-0.044755017720981546
compound_v3_arb_usdc,liquidation,return_shock,1,-0.06360734192560034
compound_v3_arb_usdc,liquidation,return_shock,2,-0.018688149573214713
compound_v3_arb_usdc,liquidation,return_shock,3,-0.009485717048475728
compound_v3_arb_usdc,liquidation,return_shock,4,0.00027079417693401923
compound_v3_arb_usdc,liquidation,return_shock,5,0.0003108561579884813
compound_v3_arb_usdc,liquidation,return_shock,6,0.0008496502985356926
compound_v3_arb_usdc,liquidation,return_shock,7,0.00022730632552357878
compound_v3_arb_usdc,liquidation,return_shock,8,0.00013982802457832618
compound_v3_arb_usdc,liquidation,return_shock,9,-2.8390587892231453e-06
compound_v3_arb_usdc,liquidation,return_shock,10,-5.948174081798753e-07
compound_v3_arb_usdc,liquidation,return_shock,11,-1.1392845772372692e-05
compound_v3_arb_usdc,liquidation,return_shock,12,-2.655195191592829e-06
compound_v3_arb_usdc,liquidation,return_shock,13,-2.056529985668257e-06
compound_v3_arb_usdc,liquidation,return_shock,14,4.341368127630711e-08
compound_v3_arb_usdc,liquidation,return_shock,15,-4.4396924794596585e-08
compound_v3_arb_usdc,liquidation,return_shock,16,1.5470828760876596e-07
compound_v3_arb_usdc,liquidation,return_shock,17,2.8998358128908847e-08
compound_v3_arb_usdc,liquidation,return_shock,18,3.027661753868814e-08
compound_v3_arb_usdc,liquidation,return_shock,19,-9.101902714531523e-10
compound_v3_arb_usdc,liquidation,return_shock,20,1.372623639205575e-09
compound_v3_arb_usdc,liquidation,return_shock,21,-2.1354050573669357e-09
compound_v3_arb_usdc,liquidation,return_shock,22,-2.793353730959897e-10
compound_v3_arb_usdc,liquidation,return_shock,23,-4.4732760977635776e-10
compound_v3_arb_usdc,liquidation,return_shock,24,2.0721735928440803e-11
compound_v3_arb_usdc,liquidation,return_shock,25,-3.009961036274477e-11
compound_v3_arb_usdc,liquidation,return_shock,26,3.006206756858992e-11
compound_v3_arb_usdc,liquidation,return_shock,27,1.9452026147940135e-12
compound_v3_arb_usdc,liquidation,return_shock,28,6.647829508410117e-12
compound_v3_arb_usdc,liquidation,return_shock,29,-4.585414075380266e-13
compound_v3_arb_usdc,liquidation,return_shock,30,5.820355386704294e-13
compound_v3_arb_usdc,liquidation,liquidation_shock,0,0.5861687360675869
compound_v3_arb_usdc,liquidation,liquidation_shock,1,0.13779345712097218
compound_v3_arb_usdc,liquidation,liquidation_shock,2,0.07257733541325737
compound_v3_arb_usdc,liquidation,liquidation_shock,3,-0.006454481102409103
compound_v3_arb_usdc,liquidation,liquidation_shock,4,-0.003477001381785575
compound_v3_arb_usdc,liquidation,liquidation_shock,5,-0.007283733749716184
compound_v3_arb_usdc,liquidation,liquidation_shock,6,-0.001735032435376099
compound_v3_arb_usdc,liquidation,liquidation_shock,7,-0.0010824622602606407
compound_v3_arb_usdc,liquidation,liquidation_shock,8,8.00413415423212e-05
compound_v3_arb_usdc,liquidation,liquidation_shock,9,1.6965343004149665e-05
compound_v3_arb_usdc,liquidation,liquidation_shock,10,9.862482815913659e-05
compound_v3_arb_usdc,liquidation,liquidation_shock,11,2.0171660787245956e-05
compound_v3_arb_usdc,liquidation,liquidation_shock,12,1.6191336551058907e-05
compound_v3_arb_usdc,liquidation,liquidation_shock,13,-1.1300852845859265e-06
compound_v3_arb_usdc,liquidation,liquidation_shock,14,2.128392661658394e-07
compound_v3_arb_usdc,liquidation,liquidation_shock,15,-1.351980410436153e-06
compound_v3_arb_usdc,liquidation,liquidation_shock,16,-2.1726701545362326e-07
compound_v3_arb_usdc,liquidation,liquidation_shock,17,-2.4206477502021523e-07
compound_v3_arb_usdc,liquidation,liquidation_shock,18,1.8090643406443345e-08
compound_v3_arb_usdc,liquidation,liquidation_shock,19,-9.451021885224625e-09
compound_v3_arb_usdc,liquidation,liquidation_shock,20,1.8823646416224685e-08
compound_v3_arb_usdc,liquidation,liquidation_shock,21,2.0157773048367887e-09
compound_v3_arb_usdc,liquidation,liquidation_shock,22,3.627237555573954e-09
compound_v3_arb_usdc,liquidation,liquidation_shock,23,-3.1717323966072227e-10
compound_v3_arb_usdc,liquidation,liquidation_shock,24,2.2681062156988133e-10
compound_v3_arb_usdc,liquidation,liquidation_shock,25,-2.6699032020469655e-10
compound_v3_arb_usdc,liquidation,liquidation_shock,26,-1.2068317780565201e-11
compound_v3_arb_usdc,liquidation,liquidation_shock,27,-5.460744870378581e-11
compound_v3_arb_usdc,liquidation,liquidation_shock,28,5.825219001762039e-12
compound_v3_arb_usdc,liquidation,liquidation_shock,29,-4.579399926973403e-12
compound_v3_arb_usdc,liquidation,liquidation_shock,30,3.866851549123429e-12
compound_v3_arb_usdc_e,basket_return,return_shock,0,0.2877008607230482
compound_v3_arb_usdc_e,basket_return,return_shock,1,-0.029481884370750083
compound_v3_arb_usdc_e,basket_return,return_shock,2,0.004634763442236779
compound_v3_arb_usdc_e,basket_return,return_shock,3,-0.00023905163074340656
compound_v3_arb_usdc_e,basket_return,return_shock,4,0.00010914863135968634
compound_v3_arb_usdc_e,basket_return,return_shock,5,8.523944523546816e-06
compound_v3_arb_usdc_e,basket_return,return_shock,6,4.63951571919769e-06
compound_v3_arb_usdc_e,basket_return,return_shock,7,9.432439796445227e-07
compound_v3_arb_usdc_e,basket_return,return_shock,8,2.821320504779502e-07
compound_v3_arb_usdc_e,basket_return,return_shock,9,7.056934741618968e-08
compound_v3_arb_usdc_e,basket_return,return_shock,10,1.9087769728148602e-08
compound_v3_arb_usdc_e,basket_return,return_shock,11,4.9843748700543005e-09
compound_v3_arb_usdc_e,basket_return,return_shock,12,1.3220869701148272e-09
compound_v3_arb_usdc_e,basket_return,return_shock,13,3.4823545368612927e-10
compound_v3_arb_usdc_e,basket_return,return_shock,14,9.201099862779748e-11
compound_v3_arb_usdc_e,basket_return,return_shock,15,2.427740415400314e-11
compound_v3_arb_usdc_e,basket_return,return_shock,16,6.409650173548973e-12
compound_v3_arb_usdc_e,basket_return,return_shock,17,1.691788684101838e-12
compound_v3_arb_usdc_e,basket_return,return_shock,18,4.465926544149698e-13
compound_v3_arb_usdc_e,basket_return,return_shock,19,1.1788351777544122e-13
compound_v3_arb_usdc_e,basket_return,return_shock,20,3.111754199237731e-14
compound_v3_arb_usdc_e,basket_return,return_shock,21,8.213962458979777e-15
compound_v3_arb_usdc_e,basket_return,return_shock,22,2.1682146290347854e-15
compound_v3_arb_usdc_e,basket_return,return_shock,23,5.723357546504723e-16
compound_v3_arb_usdc_e,basket_return,return_shock,24,1.5107754145382759e-16
compound_v3_arb_usdc_e,basket_return,return_shock,25,3.987941241597391e-17
compound_v3_arb_usdc_e,basket_return,return_shock,26,1.0526831639653974e-17
compound_v3_arb_usdc_e,basket_return,return_shock,27,2.7787313818458686e-18
compound_v3_arb_usdc_e,basket_return,return_shock,28,7.3349215179107025e-19
compound_v3_arb_usdc_e,basket_return,return_shock,29,1.9361739352534123e-19
compound_v3_arb_usdc_e,basket_return,return_shock,30,5.110851598410808e-20
compound_v3_arb_usdc_e,basket_return,liquidation_shock,0,0.0
compound_v3_arb_usdc_e,basket_return,liquidation_shock,1,-0.011510061316477404
compound_v3_arb_usdc_e,basket_return,liquidation_shock,2,-0.001682615711243292
compound_v3_arb_usdc_e,basket_return,liquidation_shock,3,-0.0006038234278308108
compound_v3_arb_usdc_e,basket_return,liquidation_shock,4,-0.00014058334839794697
compound_v3_arb_usdc_e,basket_return,liquidation_shock,5,-3.93242544287399e-05
compound_v3_arb_usdc_e,basket_return,liquidation_shock,6,-1.0119410658818299e-05
compound_v3_arb_usdc_e,basket_return,liquidation_shock,7,-2.701912072915887e-06
compound_v3_arb_usdc_e,basket_return,liquidation_shock,8,-7.095954902309313e-07
compound_v3_arb_usdc_e,basket_return,liquidation_shock,9,-1.877357122846831e-07
compound_v3_arb_usdc_e,basket_return,liquidation_shock,10,-4.9505746520446826e-08
compound_v3_arb_usdc_e,basket_return,liquidation_shock,11,-1.3073774055179264e-08
compound_v3_arb_usdc_e,basket_return,liquidation_shock,12,-3.4503426526615387e-09
compound_v3_arb_usdc_e,basket_return,liquidation_shock,13,-9.108570782387218e-10
compound_v3_arb_usdc_e,basket_return,liquidation_shock,14,-2.4042614198946495e-10
compound_v3_arb_usdc_e,basket_return,liquidation_shock,15,-6.346559765988324e-11
compound_v3_arb_usdc_e,basket_return,liquidation_shock,16,-1.6752660998382117e-11
compound_v3_arb_usdc_e,basket_return,liquidation_shock,17,-4.422157952347978e-12
compound_v3_arb_usdc_e,basket_return,liquidation_shock,18,-1.1672999299862902e-12
compound_v3_arb_usdc_e,basket_return,liquidation_shock,19,-3.081283571524816e-13
compound_v3_arb_usdc_e,basket_return,liquidation_shock,20,-8.133555435954029e-14
compound_v3_arb_usdc_e,basket_return,liquidation_shock,21,-2.1469868913164713e-14
compound_v3_arb_usdc_e,basket_return,liquidation_shock,22,-5.667326920755585e-15
compound_v3_arb_usdc_e,basket_return,liquidation_shock,23,-1.4959847910011387e-15
compound_v3_arb_usdc_e,basket_return,liquidation_shock,24,-3.9488994283172035e-16
compound_v3_arb_usdc_e,basket_return,liquidation_shock,25,-1.0423773739001305e-16
compound_v3_arb_usdc_e,basket_return,liquidation_shock,26,-2.7515276104928854e-17
compound_v3_arb_usdc_e,basket_return,liquidation_shock,27,-7.263112581168697e-18
compound_v3_arb_usdc_e,basket_return,liquidation_shock,28,-1.9172187871344124e-18
compound_v3_arb_usdc_e,basket_return,liquidation_shock,29,-5.060816336400021e-19
compound_v3_arb_usdc_e,basket_return,liquidation_shock,30,-1.3358862407572075e-19
compound_v3_arb_usdc_e,liquidation,return_shock,0,-0.029595641152834654
compound_v3_arb_usdc_e,liquidation,return_shock,1,-0.10593708533112706
compound_v3_arb_usdc_e,liquidation,return_shock,2,-0.016406701172668736
compound_v3_arb_usdc_e,liquidation,return_shock,3,-0.005692021476648068
compound_v3_arb_usdc_e,liquidation,return_shock,4,-0.0013421809607217984
compound_v3_arb_usdc_e,liquidation,return_shock,5,-0.00037317365095379204
compound_v3_arb_usdc_e,liquidation,return_shock,6,-9.628134868413846e-05
compound_v3_arb_usdc_e,liquidation,return_shock,7,-2.5677000069063094e-05
compound_v3_arb_usdc_e,liquidation,return_shock,8,-6.747017364225786e-06
compound_v3_arb_usdc_e,liquidation,return_shock,9,-1.7846206417019564e-06
compound_v3_arb_usdc_e,liquidation,return_shock,10,-4.706521774942819e-07
compound_v3_arb_usdc_e,liquidation,return_shock,11,-1.2428684028210343e-07
compound_v3_arb_usdc_e,liquidation,return_shock,12,-3.2801631736203295e-08
compound_v3_arb_usdc_e,liquidation,return_shock,13,-8.659232905064636e-09
compound_v3_arb_usdc_e,liquidation,return_shock,14,-2.2856654978003587e-09
compound_v3_arb_usdc_e,liquidation,return_shock,15,-6.033489417478372e-10
compound_v3_arb_usdc_e,liquidation,return_shock,16,-1.592627975807708e-10
compound_v3_arb_usdc_e,liquidation,return_shock,17,-4.204018617368639e-11
compound_v3_arb_usdc_e,liquidation,return_shock,18,-1.1097187159668441e-11
compound_v3_arb_usdc_e,liquidation,return_shock,19,-2.929288103081215e-12
compound_v3_arb_usdc_e,liquidation,return_shock,20,-7.732338618384692e-13
compound_v3_arb_usdc_e,liquidation,return_shock,21,-2.0410790264001735e-13
compound_v3_arb_usdc_e,liquidation,return_shock,22,-5.3877656337289855e-14
compound_v3_arb_usdc_e,liquidation,return_shock,23,-1.4221899556524147e-14
compound_v3_arb_usdc_e,liquidation,return_shock,24,-3.7541057528823e-15
compound_v3_arb_usdc_e,liquidation,return_shock,25,-9.909583580949083e-16
compound_v3_arb_usdc_e,liquidation,return_shock,26,-2.6157986081847507e-16
compound_v3_arb_usdc_e,liquidation,return_shock,27,-6.904833411908578e-17
compound_v3_arb_usdc_e,liquidation,return_shock,28,-1.822645070151904e-17
compound_v3_arb_usdc_e,liquidation,return_shock,29,-4.811173355993906e-18
compound_v3_arb_usdc_e,liquidation,return_shock,30,-1.2699888438962168e-18
compound_v3_arb_usdc_e,liquidation,liquidation_shock,0,0.7772827119792185
compound_v3_arb_usdc_e,liquidation,liquidation_shock,1,0.1944636221491169
compound_v3_arb_usdc_e,liquidation,liquidation_shock,2,0.05259367133205546
compound_v3_arb_usdc_e,liquidation,liquidation_shock,3,0.013734357670719104
compound_v3_arb_usdc_e,liquidation,liquidation_shock,4,0.0036429146226692414
compound_v3_arb_usdc_e,liquidation,liquidation_shock,5,0.0009595460416442867
compound_v3_arb_usdc_e,liquidation,liquidation_shock,6,0.0002535308725811888
compound_v3_arb_usdc_e,liquidation,liquidation_shock,7,6.689507196065398e-05
compound_v3_arb_usdc_e,liquidation,liquidation_shock,8,1.7661429843510153e-05
compound_v3_arb_usdc_e,liquidation,liquidation_shock,9,4.6616300259439635e-06
compound_v3_arb_usdc_e,liquidation,liquidation_shock,10,1.2305611325666294e-06
compound_v3_arb_usdc_e,liquidation,liquidation_shock,11,3.24821476369112e-07
compound_v3_arb_usdc_e,liquidation,liquidation_shock,12,8.574265346526911e-08
compound_v3_arb_usdc_e,liquidation,liquidation_shock,13,2.2633116289416565e-08
compound_v3_arb_usdc_e,liquidation,liquidation_shock,14,5.974394669803739e-09
compound_v3_arb_usdc_e,liquidation,liquidation_shock,15,1.5770393049012655e-09
compound_v3_arb_usdc_e,liquidation,liquidation_shock,16,4.1628575312373737e-10
compound_v3_arb_usdc_e,liquidation,liquidation_shock,17,1.098855003938427e-10
compound_v3_arb_usdc_e,liquidation,liquidation_shock,18,2.900609843327199e-11
compound_v3_arb_usdc_e,liquidation,liquidation_shock,19,7.656639599585576e-12
compound_v3_arb_usdc_e,liquidation,liquidation_shock,20,2.021096782439368e-12
compound_v3_arb_usdc_e,liquidation,liquidation_shock,21,5.335019469962004e-13
compound_v3_arb_usdc_e,liquidation,liquidation_shock,22,1.4082667000561525e-13
compound_v3_arb_usdc_e,liquidation,liquidation_shock,23,3.717353053483092e-14
compound_v3_arb_usdc_e,liquidation,liquidation_shock,24,9.812568702201712e-15
compound_v3_arb_usdc_e,liquidation,liquidation_shock,25,2.590189930430749e-15
compound_v3_arb_usdc_e,liquidation,liquidation_shock,26,6.837235061842084e-16
compound_v3_arb_usdc_e,liquidation,liquidation_shock,27,1.8048013674724087e-16
compound_v3_arb_usdc_e,liquidation,liquidation_shock,28,4.764071948331815e-17
compound_v3_arb_usdc_e,liquidation,liquidation_shock,29,1.2575556478027016e-17
compound_v3_arb_usdc_e,liquidation,liquidation_shock,30,3.319526288626416e-18
compound_v3_arb_usdt,basket_return,return_shock,0,0.20799969919952663
compound_v3_arb_usdt,basket_return,return_shock,1,-0.015817003299264738
compound_v3_arb_usdt,basket_return,return_shock,2,0.00714583431920361
compound_v3_arb_usdt,basket_return,return_shock,3,0.0005323567946202857
compound_v3_arb_usdt,basket_return,return_shock,4,0.000440216458479691
compound_v3_arb_usdt,basket_return,return_shock,5,0.00010530021799952753
compound_v3_arb_usdt,basket_return,return_shock,6,4.024339709625247e-05
compound_v3_arb_usdt,basket_return,return_shock,7,1.235144763724624e-05
compound_v3_arb_usdt,basket_return,return_shock,8,4.172227469475232e-06
compound_v3_arb_usdt,basket_return,return_shock,9,1.349560171153004e-06
compound_v3_arb_usdt,basket_return,return_shock,10,4.45049338412704e-07
compound_v3_arb_usdt,basket_return,return_shock,11,1.4549852274086916e-07
compound_v3_arb_usdt,basket_return,return_shock,12,4.775223355903912e-08
compound_v3_arb_usdt,basket_return,return_shock,13,1.5644946035087183e-08
compound_v3_arb_usdt,basket_return,return_shock,14,5.129704662429493e-09
compound_v3_arb_usdt,basket_return,return_shock,15,1.681354616370295e-09
compound_v3_arb_usdt,basket_return,return_shock,16,5.511807555131636e-10
compound_v3_arb_usdt,basket_return,return_shock,17,1.80675149992652e-10
compound_v3_arb_usdt,basket_return,return_shock,18,5.922654404949332e-11
compound_v3_arb_usdt,basket_return,return_shock,19,1.941459225253374e-11
compound_v3_arb_usdt,basket_return,return_shock,20,6.364186254551969e-12
compound_v3_arb_usdt,basket_return,return_shock,21,2.0862015716170008e-12
compound_v3_arb_usdt,basket_return,return_shock,22,6.838647236236459e-13
compound_v3_arb_usdt,basket_return,return_shock,23,2.2417330283215015e-13
compound_v3_arb_usdt,basket_return,return_shock,24,7.348482915968708e-14
compound_v3_arb_usdt,basket_return,return_shock,25,2.4088593236545694e-14
compound_v3_arb_usdt,basket_return,return_shock,26,7.896328536301886e-15
compound_v3_arb_usdt,basket_return,return_shock,27,2.58844517519087e-15
compound_v3_arb_usdt,basket_return,return_shock,28,8.48501738770995e-16
compound_v3_arb_usdt,basket_return,return_shock,29,2.7814195344996914e-16
compound_v3_arb_usdt,basket_return,return_shock,30,9.117594330266399e-17
compound_v3_arb_usdt,basket_return,liquidation_shock,0,0.0
compound_v3_arb_usdt,basket_return,liquidation_shock,1,-0.04474904950174123
compound_v3_arb_usdt,basket_return,liquidation_shock,2,-0.008100008784350146
compound_v3_arb_usdt,basket_return,liquidation_shock,3,-0.0036194863380825276
compound_v3_arb_usdt,basket_return,liquidation_shock,4,-0.0010449311295689045
compound_v3_arb_usdt,basket_return,liquidation_shock,5,-0.0003633108619333867
compound_v3_arb_usdt,basket_return,liquidation_shock,6,-0.00011604444118711947
compound_v3_arb_usdt,basket_return,liquidation_shock,7,-3.8487537698950285e-05
compound_v3_arb_usdt,basket_return,liquidation_shock,8,-1.2550628000373172e-05
compound_v3_arb_usdt,basket_return,liquidation_shock,9,-4.123789765183057e-06
compound_v3_arb_usdt,basket_return,liquidation_shock,10,-1.3503769615310907e-06
compound_v3_arb_usdt,basket_return,liquidation_shock,11,-4.4286638194389926e-07
compound_v3_arb_usdt,basket_return,liquidation_shock,12,-1.4514269023707362e-07
compound_v3_arb_usdt,basket_return,liquidation_shock,13,-4.758278143832788e-08
compound_v3_arb_usdt,basket_return,liquidation_shock,14,-1.5597151048877767e-08
compound_v3_arb_usdt,basket_return,liquidation_shock,15,-5.11289933998483e-09
compound_v3_arb_usdt,basket_return,liquidation_shock,16,-1.6760128151653097e-09
compound_v3_arb_usdt,basket_return,liquidation_shock,17,-5.49405172521506e-10
compound_v3_arb_usdt,basket_return,liquidation_shock,18,-1.8009670699132564e-10
compound_v3_arb_usdt,basket_return,liquidation_shock,19,-5.903639993796471e-11
compound_v3_arb_usdt,basket_return,liquidation_shock,20,-1.9352339886674427e-11
compound_v3_arb_usdt,basket_return,liquidation_shock,21,-6.3437683166938925e-12
compound_v3_arb_usdt,basket_return,liquidation_shock,22,-2.079510168785703e-12
compound_v3_arb_usdt,basket_return,liquidation_shock,23,-6.816710121031167e-13
compound_v3_arb_usdt,basket_return,liquidation_shock,24,-2.2345423223898577e-13
compound_v3_arb_usdt,basket_return,liquidation_shock,25,-7.32491099188169e-14
compound_v3_arb_usdt,basket_return,liquidation_shock,26,-2.4011324388765338e-14
compound_v3_arb_usdt,basket_return,liquidation_shock,27,-7.87099941324028e-15
compound_v3_arb_usdt,basket_return,liquidation_shock,28,-2.580142213316507e-15
compound_v3_arb_usdt,basket_return,liquidation_shock,29,-8.457799952366017e-16
compound_v3_arb_usdt,basket_return,liquidation_shock,30,-2.7724975638761325e-16
compound_v3_arb_usdt,liquidation,return_shock,0,-0.04654718383963881
compound_v3_arb_usdt,liquidation,return_shock,1,-0.07727335431577188
compound_v3_arb_usdt,liquidation,return_shock,2,-0.016227053371637806
compound_v3_arb_usdt,liquidation,return_shock,3,-0.006655616482402766
compound_v3_arb_usdt,liquidation,return_shock,4,-0.0019855701240312773
compound_v3_arb_usdt,liquidation,return_shock,5,-0.0006796729713867181
compound_v3_arb_usdt,liquidation,return_shock,6,-0.00021857220941089788
compound_v3_arb_usdt,liquidation,return_shock,7,-7.226927184690379e-05
compound_v3_arb_usdt,liquidation,return_shock,8,-2.3599043234720043e-05
compound_v3_arb_usdt,liquidation,return_shock,9,-7.74922313019847e-06
compound_v3_arb_usdt,liquidation,return_shock,10,-2.5382607257495755e-06
compound_v3_arb_usdt,liquidation,return_shock,11,-8.323392156457955e-07
compound_v3_arb_usdt,liquidation,return_shock,12,-2.728015250739855e-07
compound_v3_arb_usdt,liquidation,return_shock,13,-8.943154005818472e-08
compound_v3_arb_usdt,liquidation,return_shock,14,-2.9315072477410723e-08
compound_v3_arb_usdt,liquidation,return_shock,15,-9.609721090307311e-09
compound_v3_arb_usdt,liquidation,return_shock,16,-3.15008186073798e-09
compound_v3_arb_usdt,liquidation,return_shock,17,-1.0326111657968418e-09
compound_v3_arb_usdt,liquidation,return_shock,18,-3.384932699710747e-10
compound_v3_arb_usdt,liquidation,return_shock,19,-1.1095938626938633e-10
compound_v3_arb_usdt,liquidation,return_shock,20,-3.637288098081087e-11
compound_v3_arb_usdt,liquidation,return_shock,21,-1.1923163921050496e-11
compound_v3_arb_usdt,liquidation,return_shock,22,-3.908456271446013e-12
compound_v3_arb_usdt,liquidation,return_shock,23,-1.2812061998740674e-12
compound_v3_arb_usdt,liquidation,return_shock,24,-4.1998404461652405e-13
compound_v3_arb_usdt,liquidation,return_shock,25,-1.3767229687503026e-13
compound_v3_arb_usdt,liquidation,return_shock,26,-4.5129479193089766e-14
compound_v3_arb_usdt,liquidation,return_shock,27,-1.4793607315566703e-14
compound_v3_arb_usdt,liquidation,return_shock,28,-4.849398243306557e-15
compound_v3_arb_usdt,liquidation,return_shock,29,-1.5896503695379037e-15
compound_v3_arb_usdt,liquidation,return_shock,30,-5.2109316866183e-16
compound_v3_arb_usdt,liquidation,liquidation_shock,0,0.6084922211914497
compound_v3_arb_usdt,liquidation,liquidation_shock,1,0.16642892454198194
compound_v3_arb_usdt,liquidation,liquidation_shock,2,0.0594056454055316
compound_v3_arb_usdt,liquidation,liquidation_shock,3,0.018761488524008496
compound_v3_arb_usdt,liquidation,liquidation_shock,4,0.006254586479110335
compound_v3_arb_usdt,liquidation,liquidation_shock,5,0.0020349358610357673
compound_v3_arb_usdt,liquidation,liquidation_shock,6,0.0006693112381045941
compound_v3_arb_usdt,liquidation,liquidation_shock,7,0.00021907209589072823
compound_v3_arb_usdt,liquidation,liquidation_shock,8,7.186115355844326e-05
compound_v3_arb_usdt,liquidation,liquidation_shock,9,2.3549224237271093e-05
compound_v3_arb_usdt,liquidation,liquidation_shock,10,7.720566919561755e-06
compound_v3_arb_usdt,liquidation,liquidation_shock,11,2.5306764050571536e-06
compound_v3_arb_usdt,liquidation,liquidation_shock,12,8.295874549309088e-07
compound_v3_arb_usdt,liquidation,liquidation_shock,13,2.7193847534564753e-07
compound_v3_arb_usdt,liquidation,liquidation_shock,14,8.914290609864909e-08
compound_v3_arb_usdt,liquidation,liquidation_shock,15,2.922129733642449e-08
compound_v3_arb_usdt,liquidation,liquidation_shock,16,9.578857933687945e-09
compound_v3_arb_usdt,liquidation,liquidation_shock,17,3.1399829091354235e-09
compound_v3_arb_usdt,liquidation,liquidation_shock,18,1.029298035299691e-09
compound_v3_arb_usdt,liquidation,liquidation_shock,19,3.3740760385136946e-10
compound_v3_arb_usdt,liquidation,liquidation_shock,20,1.10603443705337e-10
compound_v3_arb_usdt,liquidation,liquidation_shock,21,3.6256210120681964e-11
compound_v3_arb_usdt,liquidation,liquidation_shock,22,1.1884917555105296e-11
compound_v3_arb_usdt,liquidation,liquidation_shock,23,3.895919154820424e-12
compound_v3_arb_usdt,liquidation,liquidation_shock,24,1.277096460888292e-12
compound_v3_arb_usdt,liquidation,liquidation_shock,25,4.186368611434121e-13
compound_v3_arb_usdt,liquidation,liquidation_shock,26,1.3723068466324687e-13
compound_v3_arb_usdt,liquidation,liquidation_shock,27,4.4984717189140393e-14
compound_v3_arb_usdt,liquidation,liquidation_shock,28,1.4746153792189263e-14
compound_v3_arb_usdt,liquidation,liquidation_shock,29,4.833842807686454e-15
compound_v3_arb_usdt,liquidation,liquidation_shock,30,1.5845512409394941e-15
compound_v3_eth_usdc,basket_return,return_shock,0,0.23459654087661164
compound_v3_eth_usdc,basket_return,return_shock,1,-0.012344096142579102
compound_v3_eth_usdc,basket_return,return_shock,2,0.016170083444568596
compound_v3_eth_usdc,basket_return,return_shock,3,-0.012118247086252743
compound_v3_eth_usdc,basket_return,return_shock,4,-0.0019192239926757425
compound_v3_eth_usdc,basket_return,return_shock,5,-0.005744850645587596
compound_v3_eth_usdc,basket_return,return_shock,6,-0.0010372973862653422
compound_v3_eth_usdc,basket_return,return_shock,7,-0.0007750396162529315
compound_v3_eth_usdc,basket_return,return_shock,8,7.373099792760446e-05
compound_v3_eth_usdc,basket_return,return_shock,9,5.141059668017282e-05
compound_v3_eth_usdc,basket_return,return_shock,10,0.0001381759393605467
compound_v3_eth_usdc,basket_return,return_shock,11,5.537634501057883e-05
compound_v3_eth_usdc,basket_return,return_shock,12,3.353887394961557e-05
compound_v3_eth_usdc,basket_return,return_shock,13,7.226694069075238e-06
compound_v3_eth_usdc,basket_return,return_shock,14,1.134109027004141e-06
compound_v3_eth_usdc,basket_return,return_shock,15,-2.6245574912054723e-06
compound_v3_eth_usdc,basket_return,return_shock,16,-1.8036381420468706e-06
compound_v3_eth_usdc,basket_return,return_shock,17,-1.2238553733219814e-06
compound_v3_eth_usdc,basket_return,return_shock,18,-4.807172762235181e-07
compound_v3_eth_usdc,basket_return,return_shock,19,-1.607319467205984e-07
compound_v3_eth_usdc,basket_return,return_shock,20,1.0753206285195695e-08
compound_v3_eth_usdc,basket_return,return_shock,21,3.9058914830501536e-08
compound_v3_eth_usdc,basket_return,return_shock,22,3.6512953603685655e-08
compound_v3_eth_usdc,basket_return,return_shock,23,1.992872004610945e-08
compound_v3_eth_usdc,basket_return,return_shock,24,8.924938703435977e-09
compound_v3_eth_usdc,basket_return,return_shock,25,2.2441043496420217e-09
compound_v3_eth_usdc,basket_return,return_shock,26,-1.6055231830498352e-10
compound_v3_eth_usdc,basket_return,return_shock,27,-8.019368900513898e-10
compound_v3_eth_usdc,basket_return,return_shock,28,-6.312388917437757e-10
compound_v3_eth_usdc,basket_return,return_shock,29,-3.6068292110941326e-10
compound_v3_eth_usdc,basket_return,return_shock,30,-1.464275006437496e-10
compound_v3_eth_usdc,basket_return,liquidation_shock,0,0.0
compound_v3_eth_usdc,basket_return,liquidation_shock,1,-0.05889232550801012
compound_v3_eth_usdc,basket_return,liquidation_shock,2,0.08652071369054942
compound_v3_eth_usdc,basket_return,liquidation_shock,3,0.009971792110867425
compound_v3_eth_usdc,basket_return,liquidation_shock,4,0.00820488344443212
compound_v3_eth_usdc,basket_return,liquidation_shock,5,0.001892522683453965
compound_v3_eth_usdc,basket_return,liquidation_shock,6,0.0013366078284724585
compound_v3_eth_usdc,basket_return,liquidation_shock,7,-0.001401061276277233
compound_v3_eth_usdc,basket_return,liquidation_shock,8,-0.0004608540110364429
compound_v3_eth_usdc,basket_return,liquidation_shock,9,-0.0003606934963823858
compound_v3_eth_usdc,basket_return,liquidation_shock,10,-0.00013412031510919617
compound_v3_eth_usdc,basket_return,liquidation_shock,11,-6.127184004773723e-05
compound_v3_eth_usdc,basket_return,liquidation_shock,12,1.231308067730253e-05
compound_v3_eth_usdc,basket_return,liquidation_shock,13,1.1071423444204157e-05
compound_v3_eth_usdc,basket_return,liquidation_shock,14,1.1311630478058096e-05
compound_v3_eth_usdc,basket_return,liquidation_shock,15,5.82783683538765e-06
compound_v3_eth_usdc,basket_return,liquidation_shock,16,2.861584619968921e-06
compound_v3_eth_usdc,basket_return,liquidation_shock,17,5.290925062832914e-07
compound_v3_eth_usdc,basket_return,liquidation_shock,18,-5.449710368208017e-08
compound_v3_eth_usdc,basket_return,liquidation_shock,19,-2.5821698107224175e-07
compound_v3_eth_usdc,basket_return,liquidation_shock,20,-1.9043787851943913e-07
compound_v3_eth_usdc,basket_return,liquidation_shock,21,-1.1198325421186564e-07
compound_v3_eth_usdc,basket_return,liquidation_shock,22,-4.181197653221525e-08
compound_v3_eth_usdc,basket_return,liquidation_shock,23,-1.0910911967946661e-08
compound_v3_eth_usdc,basket_return,liquidation_shock,24,2.3998545989175514e-09
compound_v3_eth_usdc,basket_return,liquidation_shock,25,4.559612476395288e-09
compound_v3_eth_usdc,basket_return,liquidation_shock,26,3.5792227575090087e-09
compound_v3_eth_usdc,basket_return,liquidation_shock,27,1.8530523268386677e-09
compound_v3_eth_usdc,basket_return,liquidation_shock,28,7.468428264753539e-10
compound_v3_eth_usdc,basket_return,liquidation_shock,29,1.5737223947329592e-10
compound_v3_eth_usdc,basket_return,liquidation_shock,30,-4.933244533049816e-11
compound_v3_eth_usdc,liquidation,return_shock,0,-0.07354473098870999
compound_v3_eth_usdc,liquidation,return_shock,1,-0.1056598244038267
compound_v3_eth_usdc,liquidation,return_shock,2,-0.04062758130259796
compound_v3_eth_usdc,liquidation,return_shock,3,-0.03462059903251086
compound_v3_eth_usdc,liquidation,return_shock,4,-0.006420997204243665
compound_v3_eth_usdc,liquidation,return_shock,5,-0.0011002396057036834
compound_v3_eth_usdc,liquidation,return_shock,6,0.0019815467369094647
compound_v3_eth_usdc,liquidation,return_shock,7,0.0013951483499962608
compound_v3_eth_usdc,liquidation,return_shock,8,0.0011165893247914265
compound_v3_eth_usdc,liquidation,return_shock,9,0.0004237637933885506
compound_v3_eth_usdc,liquidation,return_shock,10,0.00014992101292240638
compound_v3_eth_usdc,liquidation,return_shock,11,-5.002259454370074e-07
compound_v3_eth_usdc,liquidation,return_shock,12,-2.8662185377626604e-05
compound_v3_eth_usdc,liquidation,return_shock,13,-3.125890015940916e-05
compound_v3_eth_usdc,liquidation,return_shock,14,-1.715658500455273e-05
compound_v3_eth_usdc,liquidation,return_shock,15,-7.995611459053346e-06
compound_v3_eth_usdc,liquidation,return_shock,16,-2.1968772680313544e-06
compound_v3_eth_usdc,liquidation,return_shock,17,-3.018094985045196e-08
compound_v3_eth_usdc,liquidation,return_shock,18,6.394379440689682e-07
compound_v3_eth_usdc,liquidation,return_shock,19,5.271539794804379e-07
compound_v3_eth_usdc,liquidation,return_shock,20,3.1329196962575905e-07
compound_v3_eth_usdc,liquidation,return_shock,21,1.3224487608301058e-07
compound_v3_eth_usdc,liquidation,return_shock,22,3.768807415710143e-08
compound_v3_eth_usdc,liquidation,return_shock,23,-2.7053473149039272e-09
compound_v3_eth_usdc,liquidation,return_shock,24,-1.1530809973463925e-08
compound_v3_eth_usdc,liquidation,return_shock,25,-9.684446386532963e-09
compound_v3_eth_usdc,liquidation,return_shock,26,-5.416495855311718e-09
compound_v3_eth_usdc,liquidation,return_shock,27,-2.29010637260131e-09
compound_v3_eth_usdc,liquidation,return_shock,28,-5.826525113508975e-10
compound_v3_eth_usdc,liquidation,return_shock,29,7.334945389748257e-11
compound_v3_eth_usdc,liquidation,return_shock,30,2.1988565288103739e-10
compound_v3_eth_usdc,liquidation,liquidation_shock,0,0.5685329692101859
compound_v3_eth_usdc,liquidation,liquidation_shock,1,0.1171617146818398
compound_v3_eth_usdc,liquidation,liquidation_shock,2,0.01923529638501664
compound_v3_eth_usdc,liquidation,liquidation_shock,3,5.9264603337588684e-05
compound_v3_eth_usdc,liquidation,liquidation_shock,4,-0.0032056347131103205
compound_v3_eth_usdc,liquidation,liquidation_shock,5,-0.012474685982914244
compound_v3_eth_usdc,liquidation,liquidation_shock,6,-0.005066842589072322
compound_v3_eth_usdc,liquidation,liquidation_shock,7,-0.0021339562068791716
compound_v3_eth_usdc,liquidation,liquidation_shock,8,-0.0006146151836002391
compound_v3_eth_usdc,liquidation,liquidation_shock,9,-6.589152851581923e-05
compound_v3_eth_usdc,liquidation,liquidation_shock,10,0.00023929174827740524
compound_v3_eth_usdc,liquidation,liquidation_shock,11,0.0001604255878806733
compound_v3_eth_usdc,liquidation,liquidation_shock,12,9.255175247457549e-05
compound_v3_eth_usdc,liquidation,liquidation_shock,13,3.8654012631356044e-05
compound_v3_eth_usdc,liquidation,liquidation_shock,14,1.1750458569002274e-05
compound_v3_eth_usdc,liquidation,liquidation_shock,15,-1.6926339138447612e-06
compound_v3_eth_usdc,liquidation,liquidation_shock,16,-3.633387825408628e-06
compound_v3_eth_usdc,liquidation,liquidation_shock,17,-2.964754363237178e-06
compound_v3_eth_usdc,liquidation,liquidation_shock,18,-1.6236578643253323e-06
compound_v3_eth_usdc,liquidation,liquidation_shock,19,-6.91389547548669e-07
compound_v3_eth_usdc,liquidation,liquidation_shock,20,-1.5710552586523897e-07
compound_v3_eth_usdc,liquidation,liquidation_shock,21,2.9000120492386072e-08
compound_v3_eth_usdc,liquidation,liquidation_shock,22,6.963376838046839e-08
compound_v3_eth_usdc,liquidation,liquidation_shock,23,5.281498362626231e-08
compound_v3_eth_usdc,liquidation,liquidation_shock,24,2.8936482177307915e-08
compound_v3_eth_usdc,liquidation,liquidation_shock,25,1.1289634158491337e-08
compound_v3_eth_usdc,liquidation,liquidation_shock,26,2.581497209663149e-09
compound_v3_eth_usdc,liquidation,liquidation_shock,27,-7.177701986833419e-10
compound_v3_eth_usdc,liquidation,liquidation_shock,28,-1.2855449996659578e-09
compound_v3_eth_usdc,liquidation,liquidation_shock,29,-9.537633250139314e-10
compound_v3_eth_usdc,liquidation,liquidation_shock,30,-4.980846569102183e-10
compound_v3_eth_usds,basket_return,return_shock,0,0.4371715127423544
compound_v3_eth_usds,basket_return,return_shock,1,-0.014439367031637246
compound_v3_eth_usds,basket_return,return_shock,2,-0.001495072618933559
compound_v3_eth_usds,basket_return,return_shock,3,0.00011809406362196678
compound_v3_eth_usds,basket_return,return_shock,4,2.7186809801360644e-06
compound_v3_eth_usds,basket_return,return_shock,5,-6.345109730018752e-07
compound_v3_eth_usds,basket_return,return_shock,6,9.68282782826068e-09
compound_v3_eth_usds,basket_return,return_shock,7,2.5628036307862092e-09
compound_v3_eth_usds,basket_return,return_shock,8,-1.3355769927081903e-10
compound_v3_eth_usds,basket_return,return_shock,9,-7.060199835625863e-12
compound_v3_eth_usds,basket_return,return_shock,10,8.564699426116905e-13
compound_v3_eth_usds,basket_return,return_shock,11,2.427148270851808e-15
compound_v3_eth_usds,basket_return,return_shock,12,-3.999291932732601e-15
compound_v3_eth_usds,basket_return,return_shock,13,1.2825972845272375e-16
compound_v3_eth_usds,basket_return,return_shock,14,1.3810649370148861e-17
compound_v3_eth_usds,basket_return,return_shock,15,-1.0674707559361183e-18
compound_v3_eth_usds,basket_return,return_shock,16,-2.5929601877122604e-20
compound_v3_eth_usds,basket_return,return_shock,17,5.782659204203027e-21
compound_v3_eth_usds,basket_return,return_shock,18,-8.297632306582615e-23
compound_v3_eth_usds,basket_return,return_shock,19,-2.3539875208683292e-23
compound_v3_eth_usds,basket_return,return_shock,20,1.199501929667079e-24
compound_v3_eth_usds,basket_return,return_shock,21,6.579899233037877e-26
compound_v3_eth_usds,basket_return,return_shock,22,-7.775374183639395e-27
compound_v3_eth_usds,basket_return,return_shock,23,-2.982179794283969e-29
compound_v3_eth_usds,basket_return,return_shock,24,3.657850109073862e-29
compound_v3_eth_usds,basket_return,return_shock,25,-1.1382541585220826e-30
compound_v3_eth_usds,basket_return,return_shock,26,-1.2752958112232683e-31
compound_v3_eth_usds,basket_return,return_shock,27,9.646401640959712e-33
compound_v3_eth_usds,basket_return,return_shock,28,2.4678237099427997e-34
compound_v3_eth_usds,basket_return,return_shock,29,-5.269041919619932e-35
compound_v3_eth_usds,basket_return,return_shock,30,7.07992339353897e-37
compound_v3_eth_usds,basket_return,liquidation_shock,0,0.0
compound_v3_eth_usds,basket_return,liquidation_shock,1,0.021635749200848268
compound_v3_eth_usds,basket_return,liquidation_shock,2,-0.000753888562392157
compound_v3_eth_usds,basket_return,liquidation_shock,3,-7.262289838302431e-05
compound_v3_eth_usds,basket_return,liquidation_shock,4,5.9763583413169365e-06
compound_v3_eth_usds,basket_return,liquidation_shock,5,1.2369818693273708e-07
compound_v3_eth_usds,basket_return,liquidation_shock,6,-3.1626713768196646e-08
compound_v3_eth_usds,basket_return,liquidation_shock,7,5.366247265314963e-10
compound_v3_eth_usds,basket_return,liquidation_shock,8,1.2585967127334829e-10
compound_v3_eth_usds,basket_return,liquidation_shock,9,-6.838310298976612e-12
compound_v3_eth_usds,basket_return,liquidation_shock,10,-3.3699637236056487e-13
compound_v3_eth_usds,basket_return,liquidation_shock,11,4.2998775095632547e-14
compound_v3_eth_usds,basket_return,liquidation_shock,12,4.2055507779563616e-17
compound_v3_eth_usds,basket_return,liquidation_shock,13,-1.980025087498923e-16
compound_v3_eth_usds,basket_return,liquidation_shock,14,6.707088314763158e-18
compound_v3_eth_usds,basket_return,liquidation_shock,15,6.713163782375077e-19
compound_v3_eth_usds,basket_return,liquidation_shock,16,-5.404823053851592e-20
compound_v3_eth_usds,basket_return,liquidation_shock,17,-1.1851385634550901e-21
compound_v3_eth_usds,basket_return,liquidation_shock,18,2.8833717043524714e-22
compound_v3_eth_usds,basket_return,liquidation_shock,19,-4.6300026619772554e-24
compound_v3_eth_usds,basket_return,liquidation_shock,20,-1.1565896548767202e-24
compound_v3_eth_usds,basket_return,liquidation_shock,21,6.146351230663561e-26
compound_v3_eth_usds,basket_return,liquidation_shock,22,3.144824114951706e-27
compound_v3_eth_usds,basket_return,liquidation_shock,23,-3.9051506448090586e-28
compound_v3_eth_usds,basket_return,liquidation_shock,24,-7.669049741734992e-31
compound_v3_eth_usds,basket_return,liquidation_shock,25,1.8116733079090923e-30
compound_v3_eth_usds,basket_return,liquidation_shock,26,-5.962165391873215e-32
compound_v3_eth_usds,basket_return,liquidation_shock,27,-6.203233372842018e-33
compound_v3_eth_usds,basket_return,liquidation_shock,28,4.886653525410942e-34
compound_v3_eth_usds,basket_return,liquidation_shock,29,1.1326155749538392e-35
compound_v3_eth_usds,basket_return,liquidation_shock,30,-2.6282274096222292e-36
compound_v3_eth_usds,liquidation,return_shock,0,-0.08816150822382159
compound_v3_eth_usds,liquidation,return_shock,1,-0.0785827655676554
compound_v3_eth_usds,liquidation,return_shock,2,0.0031411484855326946
compound_v3_eth_usds,liquidation,return_shock,3,0.0002497310048924119
compound_v3_eth_usds,liquidation,return_shock,4,-2.3059209004362148e-05
compound_v3_eth_usds,liquidation,return_shock,5,-3.3797219085578455e-07
compound_v3_eth_usds,liquidation,return_shock,6,1.1717461998728471e-07
compound_v3_eth_usds,liquidation,return_shock,7,-2.5381103130091048e-09
compound_v3_eth_usds,liquidation,return_shock,8,-4.4713773925950273e-10
compound_v3_eth_usds,liquidation,return_shock,9,2.7181420412518774e-11
compound_v3_eth_usds,liquidation,return_shock,10,1.0966343734831124e-12
compound_v3_eth_usds,liquidation,return_shock,11,-1.624515250323219e-13
compound_v3_eth_usds,liquidation,return_shock,12,6.481018578271974e-16
compound_v3_eth_usds,liquidation,return_shock,13,7.199441759939747e-16
compound_v3_eth_usds,liquidation,return_shock,14,-2.80484697528367e-17
compound_v3_eth_usds,liquidation,return_shock,15,-2.3133552869615383e-18
compound_v3_eth_usds,liquidation,return_shock,16,2.0881072733563398e-19
compound_v3_eth_usds,liquidation,return_shock,17,3.2978711543948208e-21
compound_v3_eth_usds,liquidation,return_shock,18,-1.0693367527664412e-21
compound_v3_eth_usds,liquidation,return_shock,19,2.218680929988863e-23
compound_v3_eth_usds,liquidation,return_shock,20,4.114592160264982e-24
compound_v3_eth_usds,liquidation,return_shock,21,-2.447818210427639e-25
compound_v3_eth_usds,liquidation,return_shock,22,-1.0277495887197795e-26
compound_v3_eth_usds,liquidation,return_shock,23,1.4769540888600124e-27
compound_v3_eth_usds,liquidation,return_shock,24,-4.487870622858846e-30
compound_v3_eth_usds,liquidation,return_shock,25,-6.59442543381535e-30
compound_v3_eth_usds,liquidation,return_shock,26,2.5029295670777066e-31
compound_v3_eth_usds,liquidation,return_shock,27,2.142018663504793e-32
compound_v3_eth_usds,liquidation,return_shock,28,-1.8904065329676315e-33
compound_v3_eth_usds,liquidation,return_shock,29,-3.203612383159694e-35
compound_v3_eth_usds,liquidation,return_shock,30,9.75688072316452e-36
compound_v3_eth_usds,liquidation,liquidation_shock,0,0.8941205059071303
compound_v3_eth_usds,liquidation,liquidation_shock,1,-0.005986425880790078
compound_v3_eth_usds,liquidation,liquidation_shock,2,-0.0038782161944878584
compound_v3_eth_usds,liquidation,liquidation_shock,3,0.00016249732768981699
compound_v3_eth_usds,liquidation,liquidation_shock,4,1.2064246453754912e-05
compound_v3_eth_usds,liquidation,liquidation_shock,5,-1.1631099481956653e-06
compound_v3_eth_usds,liquidation,liquidation_shock,6,-1.461470508145277e-08
compound_v3_eth_usds,liquidation,liquidation_shock,7,5.825540235318203e-09
compound_v3_eth_usds,liquidation,liquidation_shock,8,-1.361881777394773e-10
compound_v3_eth_usds,liquidation,liquidation_shock,9,-2.1881729481795347e-11
compound_v3_eth_usds,liquidation,liquidation_shock,10,1.38494318356637e-12
compound_v3_eth_usds,liquidation,liquidation_shock,11,5.175838301918148e-14
compound_v3_eth_usds,liquidation,liquidation_shock,12,-8.13374262614071e-15
compound_v3_eth_usds,liquidation,liquidation_shock,13,4.6841661688395696e-17
compound_v3_eth_usds,liquidation,liquidation_shock,14,3.5545211467829825e-17
compound_v3_eth_usds,liquidation,liquidation_shock,15,-1.4526599293718045e-18
compound_v3_eth_usds,liquidation,liquidation_shock,16,-1.118513251625494e-19
compound_v3_eth_usds,liquidation,liquidation_shock,17,1.0537172894816876e-20
compound_v3_eth_usds,liquidation,liquidation_shock,18,1.4408226918842627e-22
compound_v3_eth_usds,liquidation,liquidation_shock,19,-5.318337948467587e-23
compound_v3_eth_usds,liquidation,liquidation_shock,20,1.194586900451112e-24
compound_v3_eth_usds,liquidation,liquidation_shock,21,2.0146361256823871e-25
compound_v3_eth_usds,liquidation,liquidation_shock,22,-1.2480085277844962e-26
compound_v3_eth_usds,liquidation,liquidation_shock,23,-4.859786087049222e-28
compound_v3_eth_usds,liquidation,liquidation_shock,24,7.397720049593018e-29
compound_v3_eth_usds,liquidation,liquidation_shock,25,-3.5641254973108706e-31
compound_v3_eth_usds,liquidation,liquidation_shock,26,-3.257130200705232e-31
compound_v3_eth_usds,liquidation,liquidation_shock,27,1.2978409311012804e-32
compound_v3_eth_usds,liquidation,liquidation_shock,28,1.0365290004512621e-33
compound_v3_eth_usds,liquidation,liquidation_shock,29,-9.543861666548368e-35
compound_v3_eth_usds,liquidation,liquidation_shock,30,-1.4122074269749861e-36
compound_v3_eth_usdt,basket_return,return_shock,0,0.21719177064515596
compound_v3_eth_usdt,basket_return,return_shock,1,-0.01498802271231177
compound_v3_eth_usdt,basket_return,return_shock,2,0.0009301959004368739
compound_v3_eth_usdt,basket_return,return_shock,3,-7.33809527262439e-05
compound_v3_eth_usdt,basket_return,return_shock,4,3.1726258362685205e-06
compound_v3_eth_usdt,basket_return,return_shock,5,-4.81233907612845e-07
compound_v3_eth_usdt,basket_return,return_shock,6,-9.56698793094449e-09
compound_v3_eth_usdt,basket_return,return_shock,7,-5.837198779738143e-09
compound_v3_eth_usdt,basket_return,return_shock,8,-6.14546194566115e-10
compound_v3_eth_usdt,basket_return,return_shock,9,-1.1480954600973369e-10
compound_v3_eth_usdt,basket_return,return_shock,10,-1.6510792591955105e-11
compound_v3_eth_usdt,basket_return,return_shock,11,-2.648640092895373e-12
compound_v3_eth_usdt,basket_return,return_shock,12,-4.0510890638350606e-13
compound_v3_eth_usdt,basket_return,return_shock,13,-6.324070271606736e-14
compound_v3_eth_usdt,basket_return,return_shock,14,-9.785591947449835e-15
compound_v3_eth_usdt,basket_return,return_shock,15,-1.519947414513509e-15
compound_v3_eth_usdt,basket_return,return_shock,16,-2.3569919591970237e-16
compound_v3_eth_usdt,basket_return,return_shock,17,-3.657585001610158e-17
compound_v3_eth_usdt,basket_return,return_shock,18,-5.67411998459463e-18
compound_v3_eth_usdt,basket_return,return_shock,19,-8.80358571450412e-19
compound_v3_eth_usdt,basket_return,return_shock,20,-1.365828319625206e-19
compound_v3_eth_usdt,basket_return,return_shock,21,-2.11905982366596e-20
compound_v3_eth_usdt,basket_return,return_shock,22,-3.2876513740155388e-21
compound_v3_eth_usdt,basket_return,return_shock,23,-5.100705694522432e-22
compound_v3_eth_usdt,basket_return,return_shock,24,-7.913596922420177e-23
compound_v3_eth_usdt,basket_return,return_shock,25,-1.227772639527944e-23
compound_v3_eth_usdt,basket_return,return_shock,26,-1.9048545465640168e-24
compound_v3_eth_usdt,basket_return,return_shock,27,-2.955328449151053e-25
compound_v3_eth_usdt,basket_return,return_shock,28,-4.5851089626480857e-26
compound_v3_eth_usdt,basket_return,return_shock,29,-7.113667794119598e-27
compound_v3_eth_usdt,basket_return,return_shock,30,-1.1036655674717351e-27
compound_v3_eth_usdt,basket_return,liquidation_shock,0,0.0
compound_v3_eth_usdt,basket_return,liquidation_shock,1,0.0008012938496345015
compound_v3_eth_usdt,basket_return,liquidation_shock,2,7.073599318291326e-05
compound_v3_eth_usdt,basket_return,liquidation_shock,3,1.455755055835454e-05
compound_v3_eth_usdt,basket_return,liquidation_shock,4,2.018963953711792e-06
compound_v3_eth_usdt,basket_return,liquidation_shock,5,3.292585706833132e-07
compound_v3_eth_usdt,basket_return,liquidation_shock,6,5.00121524346437e-08
compound_v3_eth_usdt,basket_return,liquidation_shock,7,7.830888734776958e-09
compound_v3_eth_usdt,basket_return,liquidation_shock,8,1.2101495667131924e-09
compound_v3_eth_usdt,basket_return,liquidation_shock,9,1.8807166713791576e-10
compound_v3_eth_usdt,basket_return,liquidation_shock,10,2.915736815705967e-11
compound_v3_eth_usdt,basket_return,liquidation_shock,11,4.525116276827916e-12
compound_v3_eth_usdt,basket_return,liquidation_shock,12,7.019632834319611e-13
compound_v3_eth_usdt,basket_return,liquidation_shock,13,1.0891403686448375e-13
compound_v3_eth_usdt,basket_return,liquidation_shock,14,1.6897278465855207e-14
compound_v3_eth_usdt,basket_return,liquidation_shock,15,2.6215939228345166e-15
compound_v3_eth_usdt,basket_return,liquidation_shock,16,4.0673101607657487e-16
compound_v3_eth_usdt,basket_return,liquidation_shock,17,6.310330247165106e-17
compound_v3_eth_usdt,basket_return,liquidation_shock,18,9.790291517986806e-18
compound_v3_eth_usdt,basket_return,liquidation_shock,19,1.5189367948563284e-18
compound_v3_eth_usdt,basket_return,liquidation_shock,20,2.3565873780465153e-19
compound_v3_eth_usdt,basket_return,liquidation_shock,21,3.6561793622481967e-20
compound_v3_eth_usdt,basket_return,liquidation_shock,22,5.6724593849234056e-21
compound_v3_eth_usdt,basket_return,liquidation_shock,23,8.800661476291333e-22
compound_v3_eth_usdt,basket_return,liquidation_shock,24,1.3653978939700004e-22
compound_v3_eth_usdt,basket_return,liquidation_shock,25,2.1183764752715382e-23
compound_v3_eth_usdt,basket_return,liquidation_shock,26,3.2866015798608932e-24
compound_v3_eth_usdt,basket_return,liquidation_shock,27,5.099070012786322e-25
compound_v3_eth_usdt,basket_return,liquidation_shock,28,7.911063859370744e-26
compound_v3_eth_usdt,basket_return,liquidation_shock,29,1.2273793308866068e-26
compound_v3_eth_usdt,basket_return,liquidation_shock,30,1.904244547240503e-27
compound_v3_eth_usdt,liquidation,return_shock,0,-0.05927421431064949
compound_v3_eth_usdt,liquidation,return_shock,1,-0.0845094908500133
compound_v3_eth_usdt,liquidation,return_shock,2,-0.008075214372419088
compound_v3_eth_usdt,liquidation,return_shock,3,-0.001589617080318364
compound_v3_eth_usdt,liquidation,return_shock,4,-0.00022410480647363932
compound_v3_eth_usdt,liquidation,return_shock,5,-3.627513060335781e-05
compound_v3_eth_usdt,liquidation,return_shock,6,-5.527285136966233e-06
compound_v3_eth_usdt,liquidation,return_shock,7,-8.642765292448193e-07
compound_v3_eth_usdt,liquidation,return_shock,8,-1.3363978824673048e-07
compound_v3_eth_usdt,liquidation,return_shock,9,-2.0763948348509046e-08
compound_v3_eth_usdt,liquidation,return_shock,10,-3.2194547475632475e-09
compound_v3_eth_usdt,liquidation,return_shock,11,-4.996240013697204e-10
compound_v3_eth_usdt,liquidation,return_shock,12,-7.750625651130962e-11
compound_v3_eth_usdt,liquidation,return_shock,13,-1.202548000277368e-11
compound_v3_eth_usdt,liquidation,return_shock,14,-1.8656791753074027e-12
compound_v3_eth_usdt,liquidation,return_shock,15,-2.8945757441976514e-13
compound_v3_eth_usdt,liquidation,return_shock,16,-4.490834938124792e-14
compound_v3_eth_usdt,liquidation,return_shock,17,-6.967416270015532e-15
compound_v3_eth_usdt,liquidation,return_shock,18,-1.0809742535676435e-15
compound_v3_eth_usdt,liquidation,return_shock,19,-1.6771017215682737e-16
compound_v3_eth_usdt,liquidation,return_shock,20,-2.6019758410430308e-17
compound_v3_eth_usdt,liquidation,return_shock,21,-4.036892652737769e-18
compound_v3_eth_usdt,liquidation,return_shock,22,-6.263125368855873e-19
compound_v3_eth_usdt,liquidation,return_shock,23,-9.717063148074141e-20
compound_v3_eth_usdt,liquidation,return_shock,24,-1.5075750390768813e-20
compound_v3_eth_usdt,liquidation,return_shock,25,-2.338960320975047e-21
compound_v3_eth_usdt,liquidation,return_shock,26,-3.628831219131858e-22
compound_v3_eth_usdt,liquidation,return_shock,27,-5.630029682662447e-23
compound_v3_eth_usdt,liquidation,return_shock,28,-8.734832869384282e-24
compound_v3_eth_usdt,liquidation,return_shock,29,-1.355184778315131e-24
compound_v3_eth_usdt,liquidation,return_shock,30,-2.102531108096469e-25
compound_v3_eth_usdt,liquidation,liquidation_shock,0,0.6819761510306879
compound_v3_eth_usdt,liquidation,liquidation_shock,1,0.10704625254279579
compound_v3_eth_usdt,liquidation,liquidation_shock,2,0.016525035394736886
compound_v3_eth_usdt,liquidation,liquidation_shock,3,0.002569355659738814
compound_v3_eth_usdt,liquidation,liquidation_shock,4,0.00039825766169771464
compound_v3_eth_usdt,liquidation,liquidation_shock,5,6.181334262040774e-05
compound_v3_eth_usdt,liquidation,liquidation_shock,6,9.588509040170708e-06
compound_v3_eth_usdt,liquidation,liquidation_shock,7,1.4877410676456936e-06
compound_v3_eth_usdt,liquidation,liquidation_shock,8,2.3081143547379013e-07
compound_v3_eth_usdt,liquidation,liquidation_shock,9,3.5810241310609915e-08
compound_v3_eth_usdt,liquidation,liquidation_shock,10,5.555825186688136e-09
compound_v3_eth_usdt,liquidation,liquidation_shock,11,8.619728840798613e-10
compound_v3_eth_usdt,liquidation,liquidation_shock,12,1.337325229700943e-10
compound_v3_eth_usdt,liquidation,liquidation_shock,13,2.074823511202281e-11
compound_v3_eth_usdt,liquidation,liquidation_shock,14,3.2190297205632606e-12
compound_v3_eth_usdt,liquidation,liquidation_shock,15,4.994234612406191e-13
compound_v3_eth_usdt,liquidation,liquidation_shock,16,7.74841438637306e-14
compound_v3_eth_usdt,liquidation,liquidation_shock,17,1.202144741843912e-14
compound_v3_eth_usdt,liquidation,liquidation_shock,18,1.865093778153034e-15
compound_v3_eth_usdt,liquidation,liquidation_shock,19,2.893640603819519e-16
compound_v3_eth_usdt,liquidation,liquidation_shock,20,4.489402090911083e-17
compound_v3_eth_usdt,liquidation,liquidation_shock,21,6.965181213359843e-18
compound_v3_eth_usdt,liquidation,liquidation_shock,22,1.0806282955512054e-18
compound_v3_eth_usdt,liquidation,liquidation_shock,23,1.6765644392937232e-19
compound_v3_eth_usdt,liquidation,liquidation_shock,24,2.6011426225383848e-20
compound_v3_eth_usdt,liquidation,liquidation_shock,25,4.035599697007216e-21
compound_v3_eth_usdt,liquidation,liquidation_shock,26,6.2611195452766535e-22
compound_v3_eth_usdt,liquidation,liquidation_shock,27,9.71395106154649e-23
compound_v3_eth_usdt,liquidation,liquidation_shock,28,1.507092214791091e-23
compound_v3_eth_usdt,liquidation,liquidation_shock,29,2.3382112278496716e-24
compound_v3_eth_usdt,liquidation,liquidation_shock,30,3.6276690254118405e-25
euler_v2_sonic,basket_return,return_shock,0,0.7273493589494439
euler_v2_sonic,basket_return,return_shock,1,-0.05221931268520094
euler_v2_sonic,basket_return,return_shock,2,0.003984022495600371
euler_v2_sonic,basket_return,return_shock,3,-0.0002747861202486528
euler_v2_sonic,basket_return,return_shock,4,2.2360192746375314e-05
euler_v2_sonic,basket_return,return_shock,5,-1.3791943212687427e-06
euler_v2_sonic,basket_return,return_shock,6,1.3329594490063808e-07
euler_v2_sonic,basket_return,return_shock,7,-5.914486433310995e-09
euler_v2_sonic,basket_return,return_shock,8,9.050080111122381e-10
euler_v2_sonic,basket_return,return_shock,9,-9.413054797964799e-12
euler_v2_sonic,basket_return,return_shock,10,7.615381540699732e-12
euler_v2_sonic,basket_return,return_shock,11,2.8045493369569403e-13
euler_v2_sonic,basket_return,return_shock,12,8.12888157923755e-14
euler_v2_sonic,basket_return,return_shock,13,6.388658091421497e-15
euler_v2_sonic,basket_return,return_shock,14,1.0301296643088795e-15
euler_v2_sonic,basket_return,return_shock,15,1.0622297932002989e-16
euler_v2_sonic,basket_return,return_shock,16,1.426295163744133e-17
euler_v2_sonic,basket_return,return_shock,17,1.629085847629482e-18
euler_v2_sonic,basket_return,return_shock,18,2.0505755147147628e-19
euler_v2_sonic,basket_return,return_shock,19,2.4329652141908358e-20
euler_v2_sonic,basket_return,return_shock,20,2.991559976040614e-21
euler_v2_sonic,basket_return,return_shock,21,3.5996103709839776e-22
euler_v2_sonic,basket_return,return_shock,22,4.388362000836154e-23
euler_v2_sonic,basket_return,return_shock,23,5.307644125801775e-24
euler_v2_sonic,basket_return,return_shock,24,6.450423756218608e-25
euler_v2_sonic,basket_return,return_shock,25,7.816465802271228e-26
euler_v2_sonic,basket_return,return_shock,26,9.488513116602088e-27
euler_v2_sonic,basket_return,return_shock,27,1.1505943336246003e-27
euler_v2_sonic,basket_return,return_shock,28,1.39613393538588e-28
euler_v2_sonic,basket_return,return_shock,29,1.6934090830752432e-29
euler_v2_sonic,basket_return,return_shock,30,2.0544693626030702e-30
euler_v2_sonic,basket_return,liquidation_shock,0,0.0
euler_v2_sonic,basket_return,liquidation_shock,1,-0.0019463579765638638
euler_v2_sonic,basket_return,liquidation_shock,2,-9.31207667068623e-05
euler_v2_sonic,basket_return,liquidation_shock,3,-2.1801829697802846e-05
euler_v2_sonic,basket_return,liquidation_shock,4,-1.8730015637447573e-06
euler_v2_sonic,basket_return,liquidation_shock,5,-2.8391637490101334e-07
euler_v2_sonic,basket_return,liquidation_shock,6,-3.0276400854966795e-08
euler_v2_sonic,basket_return,liquidation_shock,7,-3.9788901964676015e-09
euler_v2_sonic,basket_return,liquidation_shock,8,-4.601978919843625e-10
euler_v2_sonic,basket_return,liquidation_shock,9,-5.7478730874197257e-11
euler_v2_sonic,basket_return,liquidation_shock,10,-6.851427713314018e-12
euler_v2_sonic,basket_return,liquidation_shock,11,-8.400667384414182e-13
euler_v2_sonic,basket_return,liquidation_shock,12,-1.012540438824156e-13
euler_v2_sonic,basket_return,liquidation_shock,13,-1.2331315138870625e-14
euler_v2_sonic,basket_return,liquidation_shock,14,-1.492384584655964e-15
euler_v2_sonic,basket_return,liquidation_shock,15,-1.813018768377559e-16
euler_v2_sonic,basket_return,liquidation_shock,16,-2.197476756029305e-17
euler_v2_sonic,basket_return,liquidation_shock,17,-2.6671752606554305e-18
euler_v2_sonic,basket_return,liquidation_shock,18,-3.234537816540532e-19
euler_v2_sonic,basket_return,liquidation_shock,19,-3.9245955847281705e-20
euler_v2_sonic,basket_return,liquidation_shock,20,-4.7603966448614845e-21
euler_v2_sonic,basket_return,liquidation_shock,21,-5.775276640339236e-22
euler_v2_sonic,basket_return,liquidation_shock,22,-7.005725766230469e-23
euler_v2_sonic,basket_return,liquidation_shock,23,-8.498912091601548e-24
euler_v2_sonic,basket_return,liquidation_shock,24,-1.030992380712856e-24
euler_v2_sonic,basket_return,liquidation_shock,25,-1.2507154855184734e-25
euler_v2_sonic,basket_return,liquidation_shock,26,-1.517242380726744e-26
euler_v2_sonic,basket_return,liquidation_shock,27,-1.8405830594002266e-27
euler_v2_sonic,basket_return,liquidation_shock,28,-2.232818608703828e-28
euler_v2_sonic,basket_return,liquidation_shock,29,-2.7086502979634086e-29
euler_v2_sonic,basket_return,liquidation_shock,30,-3.285878814658224e-30
euler_v2_sonic,liquidation,return_shock,0,-0.1290060812529189
euler_v2_sonic,liquidation,return_shock,1,-0.10240748588914318
euler_v2_sonic,liquidation,return_shock,2,-0.006049288095983409
euler_v2_sonic,liquidation,return_shock,3,-0.0012021096775957293
euler_v2_sonic,liquidation,return_shock,4,-0.00011142654217145107
euler_v2_sonic,liquidation,return_shock,5,-1.6044652553411186e-05
euler_v2_sonic,liquidation,return_shock,6,-1.7607047314754212e-06
euler_v2_sonic,liquidation,return_shock,7,-2.2723379043897058e-07
euler_v2_sonic,liquidation,return_shock,8,-2.656367496690633e-08
euler_v2_sonic,liquidation,return_shock,9,-3.2960857680890704e-09
euler_v2_sonic,liquidation,return_shock,10,-3.9444100957074004e-10
euler_v2_sonic,liquidation,return_shock,11,-4.8247302252316086e-11
euler_v2_sonic,liquidation,return_shock,12,-5.823715498253665e-12
euler_v2_sonic,liquidation,return_shock,13,-7.08623690994635e-13
euler_v2_sonic,liquidation,return_shock,14,-8.58060185896526e-14
euler_v2_sonic,liquidation,return_shock,15,-1.0420761370818656e-14
euler_v2_sonic,liquidation,return_shock,16,-1.2632988202149426e-15
euler_v2_sonic,liquidation,return_shock,17,-1.5331409173298526e-16
euler_v2_sonic,liquidation,return_shock,18,-1.8594041825123517e-17
euler_v2_sonic,liquidation,return_shock,19,-2.255992621827969e-18
euler_v2_sonic,liquidation,return_shock,20,-2.7365115976894965e-19
euler_v2_sonic,liquidation,return_shock,21,-3.3198621229565586e-20
euler_v2_sonic,liquidation,return_shock,22,-4.02721267887564e-21
euler_v2_sonic,liquidation,return_shock,23,-4.885536247014328e-22
euler_v2_sonic,liquidation,return_shock,24,-5.926603734812899e-23
euler_v2_sonic,liquidation,return_shock,25,-7.189654716046643e-24
euler_v2_sonic,liquidation,return_shock,26,-8.721778116109498e-25
euler_v2_sonic,liquidation,return_shock,27,-1.058047459932079e-25
euler_v2_sonic,liquidation,return_shock,28,-1.2835221786717926e-26
euler_v2_sonic,liquidation,return_shock,29,-1.5570506798345014e-27
euler_v2_sonic,liquidation,return_shock,30,-1.88886721053335e-28
euler_v2_sonic,liquidation,liquidation_shock,0,0.9249279691310572
euler_v2_sonic,liquidation,liquidation_shock,1,0.11100136565421084
euler_v2_sonic,liquidation,liquidation_shock,2,0.013553973918588261
euler_v2_sonic,liquidation,liquidation_shock,3,0.0016377523903409708
euler_v2_sonic,liquidation,liquidation_shock,4,0.00019915354203853307
euler_v2_sonic,liquidation,liquidation_shock,5,2.412442223877946e-05
euler_v2_sonic,liquidation,liquidation_shock,6,2.9291225204191763e-06
euler_v2_sonic,liquidation,liquidation_shock,7,3.551447266730145e-07
euler_v2_sonic,liquidation,liquidation_shock,8,4.309672677773387e-08
euler_v2_sonic,liquidation,liquidation_shock,9,5.22707174391172e-09
euler_v2_sonic,liquidation,liquidation_shock,10,6.341744457804339e-10
euler_v2_sonic,liquidation,liquidation_shock,11,7.692660898583449e-11
euler_v2_sonic,liquidation,liquidation_shock,12,9.332421749440471e-12
euler_v2_sonic,liquidation,liquidation_shock,13,1.1320924515189892e-12
euler_v2_sonic,liquidation,liquidation_shock,14,1.3733705815603574e-13
euler_v2_sonic,liquidation,liquidation_shock,15,1.6660287758570076e-14
euler_v2_sonic,liquidation,liquidation_shock,16,2.0210821718080515e-15
euler_v2_sonic,liquidation,liquidation_shock,17,2.4517793188708707e-16
euler_v2_sonic,liquidation,liquidation_shock,18,2.9742758607830834e-17
euler_v2_sonic,liquidation,liquidation_shock,19,3.608108791738398e-18
euler_v2_sonic,liquidation,liquidation_shock,20,4.377023765866727e-19
euler_v2_sonic,liquidation,liquidation_shock,21,5.309793584911258e-20
euler_v2_sonic,liquidation,liquidation_shock,22,6.4413471182230716e-21
euler_v2_sonic,liquidation,liquidation_shock,23,7.814038882455067e-22
euler_v2_sonic,liquidation,liquidation_shock,24,9.479262585643433e-23
euler_v2_sonic,liquidation,liquidation_shock,25,1.149935459688203e-23
euler_v2_sonic,liquidation,liquidation_shock,26,1.3949942679466132e-24
euler_v2_sonic,liquidation,liquidation_shock,27,1.692276614554089e-25
euler_v2_sonic,liquidation,liquidation_shock,28,2.0529118389542426e-26
euler_v2_sonic,liquidation,liquidation_shock,29,2.490400733674937e-27
euler_v2_sonic,liquidation,liquidation_shock,30,3.021121405317065e-28
fluid_lending_arbitrum,basket_return,return_shock,0,0.5754865362382666
fluid_lending_arbitrum,basket_return,return_shock,1,0.05587347742950582
fluid_lending_arbitrum,basket_return,return_shock,2,0.043004853452296654
fluid_lending_arbitrum,basket_return,return_shock,3,-0.028322438653337056
fluid_lending_arbitrum,basket_return,return_shock,4,0.0560410349401288
fluid_lending_arbitrum,basket_return,return_shock,5,-0.05700325252806338
fluid_lending_arbitrum,basket_return,return_shock,6,-0.04910093693619356
fluid_lending_arbitrum,basket_return,return_shock,7,0.0061543589025263995
fluid_lending_arbitrum,basket_return,return_shock,8,-0.008370125572984381
fluid_lending_arbitrum,basket_return,return_shock,9,-0.038706245859397075
fluid_lending_arbitrum,basket_return,return_shock,10,0.06067129909197224
fluid_lending_arbitrum,basket_return,return_shock,11,-0.03242754571122214
fluid_lending_arbitrum,basket_return,return_shock,12,-0.04608844848239929
fluid_lending_arbitrum,basket_return,return_shock,13,0.0039024618798793194
fluid_lending_arbitrum,basket_return,return_shock,14,0.08808748986467989
fluid_lending_arbitrum,basket_return,return_shock,15,-0.011795318913016833
fluid_lending_arbitrum,basket_return,return_shock,16,-0.021545268903505218
fluid_lending_arbitrum,basket_return,return_shock,17,0.0744892359907766
fluid_lending_arbitrum,basket_return,return_shock,18,0.016891801297952844
fluid_lending_arbitrum,basket_return,return_shock,19,0.015657288697033967
fluid_lending_arbitrum,basket_return,return_shock,20,-0.006223513474306433
fluid_lending_arbitrum,basket_return,return_shock,21,0.007410966672782325
fluid_lending_arbitrum,basket_return,return_shock,22,0.0008305865954959175
fluid_lending_arbitrum,basket_return,return_shock,23,0.022282378546156646
fluid_lending_arbitrum,basket_return,return_shock,24,0.03182837132691548
fluid_lending_arbitrum,basket_return,return_shock,25,0.04239104061308549
fluid_lending_arbitrum,basket_return,return_shock,26,0.018662598153887735
fluid_lending_arbitrum,basket_return,return_shock,27,0.06302043238982029
fluid_lending_arbitrum,basket_return,return_shock,28,0.012423270049391904
fluid_lending_arbitrum,basket_return,return_shock,29,-0.058777713090957674
fluid_lending_arbitrum,basket_return,return_shock,30,-0.020060968027707102
fluid_lending_arbitrum,basket_return,liquidation_shock,0,0.0
fluid_lending_arbitrum,basket_return,liquidation_shock,1,0.09068119291735159
fluid_lending_arbitrum,basket_return,liquidation_shock,2,0.1282345608819273
fluid_lending_arbitrum,basket_return,liquidation_shock,3,0.009742641397220099
fluid_lending_arbitrum,basket_return,liquidation_shock,4,-0.013140021126259277
fluid_lending_arbitrum,basket_return,liquidation_shock,5,-0.03302344506234896
fluid_lending_arbitrum,basket_return,liquidation_shock,6,0.07311062871108508
fluid_lending_arbitrum,basket_return,liquidation_shock,7,0.09687053284717327
fluid_lending_arbitrum,basket_return,liquidation_shock,8,-0.02865686515289675
fluid_lending_arbitrum,basket_return,liquidation_shock,9,0.10263501878302797
fluid_lending_arbitrum,basket_return,liquidation_shock,10,-0.047586319649165494
fluid_lending_arbitrum,basket_return,liquidation_shock,11,0.06621570119983944
fluid_lending_arbitrum,basket_return,liquidation_shock,12,0.03620442818651051
fluid_lending_arbitrum,basket_return,liquidation_shock,13,-0.04147351048096428
fluid_lending_arbitrum,basket_return,liquidation_shock,14,-0.10844538782927761
fluid_lending_arbitrum,basket_return,liquidation_shock,15,-0.006659266431781834
fluid_lending_arbitrum,basket_return,liquidation_shock,16,-0.04406985081095928
fluid_lending_arbitrum,basket_return,liquidation_shock,17,0.03194582163476191
fluid_lending_arbitrum,basket_return,liquidation_shock,18,-0.05609522493510108
fluid_lending_arbitrum,basket_return,liquidation_shock,19,-0.009903988522835918
fluid_lending_arbitrum,basket_return,liquidation_shock,20,0.06020437382226853
fluid_lending_arbitrum,basket_return,liquidation_shock,21,0.08331681063883682
fluid_lending_arbitrum,basket_return,liquidation_shock,22,-0.03741565582148343
fluid_lending_arbitrum,basket_return,liquidation_shock,23,0.014462678095151851
fluid_lending_arbitrum,basket_return,liquidation_shock,24,-0.04605085414750916
fluid_lending_arbitrum,basket_return,liquidation_shock,25,-0.003995451368107382
fluid_lending_arbitrum,basket_return,liquidation_shock,26,-0.012421305531868864
fluid_lending_arbitrum,basket_return,liquidation_shock,27,0.024613372937493726
fluid_lending_arbitrum,basket_return,liquidation_shock,28,-0.06324399749485134
fluid_lending_arbitrum,basket_return,liquidation_shock,29,-0.0432099689931959
fluid_lending_arbitrum,basket_return,liquidation_shock,30,0.06653493210393331
fluid_lending_arbitrum,liquidation,return_shock,0,-0.0017556024799570114
fluid_lending_arbitrum,liquidation,return_shock,1,0.06327927607007756
fluid_lending_arbitrum,liquidation,return_shock,2,0.07899872213295016
fluid_lending_arbitrum,liquidation,return_shock,3,0.042256187890721345
fluid_lending_arbitrum,liquidation,return_shock,4,0.03262231696167152
fluid_lending_arbitrum,liquidation,return_shock,5,0.030536144249138236
fluid_lending_arbitrum,liquidation,return_shock,6,-0.0031104127378819867
fluid_lending_arbitrum,liquidation,return_shock,7,-0.016000550399163573
fluid_lending_arbitrum,liquidation,return_shock,8,0.032151836021464895
fluid_lending_arbitrum,liquidation,return_shock,9,-0.01830734881596704
fluid_lending_arbitrum,liquidation,return_shock,10,-0.01713096438997772
fluid_lending_arbitrum,liquidation,return_shock,11,-0.026285829844787736
fluid_lending_arbitrum,liquidation,return_shock,12,0.013516256897467051
fluid_lending_arbitrum,liquidation,return_shock,13,-0.03097209319119308
fluid_lending_arbitrum,liquidation,return_shock,14,0.013532942480206655
fluid_lending_arbitrum,liquidation,return_shock,15,0.03704605151420223
fluid_lending_arbitrum,liquidation,return_shock,16,0.063692893660424
fluid_lending_arbitrum,liquidation,return_shock,17,-0.032786108717542395
fluid_lending_arbitrum,liquidation,return_shock,18,-0.051084857033617856
fluid_lending_arbitrum,liquidation,return_shock,19,-0.02320756341130482
fluid_lending_arbitrum,liquidation,return_shock,20,0.020048610211654678
fluid_lending_arbitrum,liquidation,return_shock,21,0.03894628720250732
fluid_lending_arbitrum,liquidation,return_shock,22,0.0456297790416695
fluid_lending_arbitrum,liquidation,return_shock,23,0.03983865790166735
fluid_lending_arbitrum,liquidation,return_shock,24,0.009160707415634343
fluid_lending_arbitrum,liquidation,return_shock,25,0.018184975436887966
fluid_lending_arbitrum,liquidation,return_shock,26,0.009543521841200043
fluid_lending_arbitrum,liquidation,return_shock,27,-0.09480504022951372
fluid_lending_arbitrum,liquidation,return_shock,28,-0.04591614865388187
fluid_lending_arbitrum,liquidation,return_shock,29,0.01333256477199805
fluid_lending_arbitrum,liquidation,return_shock,30,0.08897790194270405
fluid_lending_arbitrum,liquidation,liquidation_shock,0,0.7666607101775271
fluid_lending_arbitrum,liquidation,liquidation_shock,1,0.2396298052272708
fluid_lending_arbitrum,liquidation,liquidation_shock,2,0.10927007814350402
fluid_lending_arbitrum,liquidation,liquidation_shock,3,0.06540841490784491
fluid_lending_arbitrum,liquidation,liquidation_shock,4,-0.0053268358362405285
fluid_lending_arbitrum,liquidation,liquidation_shock,5,0.002442177761580055
fluid_lending_arbitrum,liquidation,liquidation_shock,6,0.01159593116572409
fluid_lending_arbitrum,liquidation,liquidation_shock,7,0.1409018677259709
fluid_lending_arbitrum,liquidation,liquidation_shock,8,0.15867638608725437
fluid_lending_arbitrum,liquidation,liquidation_shock,9,0.2093320553742111
fluid_lending_arbitrum,liquidation,liquidation_shock,10,0.06712586380849743
fluid_lending_arbitrum,liquidation,liquidation_shock,11,-0.010326302953861076
fluid_lending_arbitrum,liquidation,liquidation_shock,12,0.07256539287847445
fluid_lending_arbitrum,liquidation,liquidation_shock,13,-0.0088409211673796
fluid_lending_arbitrum,liquidation,liquidation_shock,14,0.11519849475496176
fluid_lending_arbitrum,liquidation,liquidation_shock,15,0.025014538974734844
fluid_lending_arbitrum,liquidation,liquidation_shock,16,0.09800693771629321
fluid_lending_arbitrum,liquidation,liquidation_shock,17,0.00981331846425466
fluid_lending_arbitrum,liquidation,liquidation_shock,18,-0.05514988341660224
fluid_lending_arbitrum,liquidation,liquidation_shock,19,-0.014064050878979927
fluid_lending_arbitrum,liquidation,liquidation_shock,20,0.10232425578916196
fluid_lending_arbitrum,liquidation,liquidation_shock,21,0.056714506401064735
fluid_lending_arbitrum,liquidation,liquidation_shock,22,0.09922039949066105
fluid_lending_arbitrum,liquidation,liquidation_shock,23,0.04716854223956826
fluid_lending_arbitrum,liquidation,liquidation_shock,24,0.06491546319311672
fluid_lending_arbitrum,liquidation,liquidation_shock,25,0.016666239457380043
fluid_lending_arbitrum,liquidation,liquidation_shock,26,-0.009213433683070317
fluid_lending_arbitrum,liquidation,liquidation_shock,27,-0.0379280284715862
fluid_lending_arbitrum,liquidation,liquidation_shock,28,-0.0328906834532709
fluid_lending_arbitrum,liquidation,liquidation_shock,29,0.10230644062378123
fluid_lending_arbitrum,liquidation,liquidation_shock,30,0.008115833757311517
fluid_lending_ethereum,basket_return,return_shock,0,0.5948835983641197
fluid_lending_ethereum,basket_return,return_shock,1,-0.04887019854795772
fluid_lending_ethereum,basket_return,return_shock,2,0.07117227815545234
fluid_lending_ethereum,basket_return,return_shock,3,-0.010972128107618145
fluid_lending_ethereum,basket_return,return_shock,4,0.008924872867904958
fluid_lending_ethereum,basket_return,return_shock,5,-0.0018393096174688325
fluid_lending_ethereum,basket_return,return_shock,6,0.00116615625417242
fluid_lending_ethereum,basket_return,return_shock,7,-0.00026707983739822166
fluid_lending_ethereum,basket_return,return_shock,8,0.0001595108105845753
fluid_lending_ethereum,basket_return,return_shock,9,-3.355364293047508e-05
fluid_lending_ethereum,basket_return,return_shock,10,2.342266820098114e-05
fluid_lending_ethereum,basket_return,return_shock,11,-3.05656923684196e-06
fluid_lending_ethereum,basket_return,return_shock,12,3.8835933426681686e-06
fluid_lending_ethereum,basket_return,return_shock,13,9.093607520882632e-08
fluid_lending_ethereum,basket_return,return_shock,14,7.676092508428852e-07
fluid_lending_ethereum,basket_return,return_shock,15,1.6906744969309675e-07
fluid_lending_ethereum,basket_return,return_shock,16,1.8247012315588473e-07
fluid_lending_ethereum,basket_return,return_shock,17,7.08083652965574e-08
fluid_lending_ethereum,basket_return,return_shock,18,4.970597866876891e-08
fluid_lending_ethereum,basket_return,return_shock,19,2.425844076964107e-08
fluid_lending_ethereum,basket_return,return_shock,20,1.460031869560572e-08
fluid_lending_ethereum,basket_return,return_shock,21,7.796558677491913e-09
fluid_lending_ethereum,basket_return,return_shock,22,4.43878466520117e-09
fluid_lending_ethereum,basket_return,return_shock,23,2.4483561214738064e-09
fluid_lending_ethereum,basket_return,return_shock,24,1.3683457830129501e-09
fluid_lending_ethereum,basket_return,return_shock,25,7.624150186726741e-10
fluid_lending_ethereum,basket_return,return_shock,26,4.239562525463827e-10
fluid_lending_ethereum,basket_return,return_shock,27,2.3674234559304766e-10
fluid_lending_ethereum,basket_return,return_shock,28,1.3156503038821665e-10
fluid_lending_ethereum,basket_return,return_shock,29,7.345390204945403e-11
fluid_lending_ethereum,basket_return,return_shock,30,4.084323726579563e-11
fluid_lending_ethereum,basket_return,liquidation_shock,0,0.0
fluid_lending_ethereum,basket_return,liquidation_shock,1,0.023530897552780757
fluid_lending_ethereum,basket_return,liquidation_shock,2,-0.0004921965450518486
fluid_lending_ethereum,basket_return,liquidation_shock,3,0.00797689387119541
fluid_lending_ethereum,basket_return,liquidation_shock,4,0.0005154620936067894
fluid_lending_ethereum,basket_return,liquidation_shock,5,0.002195166678219157
fluid_lending_ethereum,basket_return,liquidation_shock,6,0.0003740389301389636
fluid_lending_ethereum,basket_return,liquidation_shock,7,0.0005876380065244313
fluid_lending_ethereum,basket_return,liquidation_shock,8,0.00016484392157771287
fluid_lending_ethereum,basket_return,liquidation_shock,9,0.00016135495041653833
fluid_lending_ethereum,basket_return,liquidation_shock,10,6.082696344311238e-05
fluid_lending_ethereum,basket_return,liquidation_shock,11,4.59871568298029e-05
fluid_lending_ethereum,basket_return,liquidation_shock,12,2.0650862497884437e-05
fluid_lending_ethereum,basket_return,liquidation_shock,13,1.3534605781644251e-05
fluid_lending_ethereum,basket_return,liquidation_shock,14,6.718055692038318e-06
fluid_lending_ethereum,basket_return,liquidation_shock,15,4.073708014731999e-06
fluid_lending_ethereum,basket_return,liquidation_shock,16,2.136864123709999e-06
fluid_lending_ethereum,basket_return,liquidation_shock,17,1.243217730773917e-06
fluid_lending_ethereum,basket_return,liquidation_shock,18,6.716490899779403e-07
fluid_lending_ethereum,basket_return,liquidation_shock,19,3.8242306408542947e-07
fluid_lending_ethereum,basket_return,liquidation_shock,20,2.0979639123765515e-07
fluid_lending_ethereum,basket_return,liquidation_shock,21,1.1814384794752547e-07
fluid_lending_ethereum,basket_return,liquidation_shock,22,6.532079554589784e-08
fluid_lending_ethereum,basket_return,liquidation_shock,23,3.65813444921522e-08
fluid_lending_ethereum,basket_return,liquidation_shock,24,2.0304409801891914e-08
fluid_lending_ethereum,basket_return,liquidation_shock,25,1.133992094287869e-08
fluid_lending_ethereum,basket_return,liquidation_shock,26,6.306242887981616e-09
fluid_lending_ethereum,basket_return,liquidation_shock,27,3.5173183573078623e-09
fluid_lending_ethereum,basket_return,liquidation_shock,28,1.9578244627441744e-09
fluid_lending_ethereum,basket_return,liquidation_shock,29,1.0912819758360178e-09
fluid_lending_ethereum,basket_return,liquidation_shock,30,6.077016751279597e-10
fluid_lending_ethereum,liquidation,return_shock,0,-0.01983982401781821
fluid_lending_ethereum,liquidation,return_shock,1,0.0010711129301273113
fluid_lending_ethereum,liquidation,return_shock,2,0.0133091367186902
fluid_lending_ethereum,liquidation,return_shock,3,0.001568061032603241
fluid_lending_ethereum,liquidation,return_shock,4,0.0051552299453959645
fluid_lending_ethereum,liquidation,return_shock,5,0.000952104918784158
fluid_lending_ethereum,liquidation,return_shock,6,0.001517610413972324
fluid_lending_ethereum,liquidation,return_shock,7,0.0004158005226910374
fluid_lending_ethereum,liquidation,return_shock,8,0.0004282936635485475
fluid_lending_ethereum,liquidation,return_shock,9,0.00015507322247472233
fluid_lending_ethereum,liquidation,return_shock,10,0.0001225448821378099
fluid_lending_ethereum,liquidation,return_shock,11,5.320853660637427e-05
fluid_lending_ethereum,liquidation,return_shock,12,3.595297045821244e-05
fluid_lending_ethereum,liquidation,return_shock,13,1.74411911679335e-05
fluid_lending_ethereum,liquidation,return_shock,14,1.0777784886758958e-05
fluid_lending_ethereum,liquidation,return_shock,15,5.574502614468303e-06
fluid_lending_ethereum,liquidation,return_shock,16,3.279012916710217e-06
fluid_lending_ethereum,liquidation,return_shock,17,1.7572140864358355e-06
fluid_lending_ethereum,liquidation,return_shock,18,1.0066403273929325e-06
fluid_lending_ethereum,liquidation,return_shock,19,5.497890034127186e-07
fluid_lending_ethereum,liquidation,return_shock,20,3.10621955156561e-07
fluid_lending_ethereum,liquidation,return_shock,21,1.71334298242077e-07
fluid_lending_ethereum,liquidation,return_shock,22,9.611638252524712e-08
fluid_lending_ethereum,liquidation,return_shock,23,5.3283756581912135e-08
fluid_lending_ethereum,liquidation,return_shock,24,2.9784894279232015e-08
fluid_lending_ethereum,liquidation,return_shock,25,1.6553349736877316e-08
fluid_lending_ethereum,liquidation,return_shock,26,9.236739913477638e-09
fluid_lending_ethereum,liquidation,return_shock,27,5.13979383928558e-09
fluid_lending_ethereum,liquidation,return_shock,28,2.865522292504355e-09
fluid_lending_ethereum,liquidation,return_shock,29,1.5954784487867211e-09
fluid_lending_ethereum,liquidation,return_shock,30,8.891374337914177e-10
fluid_lending_ethereum,liquidation,liquidation_shock,0,0.9428422898992851
fluid_lending_ethereum,liquidation,liquidation_shock,1,0.16039200092585443
fluid_lending_ethereum,liquidation,liquidation_shock,2,0.22923855794333448
fluid_lending_ethereum,liquidation,liquidation_shock,3,0.07402043891634064
fluid_lending_ethereum,liquidation,liquidation_shock,4,0.06169626979612437
fluid_lending_ethereum,liquidation,liquidation_shock,5,0.026578294838691067
fluid_lending_ethereum,liquidation,liquidation_shock,6,0.017756763553185843
fluid_lending_ethereum,liquidation,liquidation_shock,7,0.008776966500332047
fluid_lending_ethereum,liquidation,liquidation_shock,8,0.005308764561992829
fluid_lending_ethereum,liquidation,liquidation_shock,9,0.00280021403038957
fluid_lending_ethereum,liquidation,liquidation_shock,10,0.0016186087063856226
fluid_lending_ethereum,liquidation,liquidation_shock,11,0.00087988953042647
fluid_lending_ethereum,liquidation,liquidation_shock,12,0.0004982384056614111
fluid_lending_ethereum,liquidation,liquidation_shock,13,0.00027458863509709756
fluid_lending_ethereum,liquidation,liquidation_shock,14,0.0001540566045368949
fluid_lending_ethereum,liquidation,liquidation_shock,15,8.542585726663903e-05
fluid_lending_ethereum,liquidation,liquidation_shock,16,4.7732649742598506e-05
fluid_lending_ethereum,liquidation,liquidation_shock,17,2.6539473902126506e-05
fluid_lending_ethereum,liquidation,liquidation_shock,18,1.4803038979691408e-05
fluid_lending_ethereum,liquidation,liquidation_shock,19,8.240023732178473e-06
fluid_lending_ethereum,liquidation,liquidation_shock,20,4.592636460190015e-06
fluid_lending_ethereum,liquidation,liquidation_shock,21,2.5576954900005485e-06
fluid_lending_ethereum,liquidation,liquidation_shock,22,1.425111519848093e-06
fluid_lending_ethereum,liquidation,liquidation_shock,23,7.938164497299215e-07
fluid_lending_ethereum,liquidation,liquidation_shock,24,4.4224944137169104e-07
fluid_lending_ethereum,liquidation,liquidation_shock,25,2.4636051283373897e-07
fluid_lending_ethereum,liquidation,liquidation_shock,26,1.3724564259564102e-07
fluid_lending_ethereum,liquidation,liquidation_shock,27,7.645643891884322e-08
fluid_lending_ethereum,liquidation,liquidation_shock,28,4.2592664235296735e-08
fluid_lending_ethereum,liquidation,liquidation_shock,29,2.372761085517256e-08
fluid_lending_ethereum,liquidation,liquidation_shock,30,1.3218216090302857e-08
keom_lending_polygon,basket_return,return_shock,0,0.500511137009005
keom_lending_polygon,basket_return,return_shock,1,-0.010050148215811546
keom_lending_polygon,basket_return,return_shock,2,-0.03176690465967828
keom_lending_polygon,basket_return,return_shock,3,-0.014732622154155895
keom_lending_polygon,basket_return,return_shock,4,-0.020114951029946516
keom_lending_polygon,basket_return,return_shock,5,0.014069929623820783
keom_lending_polygon,basket_return,return_shock,6,-0.04352518227247264
keom_lending_polygon,basket_return,return_shock,7,0.05040283038024466
keom_lending_polygon,basket_return,return_shock,8,-0.004446392754584162
keom_lending_polygon,basket_return,return_shock,9,-0.005569452485971613
keom_lending_polygon,basket_return,return_shock,10,0.005475012555878656
keom_lending_polygon,basket_return,return_shock,11,-0.012344148723800519
keom_lending_polygon,basket_return,return_shock,12,0.006308522424222679
keom_lending_polygon,basket_return,return_shock,13,-0.00534336139009342
keom_lending_polygon,basket_return,return_shock,14,0.00712021860892255
keom_lending_polygon,basket_return,return_shock,15,-0.0010143404583247751
keom_lending_polygon,basket_return,return_shock,16,-0.0023000047824303176
keom_lending_polygon,basket_return,return_shock,17,0.0032634401155531892
keom_lending_polygon,basket_return,return_shock,18,-0.003586226149315469
keom_lending_polygon,basket_return,return_shock,19,0.0010936886830564096
keom_lending_polygon,basket_return,return_shock,20,-0.0003926284312232468
keom_lending_polygon,basket_return,return_shock,21,0.0008858046331117866
keom_lending_polygon,basket_return,return_shock,22,7.825008220843371e-05
keom_lending_polygon,basket_return,return_shock,23,-0.0007548111717241042
keom_lending_polygon,basket_return,return_shock,24,0.0009277704771012139
keom_lending_polygon,basket_return,return_shock,25,-0.0008036734929525677
keom_lending_polygon,basket_return,return_shock,26,0.0001468976695300626
keom_lending_polygon,basket_return,return_shock,27,8.261101122957158e-05
keom_lending_polygon,basket_return,return_shock,28,1.0067185291767588e-05
keom_lending_polygon,basket_return,return_shock,29,9.985964973665206e-05
keom_lending_polygon,basket_return,return_shock,30,-0.00018222738534180157
keom_lending_polygon,basket_return,liquidation_shock,0,0.0
keom_lending_polygon,basket_return,liquidation_shock,1,-0.058582519322912065
keom_lending_polygon,basket_return,liquidation_shock,2,0.06683858228168206
keom_lending_polygon,basket_return,liquidation_shock,3,-0.046049456092870214
keom_lending_polygon,basket_return,liquidation_shock,4,0.051018348901828374
keom_lending_polygon,basket_return,liquidation_shock,5,-0.03171329214699434
keom_lending_polygon,basket_return,liquidation_shock,6,-0.0761398645369222
keom_lending_polygon,basket_return,liquidation_shock,7,0.06345172393452962
keom_lending_polygon,basket_return,liquidation_shock,8,-0.012109406943380127
keom_lending_polygon,basket_return,liquidation_shock,9,0.0112837837278202
keom_lending_polygon,basket_return,liquidation_shock,10,-0.011273833950776885
keom_lending_polygon,basket_return,liquidation_shock,11,0.01116718149585057
keom_lending_polygon,basket_return,liquidation_shock,12,-0.0004660693206194167
keom_lending_polygon,basket_return,liquidation_shock,13,-0.022347655061741613
keom_lending_polygon,basket_return,liquidation_shock,14,0.015596768979235594
keom_lending_polygon,basket_return,liquidation_shock,15,-0.003581040182263722
keom_lending_polygon,basket_return,liquidation_shock,16,0.0007627085304648063
keom_lending_polygon,basket_return,liquidation_shock,17,-0.00013839573024653482
keom_lending_polygon,basket_return,liquidation_shock,18,0.00026600561040060646
keom_lending_polygon,basket_return,liquidation_shock,19,0.0006878370647039519
keom_lending_polygon,basket_return,liquidation_shock,20,-0.00476594782395402
keom_lending_polygon,basket_return,liquidation_shock,21,0.0033459273161236514
keom_lending_polygon,basket_return,liquidation_shock,22,-0.0009673071410800458
keom_lending_polygon,basket_return,liquidation_shock,23,-0.0005061798671745642
keom_lending_polygon,basket_return,liquidation_shock,24,0.0006884035555888499
keom_lending_polygon,basket_return,liquidation_shock,25,-0.0004659477323727633
keom_lending_polygon,basket_return,liquidation_shock,26,0.00013723610377257858
keom_lending_polygon,basket_return,liquidation_shock,27,-0.0009133573116843208
keom_lending_polygon,basket_return,liquidation_shock,28,0.0006032772707398416
keom_lending_polygon,basket_return,liquidation_shock,29,-0.00021034366135309852
keom_lending_polygon,basket_return,liquidation_shock,30,-0.00028482052788263997
keom_lending_polygon,liquidation,return_shock,0,-0.07278785003968814
keom_lending_polygon,liquidation,return_shock,1,-0.10210820221084466
keom_lending_polygon,liquidation,return_shock,2,-0.027698793640117614
keom_lending_polygon,liquidation,return_shock,3,0.0176019650536257
keom_lending_polygon,liquidation,return_shock,4,-0.022868084422081415
keom_lending_polygon,liquidation,return_shock,5,0.03119375929511859
keom_lending_polygon,liquidation,return_shock,6,0.03680666044762917
keom_lending_polygon,liquidation,return_shock,7,-0.0017158298604122762
keom_lending_polygon,liquidation,return_shock,8,-0.019101077137990877
keom_lending_polygon,liquidation,return_shock,9,-0.004964531422543869
keom_lending_polygon,liquidation,return_shock,10,0.005316336079556759
keom_lending_polygon,liquidation,return_shock,11,-0.0070105242425805335
keom_lending_polygon,liquidation,return_shock,12,0.005814089972216996
keom_lending_polygon,liquidation,return_shock,13,0.007818044588205005
keom_lending_polygon,liquidation,return_shock,14,-0.0008097447621782371
keom_lending_polygon,liquidation,return_shock,15,-0.002236792227154155
keom_lending_polygon,liquidation,return_shock,16,-0.00032336088736828825
keom_lending_polygon,liquidation,return_shock,17,0.0009431762438621283
keom_lending_polygon,liquidation,return_shock,18,-0.0012921434767534364
keom_lending_polygon,liquidation,return_shock,19,0.0014902420055125354
keom_lending_polygon,liquidation,return_shock,20,0.0016805537510247548
keom_lending_polygon,liquidation,return_shock,21,-0.0004109932477420059
keom_lending_polygon,liquidation,return_shock,22,-2.409670028039256e-05
keom_lending_polygon,liquidation,return_shock,23,0.0001845541308194616
keom_lending_polygon,liquidation,return_shock,24,0.00014805083442567826
keom_lending_polygon,liquidation,return_shock,25,-0.00014820388365620858
keom_lending_polygon,liquidation,return_shock,26,0.0004168354690286006
keom_lending_polygon,liquidation,return_shock,27,0.0004020022226853078
keom_lending_polygon,liquidation,return_shock,28,-8.885474182450257e-05
keom_lending_polygon,liquidation,return_shock,29,0.00011343459078996724
keom_lending_polygon,liquidation,return_shock,30,0.00011567691708445491
keom_lending_polygon,liquidation,liquidation_shock,0,0.7438677647363917
keom_lending_polygon,liquidation,liquidation_shock,1,0.14331499627558952
keom_lending_polygon,liquidation,liquidation_shock,2,0.09209390942699182
keom_lending_polygon,liquidation,liquidation_shock,3,0.1247611992221387
keom_lending_polygon,liquidation,liquidation_shock,4,0.10267975289354916
keom_lending_polygon,liquidation,liquidation_shock,5,0.05865646670262603
keom_lending_polygon,liquidation,liquidation_shock,6,0.08996764105765699
keom_lending_polygon,liquidation,liquidation_shock,7,0.15922517946621667
keom_lending_polygon,liquidation,liquidation_shock,8,0.064154649845012
keom_lending_polygon,liquidation,liquidation_shock,9,0.05883777036220085
keom_lending_polygon,liquidation,liquidation_shock,10,0.07148306835881817
keom_lending_polygon,liquidation,liquidation_shock,11,0.04561944581887358
keom_lending_polygon,liquidation,liquidation_shock,12,0.03964714123845897
keom_lending_polygon,liquidation,liquidation_shock,13,0.04950070144337264
keom_lending_polygon,liquidation,liquidation_shock,14,0.052260723439857396
keom_lending_polygon,liquidation,liquidation_shock,15,0.03169351154005168
keom_lending_polygon,liquidation,liquidation_shock,16,0.030797104499159313
keom_lending_polygon,liquidation,liquidation_shock,17,0.03284922613491893
keom_lending_polygon,liquidation,liquidation_shock,18,0.02267181578264538
keom_lending_polygon,liquidation,liquidation_shock,19,0.021373838412524875
keom_lending_polygon,liquidation,liquidation_shock,20,0.022739109130765545
keom_lending_polygon,liquidation,liquidation_shock,21,0.02058025654344159
keom_lending_polygon,liquidation,liquidation_shock,22,0.015818781334236656
keom_lending_polygon,liquidation,liquidation_shock,23,0.015043134280318452
keom_lending_polygon,liquidation,liquidation_shock,24,0.01453012345707517
keom_lending_polygon,liquidation,liquidation_shock,25,0.011240831730163351
keom_lending_polygon,liquidation,liquidation_shock,26,0.010615803932301557
keom_lending_polygon,liquidation,liquidation_shock,27,0.010311790188698884
keom_lending_polygon,liquidation,liquidation_shock,28,0.008950614197454443
keom_lending_polygon,liquidation,liquidation_shock,29,0.007673224657345295
keom_lending_polygon,liquidation,liquidation_shock,30,0.007123813954203919
layerbank_lending_scroll,basket_return,return_shock,0,0.5387499861445619
layerbank_lending_scroll,basket_return,return_shock,1,0.3721393511948583
layerbank_lending_scroll,basket_return,return_shock,2,0.007739908539879168
layerbank_lending_scroll,basket_return,return_shock,3,-0.013414312933667025
layerbank_lending_scroll,basket_return,return_shock,4,-0.010872628613186906
layerbank_lending_scroll,basket_return,return_shock,5,-0.002629017040843829
layerbank_lending_scroll,basket_return,return_shock,6,-0.030249832570741163
layerbank_lending_scroll,basket_return,return_shock,7,0.03533857175278621
layerbank_lending_scroll,basket_return,return_shock,8,0.010344037903528577
layerbank_lending_scroll,basket_return,return_shock,9,-0.003056280605657797
layerbank_lending_scroll,basket_return,return_shock,10,0.029481637306014594
layerbank_lending_scroll,basket_return,return_shock,11,-0.004845760413954445
layerbank_lending_scroll,basket_return,return_shock,12,-0.010239709820782275
layerbank_lending_scroll,basket_return,return_shock,13,-0.0025844176807309233
layerbank_lending_scroll,basket_return,return_shock,14,0.008690866274944179
layerbank_lending_scroll,basket_return,return_shock,15,0.00019355348322391163
layerbank_lending_scroll,basket_return,return_shock,16,-0.004777828102873311
layerbank_lending_scroll,basket_return,return_shock,17,0.0024630361740673383
layerbank_lending_scroll,basket_return,return_shock,18,-0.0061488972013603585
layerbank_lending_scroll,basket_return,return_shock,19,-0.002610429922356964
layerbank_lending_scroll,basket_return,return_shock,20,0.0006710548874229402
layerbank_lending_scroll,basket_return,return_shock,21,0.00045752900004647777
layerbank_lending_scroll,basket_return,return_shock,22,0.0008053641391153745
layerbank_lending_scroll,basket_return,return_shock,23,0.0009836881400074153
layerbank_lending_scroll,basket_return,return_shock,24,0.001632526331568082
layerbank_lending_scroll,basket_return,return_shock,25,-0.0017441575697622483
layerbank_lending_scroll,basket_return,return_shock,26,-0.0014265053397936659
layerbank_lending_scroll,basket_return,return_shock,27,-0.00104743693466252
layerbank_lending_scroll,basket_return,return_shock,28,-0.0014535206819718668
layerbank_lending_scroll,basket_return,return_shock,29,-0.0003833659343574559
layerbank_lending_scroll,basket_return,return_shock,30,1.9560773668077027e-05
layerbank_lending_scroll,basket_return,liquidation_shock,0,0.0
layerbank_lending_scroll,basket_return,liquidation_shock,1,-0.02632837565560971
layerbank_lending_scroll,basket_return,liquidation_shock,2,-0.03173294733515283
layerbank_lending_scroll,basket_return,liquidation_shock,3,0.003608347382868699
layerbank_lending_scroll,basket_return,liquidation_shock,4,0.04840251319690321
layerbank_lending_scroll,basket_return,liquidation_shock,5,0.04453003033628258
layerbank_lending_scroll,basket_return,liquidation_shock,6,0.029909284430909063
layerbank_lending_scroll,basket_return,liquidation_shock,7,-0.010819096748587363
layerbank_lending_scroll,basket_return,liquidation_shock,8,-0.05077141118179829
layerbank_lending_scroll,basket_return,liquidation_shock,9,-0.04678549596997053
layerbank_lending_scroll,basket_return,liquidation_shock,10,-0.015886700794503616
layerbank_lending_scroll,basket_return,liquidation_shock,11,-0.0061495582975072
layerbank_lending_scroll,basket_return,liquidation_shock,12,-0.0013204982590264303
layerbank_lending_scroll,basket_return,liquidation_shock,13,0.011286519622759282
layerbank_lending_scroll,basket_return,liquidation_shock,14,0.013222805435689084
layerbank_lending_scroll,basket_return,liquidation_shock,15,0.0035860270774219
layerbank_lending_scroll,basket_return,liquidation_shock,16,-0.004289724630091303
layerbank_lending_scroll,basket_return,liquidation_shock,17,-0.012322599097241158
layerbank_lending_scroll,basket_return,liquidation_shock,18,-0.016048331851471052
layerbank_lending_scroll,basket_return,liquidation_shock,19,-0.011599163427387316
layerbank_lending_scroll,basket_return,liquidation_shock,20,-0.00516850783681523
layerbank_lending_scroll,basket_return,liquidation_shock,21,-0.003430676196020513
layerbank_lending_scroll,basket_return,liquidation_shock,22,-0.0015441531949026348
layerbank_lending_scroll,basket_return,liquidation_shock,23,0.0006113685741334275
layerbank_lending_scroll,basket_return,liquidation_shock,24,-0.00018260079043052043
layerbank_lending_scroll,basket_return,liquidation_shock,25,-0.0024734133721777303
layerbank_lending_scroll,basket_return,liquidation_shock,26,-0.004056952844763413
layerbank_lending_scroll,basket_return,liquidation_shock,27,-0.005275034936111958
layerbank_lending_scroll,basket_return,liquidation_shock,28,-0.005546964997445193
layerbank_lending_scroll,basket_return,liquidation_shock,29,-0.0045345271931881625
layerbank_lending_scroll,basket_return,liquidation_shock,30,-0.003370080969563756
layerbank_lending_scroll,liquidation,return_shock,0,-0.10561307904619827
layerbank_lending_scroll,liquidation,return_shock,1,-0.07811446774725028
layerbank_lending_scroll,liquidation,return_shock,2,0.0032006323446673902
layerbank_lending_scroll,liquidation,return_shock,3,-0.01191700323087346
layerbank_lending_scroll,liquidation,return_shock,4,-0.01387584712703859
layerbank_lending_scroll,liquidation,return_shock,5,0.005109347510683396
layerbank_lending_scroll,liquidation,return_shock,6,-0.014120416296956184
layerbank_lending_scroll,liquidation,return_shock,7,0.019928136472422673
layerbank_lending_scroll,liquidation,return_shock,8,0.015504559215470424
layerbank_lending_scroll,liquidation,return_shock,9,0.02827926221976634
layerbank_lending_scroll,liquidation,return_shock,10,0.021851922842660125
layerbank_lending_scroll,liquidation,return_shock,11,0.009431017734393591
layerbank_lending_scroll,liquidation,return_shock,12,0.006800948230929878
layerbank_lending_scroll,liquidation,return_shock,13,-0.0015289650847888246
layerbank_lending_scroll,liquidation,return_shock,14,0.0010887335940594788
layerbank_lending_scroll,liquidation,return_shock,15,0.003369208123406151
layerbank_lending_scroll,liquidation,return_shock,16,0.007053638673850876
layerbank_lending_scroll,liquidation,return_shock,17,0.013622647413238263
layerbank_lending_scroll,liquidation,return_shock,18,0.012245002072441283
layerbank_lending_scroll,liquidation,return_shock,19,0.013446137243476052
layerbank_lending_scroll,liquidation,return_shock,20,0.009054084961525875
layerbank_lending_scroll,liquidation,return_shock,21,0.006329538118258719
layerbank_lending_scroll,liquidation,return_shock,22,0.004445374978364065
layerbank_lending_scroll,liquidation,return_shock,23,0.003924521060538419
layerbank_lending_scroll,liquidation,return_shock,24,0.004664567799470783
layerbank_lending_scroll,liquidation,return_shock,25,0.005217990247256856
layerbank_lending_scroll,liquidation,return_shock,26,0.006616580839995389
layerbank_lending_scroll,liquidation,return_shock,27,0.007070029199216598
layerbank_lending_scroll,liquidation,return_shock,28,0.006845657472059243
layerbank_lending_scroll,liquidation,return_shock,29,0.006464363915030616
layerbank_lending_scroll,liquidation,return_shock,30,0.0053978288183811176
layerbank_lending_scroll,liquidation,liquidation_shock,0,0.72987518617994
layerbank_lending_scroll,liquidation,liquidation_shock,1,0.12246185949904749
layerbank_lending_scroll,liquidation,liquidation_shock,2,0.12311038380074345
layerbank_lending_scroll,liquidation,liquidation_shock,3,0.0935617991190913
layerbank_lending_scroll,liquidation,liquidation_shock,4,0.05546486824494659
layerbank_lending_scroll,liquidation,liquidation_shock,5,0.011151087627546217
layerbank_lending_scroll,liquidation,liquidation_shock,6,0.07882196276330376
layerbank_lending_scroll,liquidation,liquidation_shock,7,0.04458835906757533
layerbank_lending_scroll,liquidation,liquidation_shock,8,0.12314723507963853
layerbank_lending_scroll,liquidation,liquidation_shock,9,0.1345087621760293
layerbank_lending_scroll,liquidation,liquidation_shock,10,0.16665989783994253
layerbank_lending_scroll,liquidation,liquidation_shock,11,0.0951120773890292
layerbank_lending_scroll,liquidation,liquidation_shock,12,0.09241708364449723
layerbank_lending_scroll,liquidation,liquidation_shock,13,0.0701365563678285
layerbank_lending_scroll,liquidation,liquidation_shock,14,0.06443257860214549
layerbank_lending_scroll,liquidation,liquidation_shock,15,0.05483499060419976
layerbank_lending_scroll,liquidation,liquidation_shock,16,0.06677101834197943
layerbank_lending_scroll,liquidation,liquidation_shock,17,0.06478198221556389
layerbank_lending_scroll,liquidation,liquidation_shock,18,0.07941455777684811
layerbank_lending_scroll,liquidation,liquidation_shock,19,0.07825855058000725
layerbank_lending_scroll,liquidation,liquidation_shock,20,0.0774509437610139
layerbank_lending_scroll,liquidation,liquidation_shock,21,0.06618284397297874
layerbank_lending_scroll,liquidation,liquidation_shock,22,0.062532822328968
layerbank_lending_scroll,liquidation,liquidation_shock,23,0.05510283030741426
layerbank_lending_scroll,liquidation,liquidation_shock,24,0.05247184030755104
layerbank_lending_scroll,liquidation,liquidation_shock,25,0.04958651457018811
layerbank_lending_scroll,liquidation,liquidation_shock,26,0.05081106139764354
layerbank_lending_scroll,liquidation,liquidation_shock,27,0.05050899011055448
layerbank_lending_scroll,liquidation,liquidation_shock,28,0.05196698373561071
layerbank_lending_scroll,liquidation,liquidation_shock,29,0.050490676801220186
layerbank_lending_scroll,liquidation,liquidation_shock,30,0.048808086409302474
lodestar_lending_arbitrum,basket_return,return_shock,0,0.21109364169986367
lodestar_lending_arbitrum,basket_return,return_shock,1,-0.005222254167629053
lodestar_lending_arbitrum,basket_return,return_shock,2,0.008773260414602305
lodestar_lending_arbitrum,basket_return,return_shock,3,-0.01830887797163348
lodestar_lending_arbitrum,basket_return,return_shock,4,0.0019026083077291359
lodestar_lending_arbitrum,basket_return,return_shock,5,-0.0020363102491770873
lodestar_lending_arbitrum,basket_return,return_shock,6,0.0030214446433185623
lodestar_lending_arbitrum,basket_return,return_shock,7,-0.00015132358555387088
lodestar_lending_arbitrum,basket_return,return_shock,8,0.0003902713490721987
lodestar_lending_arbitrum,basket_return,return_shock,9,-0.00018535674636830428
lodestar_lending_arbitrum,basket_return,return_shock,10,9.981747625694727e-05
lodestar_lending_arbitrum,basket_return,return_shock,11,-4.0085072418427646e-05
lodestar_lending_arbitrum,basket_return,return_shock,12,5.647465496122338e-05
lodestar_lending_arbitrum,basket_return,return_shock,13,1.0229715546504871e-06
lodestar_lending_arbitrum,basket_return,return_shock,14,1.2007759328793835e-05
lodestar_lending_arbitrum,basket_return,return_shock,15,-1.5363484225034233e-07
lodestar_lending_arbitrum,basket_return,return_shock,16,4.0325422344517265e-06
lodestar_lending_arbitrum,basket_return,return_shock,17,3.409603907153308e-08
lodestar_lending_arbitrum,basket_return,return_shock,18,1.5425806284856846e-06
lodestar_lending_arbitrum,basket_return,return_shock,19,3.5538709240105665e-07
lodestar_lending_arbitrum,basket_return,return_shock,20,4.4807864746229924e-07
lodestar_lending_arbitrum,basket_return,return_shock,21,1.362863588538887e-07
lodestar_lending_arbitrum,basket_return,return_shock,22,1.7085247601792767e-07
lodestar_lending_arbitrum,basket_return,return_shock,23,5.18299630310257e-08
lodestar_lending_arbitrum,basket_return,return_shock,24,6.028911948839749e-08
lodestar_lending_arbitrum,basket_return,return_shock,25,2.6682522374988055e-08
lodestar_lending_arbitrum,basket_return,return_shock,26,2.0832672797542096e-08
lodestar_lending_arbitrum,basket_return,return_shock,27,1.0091688340914655e-08
lodestar_lending_arbitrum,basket_return,return_shock,28,8.109086912120182e-09
lodestar_lending_arbitrum,basket_return,return_shock,29,3.8951497227523315e-09
lodestar_lending_arbitrum,basket_return,return_shock,30,2.922983561093909e-09
lodestar_lending_arbitrum,basket_return,liquidation_shock,0,0.0
lodestar_lending_arbitrum,basket_return,liquidation_shock,1,0.02198257652891777
lodestar_lending_arbitrum,basket_return,liquidation_shock,2,0.05183716364815087
lodestar_lending_arbitrum,basket_return,liquidation_shock,3,-0.05664471047341429
lodestar_lending_arbitrum,basket_return,liquidation_shock,4,-0.00220789868753003
lodestar_lending_arbitrum,basket_return,liquidation_shock,5,-0.0005220278342040026
lodestar_lending_arbitrum,basket_return,liquidation_shock,6,-0.0027158076649906725
lodestar_lending_arbitrum,basket_return,liquidation_shock,7,-0.0014736816183152164
lodestar_lending_arbitrum,basket_return,liquidation_shock,8,0.0009613727050548415
lodestar_lending_arbitrum,basket_return,liquidation_shock,9,-0.0012085021508274538
lodestar_lending_arbitrum,basket_return,liquidation_shock,10,-0.00025750350095344015
lodestar_lending_arbitrum,basket_return,liquidation_shock,11,-7.116672429254883e-05
lodestar_lending_arbitrum,basket_return,liquidation_shock,12,-0.00011938340955694713
lodestar_lending_arbitrum,basket_return,liquidation_shock,13,-9.094089503313255e-05
lodestar_lending_arbitrum,basket_return,liquidation_shock,14,-7.596036957923188e-07
lodestar_lending_arbitrum,basket_return,liquidation_shock,15,-3.540288364299328e-05
lodestar_lending_arbitrum,basket_return,liquidation_shock,16,-1.6200889595040638e-05
lodestar_lending_arbitrum,basket_return,liquidation_shock,17,-6.469275708523334e-06
lodestar_lending_arbitrum,basket_return,liquidation_shock,18,-5.53645062940155e-06
lodestar_lending_arbitrum,basket_return,liquidation_shock,19,-4.403211465498329e-06
lodestar_lending_arbitrum,basket_return,liquidation_shock,20,-1.3283124711733166e-06
lodestar_lending_arbitrum,basket_return,liquidation_shock,21,-1.4454967262208856e-06
lodestar_lending_arbitrum,basket_return,liquidation_shock,22,-8.808617973117107e-07
lodestar_lending_arbitrum,basket_return,liquidation_shock,23,-4.419179910204738e-07
lodestar_lending_arbitrum,basket_return,liquidation_shock,24,-2.9317345968051026e-07
lodestar_lending_arbitrum,basket_return,liquidation_shock,25,-2.1615821671041562e-07
lodestar_lending_arbitrum,basket_return,liquidation_shock,26,-1.0201803225054752e-07
lodestar_lending_arbitrum,basket_return,liquidation_shock,27,-7.276196805753214e-08
lodestar_lending_arbitrum,basket_return,liquidation_shock,28,-4.698572029920487e-08
lodestar_lending_arbitrum,basket_return,liquidation_shock,29,-2.6621024230279868e-08
lodestar_lending_arbitrum,basket_return,liquidation_shock,30,-1.6414366317492792e-08
lodestar_lending_arbitrum,liquidation,return_shock,0,-0.030710434930940545
lodestar_lending_arbitrum,liquidation,return_shock,1,-0.02874957653213442
lodestar_lending_arbitrum,liquidation,return_shock,2,-0.016355930803726344
lodestar_lending_arbitrum,liquidation,return_shock,3,-0.023581010875502274
lodestar_lending_arbitrum,liquidation,return_shock,4,-0.006149213170669118
lodestar_lending_arbitrum,liquidation,return_shock,5,-0.003534202953647954
lodestar_lending_arbitrum,liquidation,return_shock,6,-0.00287919793338013
lodestar_lending_arbitrum,liquidation,return_shock,7,-0.0017970849538772068
lodestar_lending_arbitrum,liquidation,return_shock,8,-0.0008664244613769269
lodestar_lending_arbitrum,liquidation,return_shock,9,-0.0008585049456933063
lodestar_lending_arbitrum,liquidation,return_shock,10,-0.0004092176297084756
lodestar_lending_arbitrum,liquidation,return_shock,11,-0.00023530398502464173
lodestar_lending_arbitrum,liquidation,return_shock,12,-0.0001628694740540496
lodestar_lending_arbitrum,liquidation,return_shock,13,-0.00010251553830543596
lodestar_lending_arbitrum,liquidation,return_shock,14,-5.454375976759441e-05
lodestar_lending_arbitrum,liquidation,return_shock,15,-4.046012415355096e-05
lodestar_lending_arbitrum,liquidation,return_shock,16,-2.349370996613345e-05
lodestar_lending_arbitrum,liquidation,return_shock,17,-1.3837213674571597e-05
lodestar_lending_arbitrum,liquidation,return_shock,18,-8.922072198734247e-06
lodestar_lending_arbitrum,liquidation,return_shock,19,-5.647423226981039e-06
lodestar_lending_arbitrum,liquidation,return_shock,20,-3.247705332092365e-06
lodestar_lending_arbitrum,liquidation,return_shock,21,-2.134654843263791e-06
lodestar_lending_arbitrum,liquidation,return_shock,22,-1.3095679471240406e-06
lodestar_lending_arbitrum,liquidation,return_shock,23,-7.891517113827935e-07
lodestar_lending_arbitrum,liquidation,return_shock,24,-4.937412762272118e-07
lodestar_lending_arbitrum,liquidation,return_shock,25,-3.1057688987959825e-07
lodestar_lending_arbitrum,liquidation,return_shock,26,-1.8612483640137746e-07
lodestar_lending_arbitrum,liquidation,return_shock,27,-1.1715369039077615e-07
lodestar_lending_arbitrum,liquidation,return_shock,28,-7.266808063198837e-08
lodestar_lending_arbitrum,liquidation,return_shock,29,-4.441397779134174e-08
lodestar_lending_arbitrum,liquidation,return_shock,30,-2.749965300540589e-08
lodestar_lending_arbitrum,liquidation,liquidation_shock,0,0.8681095352985169
lodestar_lending_arbitrum,liquidation,liquidation_shock,1,0.1232936453171516
lodestar_lending_arbitrum,liquidation,liquidation_shock,2,0.025473204372537455
lodestar_lending_arbitrum,liquidation,liquidation_shock,3,0.13601498694500816
lodestar_lending_arbitrum,liquidation,liquidation_shock,4,0.04113166251119445
lodestar_lending_arbitrum,liquidation,liquidation_shock,5,0.01139153998181592
lodestar_lending_arbitrum,liquidation,liquidation_shock,6,0.028069348496006084
lodestar_lending_arbitrum,liquidation,liquidation_shock,7,0.011177118079255033
lodestar_lending_arbitrum,liquidation,liquidation_shock,8,0.004109467064862609
lodestar_lending_arbitrum,liquidation,liquidation_shock,9,0.0053605862078004865
lodestar_lending_arbitrum,liquidation,liquidation_shock,10,0.0027799709541068184
lodestar_lending_arbitrum,liquidation,liquidation_shock,11,0.0011454532271403081
lodestar_lending_arbitrum,liquidation,liquidation_shock,12,0.0011608456860685698
lodestar_lending_arbitrum,liquidation,liquidation_shock,13,0.0006579704771549366
lodestar_lending_arbitrum,liquidation,liquidation_shock,14,0.00031258199776233253
lodestar_lending_arbitrum,liquidation,liquidation_shock,15,0.0002512898619019294
lodestar_lending_arbitrum,liquidation,liquidation_shock,16,0.000154948943940366
lodestar_lending_arbitrum,liquidation,liquidation_shock,17,7.883141741307111e-05
lodestar_lending_arbitrum,liquidation,liquidation_shock,18,5.735001720666756e-05
lodestar_lending_arbitrum,liquidation,liquidation_shock,19,3.596395774461165e-05
lodestar_lending_arbitrum,liquidation,liquidation_shock,20,1.9657058460360676e-05
lodestar_lending_arbitrum,liquidation,liquidation_shock,21,1.317260124448861e-05
lodestar_lending_arbitrum,liquidation,liquidation_shock,22,8.399028861198059e-06
lodestar_lending_arbitrum,liquidation,liquidation_shock,23,4.7652678647426635e-06
lodestar_lending_arbitrum,liquidation,liquidation_shock,24,3.08349912890178e-06
lodestar_lending_arbitrum,liquidation,liquidation_shock,25,1.956611344273635e-06
lodestar_lending_arbitrum,liquidation,liquidation_shock,26,1.1481924896620075e-06
lodestar_lending_arbitrum,liquidation,liquidation_shock,27,7.234767703199584e-07
lodestar_lending_arbitrum,liquidation,liquidation_shock,28,4.582546294164606e-07
lodestar_lending_arbitrum,liquidation,liquidation_shock,29,2.7376090432219607e-07
lodestar_lending_arbitrum,liquidation,liquidation_shock,30,1.7073544962914342e-07
mendi_lending_linea,basket_return,return_shock,0,0.21977857981880475
mendi_lending_linea,basket_return,return_shock,1,-0.01366690820581751
mendi_lending_linea,basket_return,return_shock,2,0.013208783086557903
mendi_lending_linea,basket_return,return_shock,3,-0.003476985687176649
mendi_lending_linea,basket_return,return_shock,4,0.0012850393300886385
mendi_lending_linea,basket_return,return_shock,5,-0.0005042065112459514
mendi_lending_linea,basket_return,return_shock,6,0.00013991388626934846
mendi_lending_linea,basket_return,return_shock,7,-6.945830262582246e-05
mendi_lending_linea,basket_return,return_shock,8,1.4499194702173583e-05
mendi_lending_linea,basket_return,return_shock,9,-9.9259320229873e-06
mendi_lending_linea,basket_return,return_shock,10,1.1889060132830293e-06
mendi_lending_linea,basket_return,return_shock,11,-1.5220718716725843e-06
mendi_lending_linea,basket_return,return_shock,12,9.562934420539957e-09
mendi_lending_linea,basket_return,return_shock,13,-2.547792268808317e-07
mendi_lending_linea,basket_return,return_shock,14,-3.0219018250032135e-08
mendi_lending_linea,basket_return,return_shock,15,-4.661572497590486e-08
mendi_lending_linea,basket_return,return_shock,16,-1.0903431164555232e-08
mendi_lending_linea,basket_return,return_shock,17,-9.200110407206037e-09
mendi_lending_linea,basket_return,return_shock,18,-2.9824225983812796e-09
mendi_lending_linea,basket_return,return_shock,19,-1.9194607140279593e-09
mendi_lending_linea,basket_return,return_shock,20,-7.412149451607241e-10
mendi_lending_linea,basket_return,return_shock,21,-4.1532529828501564e-10
mendi_lending_linea,basket_return,return_shock,22,-1.7650480939999607e-10
mendi_lending_linea,basket_return,return_shock,23,-9.188017764904042e-11
mendi_lending_linea,basket_return,return_shock,24,-4.115406409672783e-11
mendi_lending_linea,basket_return,return_shock,25,-2.058928915919405e-11
mendi_lending_linea,basket_return,return_shock,26,-9.491417775581957e-12
mendi_lending_linea,basket_return,return_shock,27,-4.647452067724525e-12
mendi_lending_linea,basket_return,return_shock,28,-2.176393892106115e-12
mendi_lending_linea,basket_return,return_shock,29,-1.0532744874584598e-12
mendi_lending_linea,basket_return,return_shock,30,-4.975021379081193e-13
mendi_lending_linea,basket_return,liquidation_shock,0,0.0
mendi_lending_linea,basket_return,liquidation_shock,1,-0.004786227493845107
mendi_lending_linea,basket_return,liquidation_shock,2,0.04497314643603191
mendi_lending_linea,basket_return,liquidation_shock,3,0.009917755753397995
mendi_lending_linea,basket_return,liquidation_shock,4,0.009754311796063151
mendi_lending_linea,basket_return,liquidation_shock,5,0.003035801070087086
mendi_lending_linea,basket_return,liquidation_shock,6,0.002044129206095217
mendi_lending_linea,basket_return,liquidation_shock,7,0.0007698027083661669
mendi_lending_linea,basket_return,liquidation_shock,8,0.0004405200997668486
mendi_lending_linea,basket_return,liquidation_shock,9,0.00018456658913049368
mendi_lending_linea,basket_return,liquidation_shock,10,9.714116847350154e-05
mendi_lending_linea,basket_return,liquidation_shock,11,4.316958687795564e-05
mendi_lending_linea,basket_return,liquidation_shock,12,2.1726109681955604e-05
mendi_lending_linea,basket_return,liquidation_shock,13,9.97238152691204e-06
mendi_lending_linea,basket_return,liquidation_shock,14,4.89868738356895e-06
mendi_lending_linea,basket_return,liquidation_shock,15,2.2886464275183765e-06
mendi_lending_linea,basket_return,liquidation_shock,16,1.1095390055093248e-06
mendi_lending_linea,basket_return,liquidation_shock,17,5.234042391242531e-07
mendi_lending_linea,basket_return,liquidation_shock,18,2.5193590856372716e-07
mendi_lending_linea,basket_return,liquidation_shock,19,1.1947422715067165e-07
mendi_lending_linea,basket_return,liquidation_shock,20,5.728392563283768e-08
mendi_lending_linea,basket_return,liquidation_shock,21,2.7243672106525332e-08
mendi_lending_linea,basket_return,liquidation_shock,22,1.3034701411608937e-08
mendi_lending_linea,basket_return,liquidation_shock,23,6.2089024405405626e-09
mendi_lending_linea,basket_return,liquidation_shock,24,2.967202865522047e-09
mendi_lending_linea,basket_return,liquidation_shock,25,1.414595227938745e-09
mendi_lending_linea,basket_return,liquidation_shock,26,6.756012318052749e-10
mendi_lending_linea,basket_return,liquidation_shock,27,3.222387290634311e-10
mendi_lending_linea,basket_return,liquidation_shock,28,1.5384612137930702e-10
mendi_lending_linea,basket_return,liquidation_shock,29,7.339798890069032e-11
mendi_lending_linea,basket_return,liquidation_shock,30,3.503575888299303e-11
mendi_lending_linea,liquidation,return_shock,0,-0.023883698579790436
mendi_lending_linea,liquidation,return_shock,1,-0.030316013507373438
mendi_lending_linea,liquidation,return_shock,2,0.003914329064825093
mendi_lending_linea,liquidation,return_shock,3,-0.00351195290032192
mendi_lending_linea,liquidation,return_shock,4,0.00044033788409450156
mendi_lending_linea,liquidation,return_shock,5,-0.0005015289107316211
mendi_lending_linea,liquidation,return_shock,6,1.70696968543061e-05
mendi_lending_linea,liquidation,return_shock,7,-8.12778532540871e-05
mendi_lending_linea,liquidation,return_shock,8,-7.129980825495814e-06
mendi_lending_linea,liquidation,return_shock,9,-1.4532493167024847e-05
mendi_lending_linea,liquidation,return_shock,10,-3.009869864525097e-06
mendi_lending_linea,liquidation,return_shock,11,-2.8188549776426522e-06
mendi_lending_linea,liquidation,return_shock,12,-8.580507194325536e-07
mendi_lending_linea,liquidation,return_shock,13,-5.811304927015889e-07
mendi_lending_linea,liquidation,return_shock,14,-2.1685554996434558e-07
mendi_lending_linea,liquidation,return_shock,15,-1.2479896473941353e-07
mendi_lending_linea,liquidation,return_shock,16,-5.205020232022771e-08
mendi_lending_linea,liquidation,return_shock,17,-2.7485342157586467e-08
mendi_lending_linea,liquidation,return_shock,18,-1.2184845380387564e-08
mendi_lending_linea,liquidation,return_shock,19,-6.143396785523109e-09
mendi_lending_linea,liquidation,return_shock,20,-2.8161204933472714e-09
mendi_lending_linea,liquidation,return_shock,21,-1.3847114042407285e-09
mendi_lending_linea,liquidation,return_shock,22,-6.464648258357457e-10
mendi_lending_linea,liquidation,return_shock,23,-3.135748932326133e-10
mendi_lending_linea,liquidation,return_shock,24,-1.478648533904022e-10
mendi_lending_linea,liquidation,return_shock,25,-7.119416579606401e-11
mendi_lending_linea,liquidation,return_shock,26,-3.3754780979333306e-11
mendi_lending_linea,liquidation,return_shock,27,-1.6186867462587492e-11
mendi_lending_linea,liquidation,return_shock,28,-7.69741359714372e-12
mendi_lending_linea,liquidation,return_shock,29,-3.683136796886517e-12
mendi_lending_linea,liquidation,return_shock,30,-1.754300021182159e-12
mendi_lending_linea,liquidation,liquidation_shock,0,0.7856321319735126
mendi_lending_linea,liquidation,liquidation_shock,1,0.23619864526320572
mendi_lending_linea,liquidation,liquidation_shock,2,0.13519492685211174
mendi_lending_linea,liquidation,liquidation_shock,3,0.05476211829032374
mendi_lending_linea,liquidation,liquidation_shock,4,0.02914597510775184
mendi_lending_linea,liquidation,liquidation_shock,5,0.012784921148440726
mendi_lending_linea,liquidation,liquidation_shock,6,0.006486897469791697
mendi_lending_linea,liquidation,liquidation_shock,7,0.0029581932981146593
mendi_lending_linea,liquidation,liquidation_shock,8,0.0014599305294909965
mendi_lending_linea,liquidation,liquidation_shock,9,0.0006797020510276469
mendi_lending_linea,liquidation,liquidation_shock,10,0.0003303663303997088
mendi_lending_linea,liquidation,liquidation_shock,11,0.00015554950928179097
mendi_lending_linea,liquidation,liquidation_shock,12,7.497716348908143e-05
mendi_lending_linea,liquidation,liquidation_shock,13,3.5519374681025867e-05
mendi_lending_linea,liquidation,liquidation_shock,14,1.7043349601104094e-05
mendi_lending_linea,liquidation,liquidation_shock,15,8.101093627966783e-06
mendi_lending_linea,liquidation,liquidation_shock,16,3.877568918948304e-06
mendi_lending_linea,liquidation,liquidation_shock,17,1.8464610582333275e-06
mendi_lending_linea,liquidation,liquidation_shock,18,8.826141588196152e-07
mendi_lending_linea,liquidation,liquidation_shock,19,4.207104191418406e-07
mendi_lending_linea,liquidation,liquidation_shock,20,2.0095328322357107e-07
mendi_lending_linea,liquidation,liquidation_shock,21,9.583912704571241e-08
mendi_lending_linea,liquidation,liquidation_shock,22,4.57594585173656e-08
mendi_lending_linea,liquidation,liquidation_shock,23,2.183016011360898e-08
mendi_lending_linea,liquidation,liquidation_shock,24,1.0420779626288626e-08
mendi_lending_linea,liquidation,liquidation_shock,25,4.972172567001219e-09
mendi_lending_linea,liquidation,liquidation_shock,26,2.3732191596906243e-09
mendi_lending_linea,liquidation,liquidation_shock,27,1.1324575962990195e-09
mendi_lending_linea,liquidation,liquidation_shock,28,5.404872526187923e-10
mendi_lending_linea,liquidation,liquidation_shock,29,2.5792315870628315e-10
mendi_lending_linea,liquidation,liquidation_shock,30,1.230944587699992e-10
moonwell_lending_base,basket_return,return_shock,0,0.221744505936517
moonwell_lending_base,basket_return,return_shock,1,-0.02270116394125064
moonwell_lending_base,basket_return,return_shock,2,0.002343806315637394
moonwell_lending_base,basket_return,return_shock,3,-0.00023610276202660916
moonwell_lending_base,basket_return,return_shock,4,2.5521637944125943e-05
moonwell_lending_base,basket_return,return_shock,5,-2.2328645758003586e-06
moonwell_lending_base,basket_return,return_shock,6,3.4366181581320464e-07
moonwell_lending_base,basket_return,return_shock,7,-1.2174251931335954e-09
moonwell_lending_base,basket_return,return_shock,8,1.023930621956392e-08
moonwell_lending_base,basket_return,return_shock,9,1.954628541369785e-09
moonwell_lending_base,basket_return,return_shock,10,6.923454995637829e-10
moonwell_lending_base,basket_return,return_shock,11,1.942589091869625e-10
moonwell_lending_base,basket_return,return_shock,12,5.889238460339254e-11
moonwell_lending_base,basket_return,return_shock,13,1.7377441747498516e-11
moonwell_lending_base,basket_return,return_shock,14,5.175507522001725e-12
moonwell_lending_base,basket_return,return_shock,15,1.5364653805001888e-12
moonwell_lending_base,basket_return,return_shock,16,4.566409566320107e-13
moonwell_lending_base,basket_return,return_shock,17,1.3566267862056265e-13
moonwell_lending_base,basket_return,return_shock,18,4.0309129983954013e-14
moonwell_lending_base,basket_return,return_shock,19,1.1976408531955958e-14
moonwell_lending_base,basket_return,return_shock,20,3.558415333647676e-15
moonwell_lending_base,basket_return,return_shock,21,1.0572660919418758e-15
moonwell_lending_base,basket_return,return_shock,22,3.1413244071958885e-16
moonwell_lending_base,basket_return,return_shock,23,9.33342390395518e-17
moonwell_lending_base,basket_return,return_shock,24,2.7731240087585702e-17
moonwell_lending_base,basket_return,return_shock,25,8.23943737141474e-18
moonwell_lending_base,basket_return,return_shock,26,2.4480812902885605e-18
moonwell_lending_base,basket_return,return_shock,27,7.273678624283294e-19
moonwell_lending_base,basket_return,return_shock,28,2.1611374225244178e-19
moonwell_lending_base,basket_return,return_shock,29,6.42111810974782e-20
moonwell_lending_base,basket_return,return_shock,30,1.9078267474015653e-20
moonwell_lending_base,basket_return,liquidation_shock,0,0.0
moonwell_lending_base,basket_return,liquidation_shock,1,-0.001514382484267784
moonwell_lending_base,basket_return,liquidation_shock,2,-0.0002945762674680772
moonwell_lending_base,basket_return,liquidation_shock,3,-0.00010346483591034823
moonwell_lending_base,basket_return,liquidation_shock,4,-2.9105687829358157e-05
moonwell_lending_base,basket_return,liquidation_shock,5,-8.815612769096436e-06
moonwell_lending_base,basket_return,liquidation_shock,6,-2.6020567832560763e-06
moonwell_lending_base,basket_return,liquidation_shock,7,-7.748830481604081e-07
moonwell_lending_base,basket_return,liquidation_shock,8,-2.300501102235362e-07
moonwell_lending_base,basket_return,liquidation_shock,9,-6.837051388618701e-08
moonwell_lending_base,basket_return,liquidation_shock,10,-2.0312170483287798e-08
moonwell_lending_base,basket_return,liquidation_shock,11,-6.035297629887582e-09
moonwell_lending_base,basket_return,liquidation_shock,12,-1.793172638557239e-09
moonwell_lending_base,basket_return,liquidation_shock,13,-5.327850840040218e-10
moonwell_lending_base,basket_return,liquidation_shock,14,-1.582995763514275e-10
moonwell_lending_base,basket_return,liquidation_shock,15,-4.703360068007031e-11
moonwell_lending_base,basket_return,liquidation_shock,16,-1.3974504996483885e-11
moonwell_lending_base,basket_return,liquidation_shock,17,-4.152070624085733e-12
moonwell_lending_base,basket_return,liquidation_shock,18,-1.2336529413053717e-12
moonwell_lending_base,basket_return,liquidation_shock,19,-3.665399161651675e-13
moonwell_lending_base,basket_return,liquidation_shock,20,-1.0890543398308916e-13
moonwell_lending_base,basket_return,liquidation_shock,21,-3.235771348248907e-14
moonwell_lending_base,basket_return,liquidation_shock,22,-9.614043876600945e-15
moonwell_lending_base,basket_return,liquidation_shock,23,-2.856500962121316e-15
moonwell_lending_base,basket_return,liquidation_shock,24,-8.487165078823799e-16
moonwell_lending_base,basket_return,liquidation_shock,25,-2.521685517824317e-16
moonwell_lending_base,basket_return,liquidation_shock,26,-7.492369703725684e-17
moonwell_lending_base,basket_return,liquidation_shock,27,-2.226114373929924e-17
moonwell_lending_base,basket_return,liquidation_shock,28,-6.6141760241013585e-18
moonwell_lending_base,basket_return,liquidation_shock,29,-1.965187637713053e-18
moonwell_lending_base,basket_return,liquidation_shock,30,-5.838916952537709e-19
moonwell_lending_base,liquidation,return_shock,0,-0.012692626129940817
moonwell_lending_base,liquidation,return_shock,1,-0.010987381661323905
moonwell_lending_base,liquidation,return_shock,2,-0.002524174723757953
moonwell_lending_base,liquidation,return_shock,3,-0.0008259372747995494
moonwell_lending_base,liquidation,return_shock,4,-0.0002376069894857855
moonwell_lending_base,liquidation,return_shock,5,-7.139679790630503e-05
moonwell_lending_base,liquidation,return_shock,6,-2.1131202835064203e-05
moonwell_lending_base,liquidation,return_shock,7,-6.286867680393943e-06
moonwell_lending_base,liquidation,return_shock,8,-1.8670750297576289e-06
moonwell_lending_base,liquidation,return_shock,9,-5.548293196909235e-07
moonwell_lending_base,liquidation,return_shock,10,-1.6484042633904966e-07
moonwell_lending_base,liquidation,return_shock,11,-4.8977912823554466e-08
moonwell_lending_base,liquidation,return_shock,12,-1.4552100753730667e-08
moonwell_lending_base,liquidation,return_shock,13,-4.323694037466007e-09
moonwell_lending_base,liquidation,return_shock,14,-1.2846442820046237e-09
moonwell_lending_base,liquidation,return_shock,15,-3.816904382617863e-10
moonwell_lending_base,liquidation,return_shock,16,-1.1340690931769039e-10
moonwell_lending_base,liquidation,return_shock,17,-3.369518177401599e-11
moonwell_lending_base,liquidation,return_shock,18,-1.0011429041695422e-11
moonwell_lending_base,liquidation,return_shock,19,-2.9745710716838763e-12
moonwell_lending_base,liquidation,return_shock,20,-8.837972059557679e-13
moonwell_lending_base,liquidation,return_shock,21,-2.6259164223295286e-13
moonwell_lending_base,liquidation,return_shock,22,-7.802057990605125e-14
moonwell_lending_base,liquidation,return_shock,23,-2.3181281926613846e-14
moonwell_lending_base,liquidation,return_shock,24,-6.8875652086752194e-15
moonwell_lending_base,liquidation,return_shock,25,-2.0464163567458522e-15
moonwell_lending_base,liquidation,return_shock,26,-6.080261715483195e-16
moonwell_lending_base,liquidation,return_shock,27,-1.8065523375541536e-16
moonwell_lending_base,liquidation,return_shock,28,-5.3675836683283296e-17
moonwell_lending_base,liquidation,return_shock,29,-1.5948031970954057e-17
moonwell_lending_base,liquidation,return_shock,30,-4.738439854180271e-18
moonwell_lending_base,liquidation,liquidation_shock,0,0.9412888417773336
moonwell_lending_base,liquidation,liquidation_shock,1,0.27955005299273195
moonwell_lending_base,liquidation,liquidation_shock,2,0.0830718777633601
moonwell_lending_base,liquidation,liquidation_shock,3,0.024680812501543036
moonwell_lending_base,liquidation,liquidation_shock,4,0.007333235258615829
moonwell_lending_base,liquidation,liquidation_shock,5,0.0021788190715485043
moonwell_lending_base,liquidation,liquidation_shock,6,0.0006473667414693061
moonwell_lending_base,liquidation,liquidation_shock,7,0.00019234386279742992
moonwell_lending_base,liquidation,liquidation_shock,8,5.714874802627506e-05
moonwell_lending_base,liquidation,liquidation_shock,9,1.6979893293540685e-05
moonwell_lending_base,liquidation,liquidation_shock,10,5.045024096182695e-06
moonwell_lending_base,liquidation,liquidation_shock,11,1.4989650780686039e-06
moonwell_lending_base,liquidation,liquidation_shock,12,4.4536880192922263e-07
moonwell_lending_base,liquidation,liquidation_shock,13,1.3232687782649332e-07
moonwell_lending_base,liquidation,liquidation_shock,14,3.9316634998532754e-08
moonwell_lending_base,liquidation,liquidation_shock,15,1.1681661443897439e-08
moonwell_lending_base,liquidation,liquidation_shock,16,3.4708263848800013e-09
moonwell_lending_base,liquidation,liquidation_shock,17,1.0312433596015617e-09
moonwell_lending_base,liquidation,liquidation_shock,18,3.0640047896976093e-10
moonwell_lending_base,liquidation,liquidation_shock,19,9.103695324485291e-11
moonwell_lending_base,liquidation,liquidation_shock,20,2.7048674610418728e-11
moonwell_lending_base,liquidation,liquidation_shock,21,8.036635367308333e-12
moonwell_lending_base,liquidation,liquidation_shock,22,2.3878252430976895e-12
moonwell_lending_base,liquidation,liquidation_shock,23,7.09464736295919e-13
moonwell_lending_base,liquidation,liquidation_shock,24,2.1079440947465772e-13
moonwell_lending_base,liquidation,liquidation_shock,25,6.263071410392895e-14
moonwell_lending_base,liquidation,liquidation_shock,26,1.8608683024108804e-14
moonwell_lending_base,liquidation,liquidation_shock,27,5.52896592105169e-15
moonwell_lending_base,liquidation,liquidation_shock,28,1.6427526932747569e-15
moonwell_lending_base,liquidation,liquidation_shock,29,4.880906212473356e-16
moonwell_lending_base,liquidation,liquidation_shock,30,1.4502027939135739e-16
morpho_ethereum,basket_return,return_shock,0,0.5772620246006195
morpho_ethereum,basket_return,return_shock,1,-0.0025149222847348834
morpho_ethereum,basket_return,return_shock,2,0.011687563767491686
morpho_ethereum,basket_return,return_shock,3,-0.0011120116388245794
morpho_ethereum,basket_return,return_shock,4,-0.0006116920190850147
morpho_ethereum,basket_return,return_shock,5,-0.0002060415897618331
morpho_ethereum,basket_return,return_shock,6,-0.00012047998599602832
morpho_ethereum,basket_return,return_shock,7,-2.798642369579797e-05
morpho_ethereum,basket_return,return_shock,8,-1.3382203922924972e-05
morpho_ethereum,basket_return,return_shock,9,-3.2562469200203608e-06
morpho_ethereum,basket_return,return_shock,10,-1.3146946973110155e-06
morpho_ethereum,basket_return,return_shock,11,-3.4757528639459347e-07
morpho_ethereum,basket_return,return_shock,12,-1.2495243478750753e-07
morpho_ethereum,basket_return,return_shock,13,-3.529961448652974e-08
morpho_ethereum,basket_return,return_shock,14,-1.1810230999914849e-08
morpho_ethereum,basket_return,return_shock,15,-3.483699398917583e-09
morpho_ethereum,basket_return,return_shock,16,-1.1188010481079966e-09
morpho_ethereum,basket_return,return_shock,17,-3.383055020872128e-10
morpho_ethereum,basket_return,return_shock,18,-1.0633155883203774e-10
morpho_ethereum,basket_return,return_shock,19,-3.256772045779358e-11
morpho_ethereum,basket_return,return_shock,20,-1.0129850569206608e-11
morpho_ethereum,basket_return,return_shock,21,-3.1211302663722298e-12
morpho_ethereum,basket_return,return_shock,22,-9.663445454041683e-13
morpho_ethereum,basket_return,return_shock,23,-2.984603273204269e-13
morpho_ethereum,basket_return,return_shock,24,-9.224468702680136e-14
morpho_ethereum,basket_return,return_shock,25,-2.851225220029499e-14
morpho_ethereum,basket_return,return_shock,26,-8.807637536322084e-15
morpho_ethereum,basket_return,return_shock,27,-2.722698514569622e-15
morpho_ethereum,basket_return,return_shock,28,-8.410177551563059e-16
morpho_ethereum,basket_return,return_shock,29,-2.5995892864018724e-16
morpho_ethereum,basket_return,return_shock,30,-8.030584505938825e-17
morpho_ethereum,basket_return,liquidation_shock,0,0.0
morpho_ethereum,basket_return,liquidation_shock,1,-0.003296447730690982
morpho_ethereum,basket_return,liquidation_shock,2,0.01487659259846151
morpho_ethereum,basket_return,liquidation_shock,3,0.0008821862267557594
morpho_ethereum,basket_return,liquidation_shock,4,0.0017673337609934213
morpho_ethereum,basket_return,liquidation_shock,5,0.00021268547299658193
morpho_ethereum,basket_return,liquidation_shock,6,0.00016744207321640032
morpho_ethereum,basket_return,liquidation_shock,7,2.9804643921025392e-05
morpho_ethereum,basket_return,liquidation_shock,8,1.5127282991406006e-05
morpho_ethereum,basket_return,liquidation_shock,9,3.440303451024616e-06
morpho_ethereum,basket_return,liquidation_shock,10,1.3715671553114592e-06
morpho_ethereum,basket_return,liquidation_shock,11,3.618880479380645e-07
morpho_ethereum,basket_return,liquidation_shock,12,1.2642845446777302e-07
morpho_ethereum,basket_return,liquidation_shock,13,3.627513206477206e-08
morpho_ethereum,basket_return,liquidation_shock,14,1.183246792160683e-08
morpho_ethereum,basket_return,liquidation_shock,15,3.5454588770498143e-09
morpho_ethereum,basket_return,liquidation_shock,16,1.1187371428269866e-09
morpho_ethereum,basket_return,liquidation_shock,17,3.420929375877795e-10
morpho_ethereum,basket_return,liquidation_shock,18,1.0637864523536815e-10
morpho_ethereum,basket_return,liquidation_shock,19,3.2802580684248516e-11
morpho_ethereum,basket_return,liquidation_shock,20,1.0143295063654471e-11
morpho_ethereum,basket_return,liquidation_shock,21,3.1365568972196403e-12
morpho_ethereum,basket_return,liquidation_shock,22,9.68277988303702e-13
morpho_ethereum,basket_return,liquidation_shock,23,2.995742406132192e-13
morpho_ethereum,basket_return,liquidation_shock,24,9.24658355956934e-14
morpho_ethereum,basket_return,liquidation_shock,25,2.86014426536075e-14
morpho_ethereum,basket_return,liquidation_shock,26,8.830485951439598e-15
morpho_ethereum,basket_return,liquidation_shock,27,2.7304534642699465e-15
morpho_ethereum,basket_return,liquidation_shock,28,8.432681111165094e-16
morpho_ethereum,basket_return,liquidation_shock,29,2.606686084109133e-16
morpho_ethereum,basket_return,liquidation_shock,30,8.052273728749662e-17
morpho_ethereum,liquidation,return_shock,0,-0.12678936675154437
morpho_ethereum,liquidation,return_shock,1,-0.0712422644877737
morpho_ethereum,liquidation,return_shock,2,-0.05578061233313494
morpho_ethereum,liquidation,return_shock,3,-0.012364985883101155
morpho_ethereum,liquidation,return_shock,4,-0.006722329639252421
morpho_ethereum,liquidation,return_shock,5,-0.0015623282427985252
morpho_ethereum,liquidation,return_shock,6,-0.000674717168804894
morpho_ethereum,liquidation,return_shock,7,-0.00017292489170495234
morpho_ethereum,liquidation,return_shock,8,-6.447472932505036e-05
morpho_ethereum,liquidation,return_shock,9,-1.787684973004039e-05
morpho_ethereum,liquidation,return_shock,10,-6.097417057333795e-06
morpho_ethereum,liquidation,return_shock,11,-1.7802341025263621e-06
morpho_ethereum,liquidation,return_shock,12,-5.772781976950411e-07
morpho_ethereum,liquidation,return_shock,13,-1.7367140759705882e-07
morpho_ethereum,liquidation,return_shock,14,-5.483286696058597e-08
morpho_ethereum,liquidation,return_shock,15,-1.675653934782519e-08
morpho_ethereum,liquidation,return_shock,16,-5.221932831500314e-09
morpho_ethereum,liquidation,return_shock,17,-1.6075706043888949e-09
morpho_ethereum,liquidation,return_shock,18,-4.980745467564683e-10
morpho_ethereum,liquidation,return_shock,19,-1.5379752694820673e-10
morpho_ethereum,liquidation,return_shock,20,-4.754290183329432e-11
morpho_ethereum,liquidation,return_shock,21,-1.4695270364197243e-11
morpho_ethereum,liquidation,return_shock,22,-4.5394850019158654e-12
morpho_ethereum,liquidation,return_shock,23,-1.4033801288776681e-12
morpho_ethereum,liquidation,return_shock,24,-4.334721914899642e-13
morpho_ethereum,liquidation,return_shock,25,-1.3399500478471763e-13
morpho_ethereum,liquidation,return_shock,26,-4.139156613977218e-14
morpho_ethereum,liquidation,return_shock,27,-1.2793165841398858e-14
morpho_ethereum,liquidation,return_shock,28,-3.952285635302633e-15
morpho_ethereum,liquidation,return_shock,29,-1.2214210436248151e-15
morpho_ethereum,liquidation,return_shock,30,-3.7737352137595423e-16
morpho_ethereum,liquidation,liquidation_shock,0,0.9023542853871885
morpho_ethereum,liquidation,liquidation_shock,1,0.08077955271927666
morpho_ethereum,liquidation,liquidation_shock,2,0.08770069547929525
morpho_ethereum,liquidation,liquidation_shock,3,0.013699943293015007
morpho_ethereum,liquidation,liquidation_shock,4,0.007932806679886245
morpho_ethereum,liquidation,liquidation_shock,5,0.0016846231019391753
morpho_ethereum,liquidation,liquidation_shock,6,0.0007155788751926709
morpho_ethereum,liquidation,liquidation_shock,7,0.00018212798460407554
morpho_ethereum,liquidation,liquidation_shock,8,6.561400441824166e-05
morpho_ethereum,liquidation,liquidation_shock,9,1.8494033349667625e-05
morpho_ethereum,liquidation,liquidation_shock,10,6.1186369205880825e-06
morpho_ethereum,liquidation,liquidation_shock,11,1.8187924773854303e-06
morpho_ethereum,liquidation,liquidation_shock,12,5.773455600108459e-07
morpho_ethereum,liquidation,liquidation_shock,13,1.75995975798021e-07
morpho_ethereum,liquidation,liquidation_shock,14,5.484753473974916e-08
morpho_ethereum,liquidation,liquidation_shock,15,1.689706106476193e-08
morpho_ethereum,liquidation,liquidation_shock,16,5.227927850315627e-09
morpho_ethereum,liquidation,liquidation_shock,17,1.6164830999549575e-09
morpho_ethereum,liquidation,liquidation_shock,18,4.990160451205867e-10
morpho_ethereum,liquidation,liquidation_shock,19,1.544163588914777e-10
morpho_ethereum,liquidation,liquidation_shock,20,4.765440352990226e-11
morpho_ethereum,liquidation,liquidation_shock,21,1.4743182976378973e-11
morpho_ethereum,liquidation,liquidation_shock,22,4.551180302751366e-12
morpho_ethereum,liquidation,liquidation_shock,23,1.4074547134836316e-12
morpho_ethereum,liquidation,liquidation_shock,24,4.346312684252951e-13
morpho_ethereum,liquidation,liquidation_shock,25,1.3436352801578312e-13
morpho_ethereum,liquidation,liquidation_shock,26,4.150351366132371e-14
morpho_ethereum,liquidation,liquidation_shock,27,1.2827607193055387e-14
morpho_ethereum,liquidation,liquidation_shock,28,3.9629848733327214e-15
morpho_ethereum,liquidation,liquidation_shock,29,1.2246877557625599e-15
morpho_ethereum,liquidation,liquidation_shock,30,3.7839268423359893e-16
sparklend_ethereum,basket_return,return_shock,0,0.20625019743543926
sparklend_ethereum,basket_return,return_shock,1,-0.013842348319065279
sparklend_ethereum,basket_return,return_shock,2,0.013107372154577131
sparklend_ethereum,basket_return,return_shock,3,-0.010888763355571091
sparklend_ethereum,basket_return,return_shock,4,-0.0007649840002686634
sparklend_ethereum,basket_return,return_shock,5,-0.0030871833342558724
sparklend_ethereum,basket_return,return_shock,6,-0.00033838737326111196
sparklend_ethereum,basket_return,return_shock,7,-0.0005922297021108273
sparklend_ethereum,basket_return,return_shock,8,-1.9492932374417537e-05
sparklend_ethereum,basket_return,return_shock,9,-8.411562240442798e-05
sparklend_ethereum,basket_return,return_shock,10,1.409668888979667e-05
sparklend_ethereum,basket_return,return_shock,11,-8.533886493555032e-06
sparklend_ethereum,basket_return,return_shock,12,6.093162384676283e-06
sparklend_ethereum,basket_return,return_shock,13,-5.488636569243799e-07
sparklend_ethereum,basket_return,return_shock,14,1.540243082569526e-06
sparklend_ethereum,basket_return,return_shock,15,-5.162538406251636e-08
sparklend_ethereum,basket_return,return_shock,16,2.947047258649819e-07
sparklend_ethereum,basket_return,return_shock,17,-2.9313994904287876e-08
sparklend_ethereum,basket_return,return_shock,18,4.58100405472858e-08
sparklend_ethereum,basket_return,return_shock,19,-1.2534825397976963e-08
sparklend_ethereum,basket_return,return_shock,20,6.100729903510663e-09
sparklend_ethereum,basket_return,return_shock,21,-3.6851893712085788e-09
sparklend_ethereum,basket_return,return_shock,22,8.04698137452256e-10
sparklend_ethereum,basket_return,return_shock,23,-8.463409561922944e-10
sparklend_ethereum,basket_return,return_shock,24,1.4237899661829837e-10
sparklend_ethereum,basket_return,return_shock,25,-1.6264749195821518e-10
sparklend_ethereum,basket_return,return_shock,26,3.5834273081810203e-11
sparklend_ethereum,basket_return,return_shock,27,-2.749262320384765e-11
sparklend_ethereum,basket_return,return_shock,28,9.623732056784016e-12
sparklend_ethereum,basket_return,return_shock,29,-4.364096089220056e-12
sparklend_ethereum,basket_return,return_shock,30,2.345493542719956e-12
sparklend_ethereum,basket_return,liquidation_shock,0,0.0
sparklend_ethereum,basket_return,liquidation_shock,1,-0.020958748248183758
sparklend_ethereum,basket_return,liquidation_shock,2,0.08731066094008134
sparklend_ethereum,basket_return,liquidation_shock,3,0.009892214028126577
sparklend_ethereum,basket_return,liquidation_shock,4,0.022746824960514122
sparklend_ethereum,basket_return,liquidation_shock,5,0.0021746754487880463
sparklend_ethereum,basket_return,liquidation_shock,6,0.004015801337133267
sparklend_ethereum,basket_return,liquidation_shock,7,-4.206399620738271e-05
sparklend_ethereum,basket_return,liquidation_shock,8,0.0005238396608194249
sparklend_ethereum,basket_return,liquidation_shock,9,-0.00014196882772685447
sparklend_ethereum,basket_return,liquidation_shock,10,4.773032510740333e-05
sparklend_ethereum,basket_return,liquidation_shock,11,-4.924637764020613e-05
sparklend_ethereum,basket_return,liquidation_shock,12,2.8736740210633735e-06
sparklend_ethereum,basket_return,liquidation_shock,13,-1.1336004847016746e-05
sparklend_ethereum,basket_return,liquidation_shock,14,5.142492099140536e-07
sparklend_ethereum,basket_return,liquidation_shock,15,-2.0346378145361445e-06
sparklend_ethereum,basket_return,liquidation_shock,16,2.8400708632665617e-07
sparklend_ethereum,basket_return,liquidation_shock,17,-3.0122360874304785e-07
sparklend_ethereum,basket_return,liquidation_shock,18,1.0584426083524228e-07
sparklend_ethereum,basket_return,liquidation_shock,19,-3.9331123908026075e-08
sparklend_ethereum,basket_return,liquidation_shock,20,2.859425422536115e-08
sparklend_ethereum,basket_return,liquidation_shock,21,-5.501936224980191e-09
sparklend_ethereum,basket_return,liquidation_shock,22,6.198515279070561e-09
sparklend_ethereum,basket_return,liquidation_shock,23,-1.097545219116401e-09
sparklend_ethereum,basket_return,liquidation_shock,24,1.142864963056264e-09
sparklend_ethereum,basket_return,liquidation_shock,25,-2.881394032029223e-10
sparklend_ethereum,basket_return,liquidation_shock,26,1.8854217284772953e-10
sparklend_ethereum,basket_return,liquidation_shock,27,-7.553129446438463e-11
sparklend_ethereum,basket_return,liquidation_shock,28,3.001317763316229e-11
sparklend_ethereum,basket_return,liquidation_shock,29,-1.772620286789734e-11
sparklend_ethereum,basket_return,liquidation_shock,30,5.159145371796355e-12
sparklend_ethereum,liquidation,return_shock,0,-0.06613510945426775
sparklend_ethereum,liquidation,return_shock,1,-0.0729340914097338
sparklend_ethereum,liquidation,return_shock,2,-0.025595139887475776
sparklend_ethereum,liquidation,return_shock,3,-0.017900626189930716
sparklend_ethereum,liquidation,return_shock,4,-0.004557565153910468
sparklend_ethereum,liquidation,return_shock,5,-0.002730152277902642
sparklend_ethereum,liquidation,return_shock,6,-0.0003234608260126037
sparklend_ethereum,liquidation,return_shock,7,-0.00023661351323407754
sparklend_ethereum,liquidation,return_shock,8,7.466998233626696e-05
sparklend_ethereum,liquidation,return_shock,9,8.2709789808887e-06
sparklend_ethereum,liquidation,return_shock,10,3.402647725698755e-05
sparklend_ethereum,liquidation,return_shock,11,7.0382273030221874e-06
sparklend_ethereum,liquidation,return_shock,12,7.666264405243096e-06
sparklend_ethereum,liquidation,return_shock,13,1.1693865013909235e-06
sparklend_ethereum,liquidation,return_shock,14,1.190694535501035e-06
sparklend_ethereum,liquidation,return_shock,15,1.1886384996872116e-08
sparklend_ethereum,liquidation,return_shock,16,1.2254473391301938e-07
sparklend_ethereum,liquidation,return_shock,17,-4.8652577757724003e-08
sparklend_ethereum,liquidation,return_shock,18,4.341267695864096e-09
sparklend_ethereum,liquidation,return_shock,19,-1.6495042689144014e-08
sparklend_ethereum,liquidation,return_shock,20,-9.925653317328426e-10
sparklend_ethereum,liquidation,return_shock,21,-3.552632199499603e-09
sparklend_ethereum,liquidation,return_shock,22,-8.872921868596588e-11
sparklend_ethereum,liquidation,return_shock,23,-5.753091818044351e-10
sparklend_ethereum,liquidation,return_shock,24,6.600802579328375e-11
sparklend_ethereum,liquidation,return_shock,25,-7.193327743974169e-11
sparklend_ethereum,liquidation,return_shock,26,3.183408164021016e-11
sparklend_ethereum,liquidation,return_shock,27,-7.0689285240355904e-12
sparklend_ethereum,liquidation,return_shock,28,8.750527673184231e-12
sparklend_ethereum,liquidation,return_shock,29,-7.711264914665477e-13
sparklend_ethereum,liquidation,return_shock,30,1.8189086972062217e-12
sparklend_ethereum,liquidation,liquidation_shock,0,0.7040564706624448
sparklend_ethereum,liquidation,liquidation_shock,1,0.17259629439681823
sparklend_ethereum,liquidation,liquidation_shock,2,0.12810314116443017
sparklend_ethereum,liquidation,liquidation_shock,3,0.027417897726235402
sparklend_ethereum,liquidation,liquidation_shock,4,0.016866539438351896
sparklend_ethereum,liquidation,liquidation_shock,5,0.0008035148433077708
sparklend_ethereum,liquidation,liquidation_shock,6,0.0010743713562172605
sparklend_ethereum,liquidation,liquidation_shock,7,-0.0007919140956250406
sparklend_ethereum,liquidation,liquidation_shock,8,-0.00013842707400230512
sparklend_ethereum,liquidation,liquidation_shock,9,-0.00026719489297347165
sparklend_ethereum,liquidation,liquidation_shock,10,-5.236531944479842e-05
sparklend_ethereum,liquidation,liquidation_shock,11,-5.3577959727201816e-05
sparklend_ethereum,liquidation,liquidation_shock,12,-6.470103250392563e-06
sparklend_ethereum,liquidation,liquidation_shock,13,-7.510160798150418e-06
sparklend_ethereum,liquidation,liquidation_shock,14,4.852192771005146e-07
sparklend_ethereum,liquidation,liquidation_shock,15,-6.560029486065088e-07
sparklend_ethereum,liquidation,liquidation_shock,16,4.439018656014642e-07
sparklend_ethereum,liquidation,liquidation_shock,17,-4.340826967299301e-09
sparklend_ethereum,liquidation,liquidation_shock,18,1.267180635113074e-07
sparklend_ethereum,liquidation,liquidation_shock,19,7.3118400851146035e-09
sparklend_ethereum,liquidation,liquidation_shock,20,2.495732250165549e-08
sparklend_ethereum,liquidation,liquidation_shock,21,-1.507247611779568e-10
sparklend_ethereum,liquidation,liquidation_shock,22,3.757713251764615e-09
sparklend_ethereum,liquidation,liquidation_shock,23,-6.937741015118897e-10
sparklend_ethereum,liquidation,liquidation_shock,24,4.3852403091992975e-10
sparklend_ethereum,liquidation,liquidation_shock,25,-2.6434620686442873e-10
sparklend_ethereum,liquidation,liquidation_shock,26,4.2091409423196264e-11
sparklend_ethereum,liquidation,liquidation_shock,27,-6.598507853222843e-11
sparklend_ethereum,liquidation,liquidation_shock,28,5.719260501593787e-12
sparklend_ethereum,liquidation,liquidation_shock,29,-1.2885555038056678e-11
sparklend_ethereum,liquidation,liquidation_shock,30,1.7833644648000291e-12
sparklend_gnosis,basket_return,return_shock,0,0.35477272826350154
sparklend_gnosis,basket_return,return_shock,1,-0.016063661763374613
sparklend_gnosis,basket_return,return_shock,2,0.014585332221243877
sparklend_gnosis,basket_return,return_shock,3,-0.02191456416273422
sparklend_gnosis,basket_return,return_shock,4,0.013587576576660645
sparklend_gnosis,basket_return,return_shock,5,-0.0015365794853355716
sparklend_gnosis,basket_return,return_shock,6,0.0018377955224014135
sparklend_gnosis,basket_return,return_shock,7,-1.1960566357878211e-06
sparklend_gnosis,basket_return,return_shock,8,0.001127093593212856
sparklend_gnosis,basket_return,return_shock,9,6.549010019494823e-05
sparklend_gnosis,basket_return,return_shock,10,0.00029064864880878893
sparklend_gnosis,basket_return,return_shock,11,0.0001443752404817487
sparklend_gnosis,basket_return,return_shock,12,0.00013833423506193893
sparklend_gnosis,basket_return,return_shock,13,5.986302773209458e-05
sparklend_gnosis,basket_return,return_shock,14,5.918425908142208e-05
sparklend_gnosis,basket_return,return_shock,15,3.6233283204230436e-05
sparklend_gnosis,basket_return,return_shock,16,2.6259866081811415e-05
sparklend_gnosis,basket_return,return_shock,17,1.678625639284129e-05
sparklend_gnosis,basket_return,return_shock,18,1.2629805376058677e-05
sparklend_gnosis,basket_return,return_shock,19,8.320978183100593e-06
sparklend_gnosis,basket_return,return_shock,20,5.8226527052123436e-06
sparklend_gnosis,basket_return,return_shock,21,3.982903723242022e-06
sparklend_gnosis,basket_return,return_shock,22,2.7960026867432183e-06
sparklend_gnosis,basket_return,return_shock,23,1.9029299787992429e-06
sparklend_gnosis,basket_return,return_shock,24,1.3216960720276344e-06
sparklend_gnosis,basket_return,return_shock,25,9.113754646192488e-07
sparklend_gnosis,basket_return,return_shock,26,6.307092907060953e-07
sparklend_gnosis,basket_return,return_shock,27,4.3404220590584916e-07
sparklend_gnosis,basket_return,return_shock,28,3.0035737055884233e-07
sparklend_gnosis,basket_return,return_shock,29,2.0726961489392803e-07
sparklend_gnosis,basket_return,return_shock,30,1.4314515371657278e-07
sparklend_gnosis,basket_return,liquidation_shock,0,0.0
sparklend_gnosis,basket_return,liquidation_shock,1,-0.01527766669986778
sparklend_gnosis,basket_return,liquidation_shock,2,0.08086395927852685
sparklend_gnosis,basket_return,liquidation_shock,3,-0.06520790652616018
sparklend_gnosis,basket_return,liquidation_shock,4,-0.01571316071392709
sparklend_gnosis,basket_return,liquidation_shock,5,-0.0021387310930661573
sparklend_gnosis,basket_return,liquidation_shock,6,-0.0018758164686819778
sparklend_gnosis,basket_return,liquidation_shock,7,-0.006812039596435604
sparklend_gnosis,basket_return,liquidation_shock,8,-0.0017547333682997393
sparklend_gnosis,basket_return,liquidation_shock,9,-0.0013507932503155303
sparklend_gnosis,basket_return,liquidation_shock,10,-0.001213136819214315
sparklend_gnosis,basket_return,liquidation_shock,11,-0.0009403127526109754
sparklend_gnosis,basket_return,liquidation_shock,12,-0.00046650862747009165
sparklend_gnosis,basket_return,liquidation_shock,13,-0.00037988054492845466
sparklend_gnosis,basket_return,liquidation_shock,14,-0.00027285135765078936
sparklend_gnosis,basket_return,liquidation_shock,15,-0.0001827262303235385
sparklend_gnosis,basket_return,liquidation_shock,16,-0.00011979185268797877
sparklend_gnosis,basket_return,liquidation_shock,17,-8.779807201474547e-05
sparklend_gnosis,basket_return,liquidation_shock,18,-5.9958045332703904e-05
sparklend_gnosis,basket_return,liquidation_shock,19,-4.086787687252476e-05
sparklend_gnosis,basket_return,liquidation_shock,20,-2.822089048927178e-05
sparklend_gnosis,basket_return,liquidation_shock,21,-1.9742488347063205e-05
sparklend_gnosis,basket_return,liquidation_shock,22,-1.3516782385300849e-05
sparklend_gnosis,basket_return,liquidation_shock,23,-9.324728769517407e-06
sparklend_gnosis,basket_return,liquidation_shock,24,-6.453744942307461e-06
sparklend_gnosis,basket_return,liquidation_shock,25,-4.461990188751524e-06
sparklend_gnosis,basket_return,liquidation_shock,26,-3.0727850343582464e-06
sparklend_gnosis,basket_return,liquidation_shock,27,-2.1235815290122956e-06
sparklend_gnosis,basket_return,liquidation_shock,28,-1.4671144932472555e-06
sparklend_gnosis,basket_return,liquidation_shock,29,-1.0127684426034902e-06
sparklend_gnosis,basket_return,liquidation_shock,30,-6.989792397639895e-07
sparklend_gnosis,liquidation,return_shock,0,-0.05397821189034337
sparklend_gnosis,liquidation,return_shock,1,-0.10766437539203602
sparklend_gnosis,liquidation,return_shock,2,-0.01955960671566488
sparklend_gnosis,liquidation,return_shock,3,-0.016214180348701333
sparklend_gnosis,liquidation,return_shock,4,-0.017498859568049144
sparklend_gnosis,liquidation,return_shock,5,-0.012921506040747478
sparklend_gnosis,liquidation,return_shock,6,-0.00600398099394795
sparklend_gnosis,liquidation,return_shock,7,-0.005186613697121078
sparklend_gnosis,liquidation,return_shock,8,-0.0037670077265872324
sparklend_gnosis,liquidation,return_shock,9,-0.0024552190214961606
sparklend_gnosis,liquidation,return_shock,10,-0.0016104104182774648
sparklend_gnosis,liquidation,return_shock,11,-0.001198141432941762
sparklend_gnosis,liquidation,return_shock,12,-0.0008139551605441275
sparklend_gnosis,liquidation,return_shock,13,-0.0005517591481170665
sparklend_gnosis,liquidation,return_shock,14,-0.00038257734638126015
sparklend_gnosis,liquidation,return_shock,15,-0.0002681007220462326
sparklend_gnosis,liquidation,return_shock,16,-0.00018306308034807777
sparklend_gnosis,liquidation,return_shock,17,-0.00012629059448551017
sparklend_gnosis,liquidation,return_shock,18,-8.752088965954151e-05
sparklend_gnosis,liquidation,return_shock,19,-6.0488900642575324e-05
sparklend_gnosis,liquidation,return_shock,20,-4.163188703930251e-05
sparklend_gnosis,liquidation,return_shock,21,-2.8782261037651872e-05
sparklend_gnosis,liquidation,return_shock,22,-1.988809833925094e-05
sparklend_gnosis,liquidation,return_shock,23,-1.3725882966317388e-05
sparklend_gnosis,liquidation,return_shock,24,-9.47291702522817e-06
sparklend_gnosis,liquidation,return_shock,25,-6.544603690371441e-06
sparklend_gnosis,liquidation,return_shock,26,-4.518721282089296e-06
sparklend_gnosis,liquidation,return_shock,27,-3.119533664718794e-06
sparklend_gnosis,liquidation,return_shock,28,-2.1540291685624256e-06
sparklend_gnosis,liquidation,return_shock,29,-1.4875163179325152e-06
sparklend_gnosis,liquidation,return_shock,30,-1.0270268502644454e-06
sparklend_gnosis,liquidation,liquidation_shock,0,0.7193520835208188
sparklend_gnosis,liquidation,liquidation_shock,1,0.24035928897452769
sparklend_gnosis,liquidation,liquidation_shock,2,0.06928540707206443
sparklend_gnosis,liquidation,liquidation_shock,3,0.12030594642779575
sparklend_gnosis,liquidation,liquidation_shock,4,0.09884722205318205
sparklend_gnosis,liquidation,liquidation_shock,5,0.044639842987307124
sparklend_gnosis,liquidation,liquidation_shock,6,0.03321118154418659
sparklend_gnosis,liquidation,liquidation_shock,7,0.02741946666400419
sparklend_gnosis,liquidation,liquidation_shock,8,0.017762341166113943
sparklend_gnosis,liquidation,liquidation_shock,9,0.011267684880166919
sparklend_gnosis,liquidation,liquidation_shock,10,0.008343819642940448
sparklend_gnosis,liquidation,liquidation_shock,11,0.005849128329775901
sparklend_gnosis,liquidation,liquidation_shock,12,0.003902354709588058
sparklend_gnosis,liquidation,liquidation_shock,13,0.0026929146322427194
sparklend_gnosis,liquidation,liquidation_shock,14,0.0018966729708439101
sparklend_gnosis,liquidation,liquidation_shock,15,0.0013003965434807854
sparklend_gnosis,liquidation,liquidation_shock,16,0.0008917609087350669
sparklend_gnosis,liquidation,liquidation_shock,17,0.0006187815141612069
sparklend_gnosis,liquidation,liquidation_shock,18,0.00042833253401335043
sparklend_gnosis,liquidation,liquidation_shock,19,0.0002947003997646139
sparklend_gnosis,liquidation,liquidation_shock,20,0.00020349467051338676
sparklend_gnosis,liquidation,liquidation_shock,21,0.00014073855494969281
sparklend_gnosis,liquidation,liquidation_shock,22,9.714026963542795e-05
sparklend_gnosis,liquidation,liquidation_shock,23,6.702084419647431e-05
sparklend_gnosis,liquidation,liquidation_shock,24,4.6299453180190814e-05
sparklend_gnosis,liquidation,liquidation_shock,25,3.1975875167897825e-05
sparklend_gnosis,liquidation,liquidation_shock,26,2.2072606537070394e-05
sparklend_gnosis,liquidation,liquidation_shock,27,1.5240125122953266e-05
sparklend_gnosis,liquidation,liquidation_shock,28,1.052484898922492e-05
sparklend_gnosis,liquidation,liquidation_shock,29,7.266967373282701e-06
sparklend_gnosis,liquidation,liquidation_shock,30,5.01738722173709e-06
venus_core_pool_binance,basket_return,return_shock,0,0.5594558277106211
venus_core_pool_binance,basket_return,return_shock,1,0.15655722301331004
venus_core_pool_binance,basket_return,return_shock,2,-0.009410491451907232
venus_core_pool_binance,basket_return,return_shock,3,-0.0035537191575412113
venus_core_pool_binance,basket_return,return_shock,4,-0.007485719485687535
venus_core_pool_binance,basket_return,return_shock,5,-0.05330234887869977
venus_core_pool_binance,basket_return,return_shock,6,-0.04697262979125676
venus_core_pool_binance,basket_return,return_shock,7,0.04149485814971967
venus_core_pool_binance,basket_return,return_shock,8,-0.01767415774399612
venus_core_pool_binance,basket_return,return_shock,9,-0.02769299845623552
venus_core_pool_binance,basket_return,return_shock,10,0.018839005678266643
venus_core_pool_binance,basket_return,return_shock,11,-0.007609653928957638
venus_core_pool_binance,basket_return,return_shock,12,-0.021472945364524963
venus_core_pool_binance,basket_return,return_shock,13,0.023990832153902877
venus_core_pool_binance,basket_return,return_shock,14,0.015229410540772521
venus_core_pool_binance,basket_return,return_shock,15,-0.054402614407742404
venus_core_pool_binance,basket_return,return_shock,16,-0.05386020256065493
venus_core_pool_binance,basket_return,return_shock,17,0.04174268103687337
venus_core_pool_binance,basket_return,return_shock,18,0.015358375947413233
venus_core_pool_binance,basket_return,return_shock,19,-0.009663970662521396
venus_core_pool_binance,basket_return,return_shock,20,0.007716021463180153
venus_core_pool_binance,basket_return,return_shock,21,0.0023176809932954363
venus_core_pool_binance,basket_return,return_shock,22,0.012368989231272711
venus_core_pool_binance,basket_return,return_shock,23,0.028743177557413447
venus_core_pool_binance,basket_return,return_shock,24,0.024714686839481873
venus_core_pool_binance,basket_return,return_shock,25,0.05443249264817414
venus_core_pool_binance,basket_return,return_shock,26,0.02732388550875724
venus_core_pool_binance,basket_return,return_shock,27,0.018855314129432175
venus_core_pool_binance,basket_return,return_shock,28,-0.006828614072825061
venus_core_pool_binance,basket_return,return_shock,29,-0.02894708442758832
venus_core_pool_binance,basket_return,return_shock,30,-0.01204650532474775
venus_core_pool_binance,basket_return,liquidation_shock,0,0.0
venus_core_pool_binance,basket_return,liquidation_shock,1,-0.027001382873893788
venus_core_pool_binance,basket_return,liquidation_shock,2,0.056612104837136426
venus_core_pool_binance,basket_return,liquidation_shock,3,0.01797095457242345
venus_core_pool_binance,basket_return,liquidation_shock,4,-0.10834782009906187
venus_core_pool_binance,basket_return,liquidation_shock,5,-0.06388014087887574
venus_core_pool_binance,basket_return,liquidation_shock,6,0.045579378264436886
venus_core_pool_binance,basket_return,liquidation_shock,7,0.08094364925664875
venus_core_pool_binance,basket_return,liquidation_shock,8,0.05245866649137766
venus_core_pool_binance,basket_return,liquidation_shock,9,-0.023703218418228433
venus_core_pool_binance,basket_return,liquidation_shock,10,-0.007819156231840966
venus_core_pool_binance,basket_return,liquidation_shock,11,0.004917339485923181
venus_core_pool_binance,basket_return,liquidation_shock,12,0.07912713305336767
venus_core_pool_binance,basket_return,liquidation_shock,13,-0.024320593377809292
venus_core_pool_binance,basket_return,liquidation_shock,14,-0.037443549797678166
venus_core_pool_binance,basket_return,liquidation_shock,15,-0.00255701133126569
venus_core_pool_binance,basket_return,liquidation_shock,16,0.03967196447544742
venus_core_pool_binance,basket_return,liquidation_shock,17,-0.02797888860164297
venus_core_pool_binance,basket_return,liquidation_shock,18,-0.08091623933886158
venus_core_pool_binance,basket_return,liquidation_shock,19,-0.10082797711490998
venus_core_pool_binance,basket_return,liquidation_shock,20,-0.023741552083703557
venus_core_pool_binance,basket_return,liquidation_shock,21,0.03708655258197944
venus_core_pool_binance,basket_return,liquidation_shock,22,0.050996962988674434
venus_core_pool_binance,basket_return,liquidation_shock,23,-0.011661838787017462
venus_core_pool_binance,basket_return,liquidation_shock,24,-0.01538784658725165
venus_core_pool_binance,basket_return,liquidation_shock,25,-0.05632600065687061
venus_core_pool_binance,basket_return,liquidation_shock,26,-0.017880386101825806
venus_core_pool_binance,basket_return,liquidation_shock,27,-0.07465916068751106
venus_core_pool_binance,basket_return,liquidation_shock,28,-0.06536716282022587
venus_core_pool_binance,basket_return,liquidation_shock,29,-0.019139462973352134
venus_core_pool_binance,basket_return,liquidation_shock,30,-0.00452587691980559
venus_core_pool_binance,liquidation,return_shock,0,-0.07367618774797301
venus_core_pool_binance,liquidation,return_shock,1,-0.025522799107082092
venus_core_pool_binance,liquidation,return_shock,2,-0.02393658281181779
venus_core_pool_binance,liquidation,return_shock,3,-0.0389347528064939
venus_core_pool_binance,liquidation,return_shock,4,0.02894915111143832
venus_core_pool_binance,liquidation,return_shock,5,0.01086523774610192
venus_core_pool_binance,liquidation,return_shock,6,-0.022615873858432046
venus_core_pool_binance,liquidation,return_shock,7,-0.030964447635962428
venus_core_pool_binance,liquidation,return_shock,8,0.03564987830328802
venus_core_pool_binance,liquidation,return_shock,9,0.05014391033691459
venus_core_pool_binance,liquidation,return_shock,10,0.026994086814418224
venus_core_pool_binance,liquidation,return_shock,11,0.0826468117169363
venus_core_pool_binance,liquidation,return_shock,12,0.03636084193085221
venus_core_pool_binance,liquidation,return_shock,13,0.0064263082191035985
venus_core_pool_binance,liquidation,return_shock,14,-0.003282947466365646
venus_core_pool_binance,liquidation,return_shock,15,0.014258940343940213
venus_core_pool_binance,liquidation,return_shock,16,0.048546625302495774
venus_core_pool_binance,liquidation,return_shock,17,-0.04785477869492904
venus_core_pool_binance,liquidation,return_shock,18,-0.039917208550136654
venus_core_pool_binance,liquidation,return_shock,19,-0.025375567152944888
venus_core_pool_binance,liquidation,return_shock,20,-0.012168726216942526
venus_core_pool_binance,liquidation,return_shock,21,-0.008040822627265446
venus_core_pool_binance,liquidation,return_shock,22,0.027708436872774987
venus_core_pool_binance,liquidation,return_shock,23,0.02513458577409644
venus_core_pool_binance,liquidation,return_shock,24,-0.022503402788907747
venus_core_pool_binance,liquidation,return_shock,25,-0.006731478801925787
venus_core_pool_binance,liquidation,return_shock,26,0.04477568563531347
venus_core_pool_binance,liquidation,return_shock,27,0.0017372114964587788
venus_core_pool_binance,liquidation,return_shock,28,0.0021365839642760787
venus_core_pool_binance,liquidation,return_shock,29,0.02222036275717218
venus_core_pool_binance,liquidation,return_shock,30,0.004350865610917646
venus_core_pool_binance,liquidation,liquidation_shock,0,0.7742724446087044
venus_core_pool_binance,liquidation,liquidation_shock,1,0.20889484620395013
venus_core_pool_binance,liquidation,liquidation_shock,2,0.02065156192143194
venus_core_pool_binance,liquidation,liquidation_shock,3,0.04317797028476747
venus_core_pool_binance,liquidation,liquidation_shock,4,0.06446474048037457
venus_core_pool_binance,liquidation,liquidation_shock,5,0.1402423485132431
venus_core_pool_binance,liquidation,liquidation_shock,6,-0.022820906933656168
venus_core_pool_binance,liquidation,liquidation_shock,7,0.023289754806924794
venus_core_pool_binance,liquidation,liquidation_shock,8,-0.021049287936482173
venus_core_pool_binance,liquidation,liquidation_shock,9,-0.03546293508706537
venus_core_pool_binance,liquidation,liquidation_shock,10,0.08814424550887268
venus_core_pool_binance,liquidation,liquidation_shock,11,0.020423748776073027
venus_core_pool_binance,liquidation,liquidation_shock,12,0.015705183634583307
venus_core_pool_binance,liquidation,liquidation_shock,13,-0.04842032761586435
venus_core_pool_binance,liquidation,liquidation_shock,14,0.03977311584382731
venus_core_pool_binance,liquidation,liquidation_shock,15,-0.0687531089722805
venus_core_pool_binance,liquidation,liquidation_shock,16,0.035707593633213075
venus_core_pool_binance,liquidation,liquidation_shock,17,0.1668412951630492
venus_core_pool_binance,liquidation,liquidation_shock,18,0.12395149336319398
venus_core_pool_binance,liquidation,liquidation_shock,19,0.16422659445701104
venus_core_pool_binance,liquidation,liquidation_shock,20,-0.02312626794141725
venus_core_pool_binance,liquidation,liquidation_shock,21,-0.011647782503581122
venus_core_pool_binance,liquidation,liquidation_shock,22,-0.026495325236373803
venus_core_pool_binance,liquidation,liquidation_shock,23,0.012740432648072973
venus_core_pool_binance,liquidation,liquidation_shock,24,0.07033937091034517
venus_core_pool_binance,liquidation,liquidation_shock,25,0.09466021158264828
venus_core_pool_binance,liquidation,liquidation_shock,26,-0.03272668734133001
venus_core_pool_binance,liquidation,liquidation_shock,27,0.1439185229438306
venus_core_pool_binance,liquidation,liquidation_shock,28,0.14848568333641068
venus_core_pool_binance,liquidation,liquidation_shock,29,0.053461725076878026
venus_core_pool_binance,liquidation,liquidation_shock,30,0.0404680517059748
zerolend_base,basket_return,return_shock,0,0.3641287385609985
zerolend_base,basket_return,return_shock,1,-0.02330620543845202
zerolend_base,basket_return,return_shock,2,-0.0018315195618079812
zerolend_base,basket_return,return_shock,3,-0.0009074982323154082
zerolend_base,basket_return,return_shock,4,-0.00030676285609260406
zerolend_base,basket_return,return_shock,5,-0.00010793656201915535
zerolend_base,basket_return,return_shock,6,-3.779368940787356e-05
zerolend_base,basket_return,return_shock,7,-1.324106795933771e-05
zerolend_base,basket_return,return_shock,8,-4.638701382290945e-06
zerolend_base,basket_return,return_shock,9,-1.6250751529634877e-06
zerolend_base,basket_return,return_shock,10,-5.693116214293861e-07
zerolend_base,basket_return,return_shock,11,-1.9944662906102687e-07
zerolend_base,basket_return,return_shock,12,-6.987202750463204e-08
zerolend_base,basket_return,return_shock,13,-2.447822888264925e-08
zerolend_base,basket_return,return_shock,14,-8.575444430431141e-09
zerolend_base,basket_return,return_shock,15,-3.0042307200321707e-09
zerolend_base,basket_return,return_shock,16,-1.0524704920400808e-09
zerolend_base,basket_return,return_shock,17,-3.6871140729285327e-10
zerolend_base,basket_return,return_shock,18,-1.291704640615172e-10
zerolend_base,basket_return,return_shock,19,-4.525221746832348e-11
zerolend_base,basket_return,return_shock,20,-1.5853184399997165e-11
zerolend_base,basket_return,return_shock,21,-5.553837351644477e-12
zerolend_base,basket_return,return_shock,22,-1.9456727778002024e-12
zerolend_base,basket_return,return_shock,23,-6.816264716776121e-13
zerolend_base,basket_return,return_shock,24,-2.387938260702647e-13
zerolend_base,basket_return,return_shock,25,-8.365650945001104e-14
zerolend_base,basket_return,return_shock,26,-2.930733883923998e-14
zerolend_base,basket_return,return_shock,27,-1.0267223859624128e-14
zerolend_base,basket_return,return_shock,28,-3.596910874845185e-15
zerolend_base,basket_return,return_shock,29,-1.26010380395594e-15
zerolend_base,basket_return,return_shock,30,-4.414514709966433e-16
zerolend_base,basket_return,liquidation_shock,0,0.0
zerolend_base,basket_return,liquidation_shock,1,0.031337380814590525
zerolend_base,basket_return,liquidation_shock,2,0.00966291467907446
zerolend_base,basket_return,liquidation_shock,3,0.0034404258316392384
zerolend_base,basket_return,liquidation_shock,4,0.001202964343736481
zerolend_base,basket_return,liquidation_shock,5,0.00042153114722664873
zerolend_base,basket_return,liquidation_shock,6,0.00014767068944162036
zerolend_base,basket_return,liquidation_shock,7,5.173356270876027e-05
zerolend_base,basket_return,liquidation_shock,8,1.8123783306667233e-05
zerolend_base,basket_return,liquidation_shock,9,6.349295317112694e-06
zerolend_base,basket_return,liquidation_shock,10,2.2243451156544116e-06
zerolend_base,basket_return,liquidation_shock,11,7.792535987100145e-07
zerolend_base,basket_return,liquidation_shock,12,2.7299548364336525e-07
zerolend_base,basket_return,liquidation_shock,13,9.56383572945709e-08
zerolend_base,basket_return,liquidation_shock,14,3.350493298948685e-08
zerolend_base,basket_return,liquidation_shock,15,1.1737764704321281e-08
zerolend_base,basket_return,liquidation_shock,16,4.112084638319369e-09
zerolend_base,basket_return,liquidation_shock,17,1.4405843445198118e-09
zerolend_base,basket_return,liquidation_shock,18,5.046791192809082e-10
zerolend_base,basket_return,liquidation_shock,19,1.768039576489028e-10
zerolend_base,basket_return,liquidation_shock,20,6.193963301841238e-11
zerolend_base,basket_return,liquidation_shock,21,2.169927749057606e-11
zerolend_base,basket_return,liquidation_shock,22,7.601895921357043e-12
zerolend_base,basket_return,liquidation_shock,23,2.66316800751741e-12
zerolend_base,basket_return,liquidation_shock,24,9.329861799789217e-13
zerolend_base,basket_return,liquidation_shock,25,3.2685253411522527e-13
zerolend_base,basket_return,liquidation_shock,26,1.145060680962692e-13
zerolend_base,basket_return,liquidation_shock,27,4.011484771369464e-14
zerolend_base,basket_return,liquidation_shock,28,1.405341248587805e-14
zerolend_base,basket_return,liquidation_shock,29,4.9233242491111326e-15
zerolend_base,basket_return,liquidation_shock,30,1.7247854701655578e-15
zerolend_base,liquidation,return_shock,0,-0.0342125723117985
zerolend_base,liquidation,return_shock,1,-0.07669176905541816
zerolend_base,liquidation,return_shock,2,-0.0241511276433805
zerolend_base,liquidation,return_shock,3,-0.008574875340853716
zerolend_base,liquidation,return_shock,4,-0.0029992448032114156
zerolend_base,liquidation,return_shock,5,-0.0010509247101074168
zerolend_base,liquidation,return_shock,6,-0.0003681614395779903
zerolend_base,liquidation,return_shock,7,-0.0001289781482536998
zerolend_base,liquidation,return_shock,8,-4.518482871374029e-05
zerolend_base,liquidation,return_shock,9,-1.582957675870456e-05
zerolend_base,liquidation,return_shock,10,-5.545566873491864e-06
zerolend_base,liquidation,return_shock,11,-1.94277538684769e-06
zerolend_base,liquidation,return_shock,12,-6.806114302562743e-07
zerolend_base,liquidation,return_shock,13,-2.384382271706155e-07
zerolend_base,liquidation,return_shock,14,-8.35319326834426e-08
zerolend_base,liquidation,return_shock,15,-2.9263695929285513e-08
zerolend_base,liquidation,return_shock,16,-1.0251934463038168e-08
zerolend_base,liquidation,return_shock,17,-3.5915545489676445e-09
zerolend_base,liquidation,return_shock,18,-1.2582273252639826e-09
zerolend_base,liquidation,return_shock,19,-4.4079408525091514e-10
zerolend_base,liquidation,return_shock,20,-1.54423148894359e-10
zerolend_base,liquidation,return_shock,21,-5.409897662504958e-11
zerolend_base,liquidation,return_shock,22,-1.895246465851968e-11
zerolend_base,liquidation,return_shock,23,-6.639606496107324e-12
zerolend_base,liquidation,return_shock,24,-2.326049683640136e-12
zerolend_base,liquidation,return_shock,25,-8.148837034144205e-13
zerolend_base,liquidation,return_shock,26,-2.854777586054065e-13
zerolend_base,liquidation,return_shock,27,-1.0001126580012122e-13
zerolend_base,liquidation,return_shock,28,-3.5036891615671636e-14
zerolend_base,liquidation,return_shock,29,-1.2274454925325353e-14
zerolend_base,liquidation,return_shock,30,-4.300103027588617e-15
zerolend_base,liquidation,liquidation_shock,0,0.7438341903225568
zerolend_base,liquidation,liquidation_shock,1,0.2740270904109459
zerolend_base,liquidation,liquidation_shock,2,0.09543556713853087
zerolend_base,liquidation,liquidation_shock,3,0.033457573511654584
zerolend_base,liquidation,liquidation_shock,4,0.011720179073262948
zerolend_base,liquidation,liquidation_shock,5,0.00410596560927047
zerolend_base,liquidation,liquidation_shock,6,0.0014384389164621572
zerolend_base,liquidation,liquidation_shock,7,0.0005039275861976217
zerolend_base,liquidation,liquidation_shock,8,0.00017654067039080433
zerolend_base,liquidation,liquidation_shock,9,6.184739586802284e-05
zerolend_base,liquidation,liquidation_shock,10,2.166696409508621e-05
zerolend_base,liquidation,liquidation_shock,11,7.590575587556505e-06
zerolend_base,liquidation,liquidation_shock,12,2.6592021612079135e-06
zerolend_base,liquidation,liquidation_shock,13,9.315968272279256e-07
zerolend_base,liquidation,liquidation_shock,14,3.2636580293184476e-07
zerolend_base,liquidation,liquidation_shock,15,1.1433555182911108e-07
zerolend_base,liquidation,liquidation_shock,16,4.005511084381968e-08
zerolend_base,liquidation,liquidation_shock,17,1.4032484901185226e-08
zerolend_base,liquidation,liquidation_shock,18,4.91599269990221e-09
zerolend_base,liquidation,liquidation_shock,19,1.7222170125727763e-09
zerolend_base,liquidation,liquidation_shock,20,6.033433366274323e-10
zerolend_base,liquidation,liquidation_shock,21,2.1136893852239802e-10
zerolend_base,liquidation,liquidation_shock,22,7.404876371357598e-11
zerolend_base,liquidation,liquidation_shock,23,2.5941462571748548e-11
zerolend_base,liquidation,liquidation_shock,24,9.088058282302576e-12
zerolend_base,liquidation,liquidation_shock,25,3.1838144481674614e-12
zerolend_base,liquidation,liquidation_shock,26,1.115383960520951e-12
zerolend_base,liquidation,liquidation_shock,27,3.9075184802414283e-13
zerolend_base,liquidation,liquidation_shock,28,1.3689187951292474e-13
zerolend_base,liquidation,liquidation_shock,29,4.795725668691726e-14
zerolend_base,liquidation,liquidation_shock,30,1.6800839298270607e-14
zerolend_ethereum,basket_return,return_shock,0,0.49443466111733253
zerolend_ethereum,basket_return,return_shock,1,0.12076762052530335
zerolend_ethereum,basket_return,return_shock,2,0.026987001168419504
zerolend_ethereum,basket_return,return_shock,3,0.006577724925947327
zerolend_ethereum,basket_return,return_shock,4,0.0013626365110751926
zerolend_ethereum,basket_return,return_shock,5,0.00032806430529843685
zerolend_ethereum,basket_return,return_shock,6,4.253035542794781e-05
zerolend_ethereum,basket_return,return_shock,7,1.9477739905212125e-06
zerolend_ethereum,basket_return,return_shock,8,-9.300043873137896e-06
zerolend_ethereum,basket_return,return_shock,9,-6.8268899149288295e-06
zerolend_ethereum,basket_return,return_shock,10,-5.105371505228534e-06
zerolend_ethereum,basket_return,return_shock,11,-3.255777006634735e-06
zerolend_ethereum,basket_return,return_shock,12,-2.141183358517655e-06
zerolend_ethereum,basket_return,return_shock,13,-1.3621395493773452e-06
zerolend_ethereum,basket_return,return_shock,14,-8.763986868107324e-07
zerolend_ethereum,basket_return,return_shock,15,-5.592572457508104e-07
zerolend_ethereum,basket_return,return_shock,16,-3.581441694067094e-07
zerolend_ethereum,basket_return,return_shock,17,-2.2885547627931578e-07
zerolend_ethereum,basket_return,return_shock,18,-1.4639199897766305e-07
zerolend_ethereum,basket_return,return_shock,19,-9.358718923568753e-08
zerolend_ethereum,basket_return,return_shock,20,-5.984741538138503e-08
zerolend_ethereum,basket_return,return_shock,21,-3.8265136144737856e-08
zerolend_ethereum,basket_return,return_shock,22,-2.446797295670407e-08
zerolend_ethereum,basket_return,return_shock,23,-1.5644903251647385e-08
zerolend_ethereum,basket_return,return_shock,24,-1.00036427743759e-08
zerolend_ethereum,basket_return,return_shock,25,-6.396433876812529e-09
zerolend_ethereum,basket_return,return_shock,26,-4.089974334875884e-09
zerolend_ethereum,basket_return,return_shock,27,-2.6151806469862806e-09
zerolend_ethereum,basket_return,return_shock,28,-1.6721823220070641e-09
zerolend_ethereum,basket_return,return_shock,29,-1.0692152023467663e-09
zerolend_ethereum,basket_return,return_shock,30,-6.836705201123661e-10
zerolend_ethereum,basket_return,liquidation_shock,0,0.0
zerolend_ethereum,basket_return,liquidation_shock,1,-0.011137202446237567
zerolend_ethereum,basket_return,liquidation_shock,2,0.0016133121490945678
zerolend_ethereum,basket_return,liquidation_shock,3,-0.0007336434727592979
zerolend_ethereum,basket_return,liquidation_shock,4,0.00040775087384100326
zerolend_ethereum,basket_return,liquidation_shock,5,2.8588840534548394e-05
zerolend_ethereum,basket_return,liquidation_shock,6,0.00011209137004072482
zerolend_ethereum,basket_return,liquidation_shock,7,4.341817194685038e-05
zerolend_ethereum,basket_return,liquidation_shock,8,3.8160055423021465e-05
zerolend_ethereum,basket_return,liquidation_shock,9,2.106883006814309e-05
zerolend_ethereum,basket_return,liquidation_shock,10,1.4645262457758678e-05
zerolend_ethereum,basket_return,liquidation_shock,11,8.977155528762814e-06
zerolend_ethereum,basket_return,liquidation_shock,12,5.873756836228211e-06
zerolend_ethereum,basket_return,liquidation_shock,13,3.711040647248003e-06
zerolend_ethereum,basket_return,liquidation_shock,14,2.3881735291499298e-06
zerolend_ethereum,basket_return,liquidation_shock,15,1.5218814627381692e-06
zerolend_ethereum,basket_return,liquidation_shock,16,9.748629375439083e-07
zerolend_ethereum,basket_return,liquidation_shock,17,6.227484102866103e-07
zerolend_ethereum,basket_return,liquidation_shock,18,3.9839455412296236e-07
zerolend_ethereum,basket_return,liquidation_shock,19,2.546707646814867e-07
zerolend_ethereum,basket_return,liquidation_shock,20,1.6286293122483572e-07
zerolend_ethereum,basket_return,liquidation_shock,21,1.0412891004554395e-07
zerolend_ethereum,basket_return,liquidation_shock,22,6.658405496974782e-08
zerolend_ethereum,basket_return,liquidation_shock,23,4.2573831756097095e-08
zerolend_ethereum,basket_return,liquidation_shock,24,2.7222577144448574e-08
zerolend_ethereum,basket_return,liquidation_shock,25,1.7406374211957558e-08
zerolend_ethereum,basket_return,liquidation_shock,26,1.1129901634161229e-08
zerolend_ethereum,basket_return,liquidation_shock,27,7.116595025506114e-09
zerolend_ethereum,basket_return,liquidation_shock,28,4.550449336634855e-09
zerolend_ethereum,basket_return,liquidation_shock,29,2.909616353713587e-09
zerolend_ethereum,basket_return,liquidation_shock,30,1.8604477807729316e-09
zerolend_ethereum,liquidation,return_shock,0,-0.07350746604426736
zerolend_ethereum,liquidation,return_shock,1,-0.05225807013822645
zerolend_ethereum,liquidation,return_shock,2,-0.08188994839666613
zerolend_ethereum,liquidation,return_shock,3,-0.047870148815708946
zerolend_ethereum,liquidation,return_shock,4,-0.03491456911386263
zerolend_ethereum,liquidation,return_shock,5,-0.021514958394040523
zerolend_ethereum,liquidation,return_shock,6,-0.014182734267900883
zerolend_ethereum,liquidation,return_shock,7,-0.008959644028427681
zerolend_ethereum,liquidation,return_shock,8,-0.005774073757301428
zerolend_ethereum,liquidation,return_shock,9,-0.0036786363070363186
zerolend_ethereum,liquidation,return_shock,10,-0.002357151148170654
zerolend_ethereum,liquidation,return_shock,11,-0.0015056098223178785
zerolend_ethereum,liquidation,return_shock,12,-0.0009632679392240732
zerolend_ethereum,liquidation,return_shock,13,-0.0006157418739394174
zerolend_ethereum,liquidation,return_shock,14,-0.0003937773455985943
zerolend_ethereum,liquidation,return_shock,15,-0.0002517651458510429
zerolend_ethereum,liquidation,return_shock,16,-0.0001609892712247062
zerolend_ethereum,liquidation,return_shock,17,-0.00010293622200088038
zerolend_ethereum,liquidation,return_shock,18,-6.581962260592518e-05
zerolend_ethereum,liquidation,return_shock,19,-4.208565812228786e-05
zerolend_ethereum,liquidation,return_shock,20,-2.6910224346727415e-05
zerolend_ethereum,liquidation,return_shock,21,-1.720672223474645e-05
zerolend_ethereum,liquidation,return_shock,22,-1.1002217612619926e-05
zerolend_ethereum,liquidation,return_shock,23,-7.0349602665488495e-06
zerolend_ethereum,liquidation,return_shock,24,-4.498248244060379e-06
zerolend_ethereum,liquidation,return_shock,25,-2.876239212083975e-06
zerolend_ethereum,liquidation,return_shock,26,-1.8391056782688016e-06
zerolend_ethereum,liquidation,return_shock,27,-1.1759485350375653e-06
zerolend_ethereum,liquidation,return_shock,28,-7.519171202527345e-07
zerolend_ethereum,liquidation,return_shock,29,-4.807857824830797e-07
zerolend_ethereum,liquidation,return_shock,30,-3.0742081349264735e-07
zerolend_ethereum,liquidation,liquidation_shock,0,0.8556848395035592
zerolend_ethereum,liquidation,liquidation_shock,1,0.2536387751497821
zerolend_ethereum,liquidation,liquidation_shock,2,0.26377489157234035
zerolend_ethereum,liquidation,liquidation_shock,3,0.13475048510369222
zerolend_ethereum,liquidation,liquidation_shock,4,0.09777193384259848
zerolend_ethereum,liquidation,liquidation_shock,5,0.05861040083467622
zerolend_ethereum,liquidation,liquidation_shock,6,0.03880643380476786
zerolend_ethereum,liquidation,liquidation_shock,7,0.024364145750794226
zerolend_ethereum,liquidation,liquidation_shock,8,0.01573132528961302
zerolend_ethereum,liquidation,liquidation_shock,9,0.010007203759160515
zerolend_ethereum,liquidation,liquidation_shock,10,0.006416247740323127
zerolend_ethereum,liquidation,liquidation_shock,11,0.004096705631291156
zerolend_ethereum,liquidation,liquidation_shock,12,0.002621497827719237
zerolend_ethereum,liquidation,liquidation_shock,13,0.0016755397141681825
zerolend_ethereum,liquidation,liquidation_shock,14,0.0010715930797501488
zerolend_ethereum,liquidation,liquidation_shock,15,0.000685112665996458
zerolend_ethereum,liquidation,liquidation_shock,16,0.0004380966256357904
zerolend_ethereum,liquidation,liquidation_shock,17,0.00028011582181571406
zerolend_ethereum,liquidation,liquidation_shock,18,0.00017911281665196845
zerolend_ethereum,liquidation,liquidation_shock,19,0.00011452608197344896
zerolend_ethereum,liquidation,liquidation_shock,20,7.322984635226673e-05
zerolend_ethereum,liquidation,liquidation_shock,21,4.6824017518704245e-05
zerolend_ethereum,liquidation,liquidation_shock,22,2.9939938473424676e-05
zerolend_ethereum,liquidation,liquidation_shock,23,1.914398051439662e-05
zerolend_ethereum,liquidation,liquidation_shock,24,1.2240919874668075e-05
zerolend_ethereum,liquidation,liquidation_shock,25,7.827005101634975e-06
zerolend_ethereum,liquidation,liquidation_shock,26,5.004691491360042e-06
zerolend_ethereum,liquidation,liquidation_shock,27,3.200065995957131e-06
zerolend_ethereum,liquidation,liquidation_shock,28,2.0461647382595137e-06
zerolend_ethereum,liquidation,liquidation_shock,29,1.3083448751899241e-06
zerolend_ethereum,liquidation,liquidation_shock,30,8.36573087981978e-07
zerolend_linea,basket_return,return_shock,0,0.30422839971667737
zerolend_linea,basket_return,return_shock,1,-0.014051720974384178
zerolend_linea,basket_return,return_shock,2,0.00810177902542673
zerolend_linea,basket_return,return_shock,3,-0.0028613259639782857
zerolend_linea,basket_return,return_shock,4,-0.0005054605051640428
zerolend_linea,basket_return,return_shock,5,-0.0006565733232876741
zerolend_linea,basket_return,return_shock,6,-0.0002682078015831178
zerolend_linea,basket_return,return_shock,7,-0.00017139441927972
zerolend_linea,basket_return,return_shock,8,-8.412390436296054e-05
zerolend_linea,basket_return,return_shock,9,-4.7444423496262555e-05
zerolend_linea,basket_return,return_shock,10,-2.465734820212453e-05
zerolend_linea,basket_return,return_shock,11,-1.3423691390593814e-05
zerolend_linea,basket_return,return_shock,12,-7.11117955922274e-06
zerolend_linea,basket_return,return_shock,13,-3.827418578554876e-06
zerolend_linea,basket_return,return_shock,14,-2.0408755661014452e-06
zerolend_linea,basket_return,return_shock,15,-1.094214337458175e-06
zerolend_linea,basket_return,return_shock,16,-5.847787474192703e-07
zerolend_linea,basket_return,return_shock,17,-3.1311303788803006e-07
zerolend_linea,basket_return,return_shock,18,-1.6746663841091798e-07
zerolend_linea,basket_return,return_shock,19,-8.962703716553811e-08
zerolend_linea,basket_return,return_shock,20,-4.794938198786685e-08
zerolend_linea,basket_return,return_shock,21,-2.565813247403027e-08
zerolend_linea,basket_return,return_shock,22,-1.3728067633837804e-08
zerolend_linea,basket_return,return_shock,23,-7.345606921876561e-09
zerolend_linea,basket_return,return_shock,24,-3.930302879767188e-09
zerolend_linea,basket_return,return_shock,25,-2.1029845401961254e-09
zerolend_linea,basket_return,return_shock,26,-1.1252246696858811e-09
zerolend_linea,basket_return,return_shock,27,-6.020692756259654e-10
zerolend_linea,basket_return,return_shock,28,-3.221449299642185e-10
zerolend_linea,basket_return,return_shock,29,-1.723683555630301e-10
zerolend_linea,basket_return,return_shock,30,-9.222803410434349e-11
zerolend_linea,basket_return,liquidation_shock,0,0.0
zerolend_linea,basket_return,liquidation_shock,1,0.012732169127122798
zerolend_linea,basket_return,liquidation_shock,2,0.019902165132804656
zerolend_linea,basket_return,liquidation_shock,3,0.0068183593433549005
zerolend_linea,basket_return,liquidation_shock,4,0.0053871773437388195
zerolend_linea,basket_return,liquidation_shock,5,0.00234090087074536
zerolend_linea,basket_return,liquidation_shock,6,0.001439620036417209
zerolend_linea,basket_return,liquidation_shock,7,0.0007114878170260799
zerolend_linea,basket_return,liquidation_shock,8,0.0003997152644045768
zerolend_linea,basket_return,liquidation_shock,9,0.00020788610841876697
zerolend_linea,basket_return,liquidation_shock,10,0.00011313258166112369
zerolend_linea,basket_return,liquidation_shock,11,5.993512068343426e-05
zerolend_linea,basket_return,liquidation_shock,12,3.225781412305908e-05
zerolend_linea,basket_return,liquidation_shock,13,1.7200615331146593e-05
zerolend_linea,basket_return,liquidation_shock,14,9.222129568600273e-06
zerolend_linea,basket_return,liquidation_shock,15,4.928545129098854e-06
zerolend_linea,basket_return,liquidation_shock,16,2.6389389791965518e-06
zerolend_linea,basket_return,liquidation_shock,17,1.4114184588463881e-06
zerolend_linea,basket_return,liquidation_shock,18,7.553825593074164e-07
zerolend_linea,basket_return,liquidation_shock,19,4.0412030122777375e-07
zerolend_linea,basket_return,liquidation_shock,20,2.1624837399342498e-07
zerolend_linea,basket_return,liquidation_shock,21,1.1570100364926465e-07
zerolend_linea,basket_return,liquidation_shock,22,6.190923743863959e-08
zerolend_linea,basket_return,liquidation_shock,23,3.312483760062764e-08
zerolend_linea,basket_return,liquidation_shock,24,1.772408552339784e-08
zerolend_linea,basket_return,liquidation_shock,25,9.483463806357659e-09
zerolend_linea,basket_return,liquidation_shock,26,5.074277540654287e-09
zerolend_linea,basket_return,liquidation_shock,27,2.7150576100959065e-09
zerolend_linea,basket_return,liquidation_shock,28,1.4527312845834236e-09
zerolend_linea,basket_return,liquidation_shock,29,7.773036391409865e-10
zerolend_linea,basket_return,liquidation_shock,30,4.1590735421907834e-10
zerolend_linea,liquidation,return_shock,0,-0.050566050198219116
zerolend_linea,liquidation,return_shock,1,-0.06990131283938857
zerolend_linea,liquidation,return_shock,2,-0.02413046965385623
zerolend_linea,liquidation,return_shock,3,-0.018926188567454708
zerolend_linea,liquidation,return_shock,4,-0.008228818440339979
zerolend_linea,liquidation,return_shock,5,-0.005057759645311162
zerolend_linea,liquidation,return_shock,6,-0.0024996469040631315
zerolend_linea,liquidation,return_shock,7,-0.0014042798394503465
zerolend_linea,liquidation,return_shock,8,-0.0007303295132631667
zerolend_linea,liquidation,return_shock,9,-0.0003974532707140291
zerolend_linea,liquidation,return_shock,10,-0.0002105597217004533
zerolend_linea,liquidation,return_shock,11,-0.00011332648746811
zerolend_linea,liquidation,return_shock,12,-6.042807998366275e-05
zerolend_linea,liquidation,return_shock,13,-3.2398657695939855e-05
zerolend_linea,liquidation,return_shock,14,-1.731465879588745e-05
zerolend_linea,liquidation,return_shock,15,-9.270964103826732e-06
zerolend_linea,liquidation,return_shock,16,-4.958509342741701e-06
zerolend_linea,liquidation,return_shock,17,-2.6537647372926484e-06
zerolend_linea,liquidation,return_shock,18,-1.419730986833207e-06
zerolend_linea,liquidation,return_shock,19,-7.597107756246757e-07
zerolend_linea,liquidation,return_shock,20,-4.064737807297077e-07
zerolend_linea,liquidation,return_shock,21,-2.174958026598452e-07
zerolend_linea,liquidation,return_shock,22,-1.1637218121664114e-07
zerolend_linea,liquidation,return_shock,23,-6.226718879333972e-08
zerolend_linea,liquidation,return_shock,24,-3.3316733119531864e-08
zerolend_linea,liquidation,return_shock,25,-1.7826645910648507e-08
zerolend_linea,liquidation,return_shock,26,-9.538376673116984e-09
zerolend_linea,liquidation,return_shock,27,-5.103647953949887e-09
zerolend_linea,liquidation,return_shock,28,-2.730776273854147e-09
zerolend_linea,liquidation,return_shock,29,-1.4611406384629732e-09
zerolend_linea,liquidation,return_shock,30,-7.818035392726439e-10
zerolend_linea,liquidation,liquidation_shock,0,0.7342758697468128
zerolend_linea,liquidation,liquidation_shock,1,0.18888733799041885
zerolend_linea,liquidation,liquidation_shock,2,0.16421312861132964
zerolend_linea,liquidation,liquidation_shock,3,0.06884933545997446
zerolend_linea,liquidation,liquidation_shock,4,0.0427837844741281
zerolend_linea,liquidation,liquidation_shock,5,0.0210484620632819
zerolend_linea,liquidation,liquidation_shock,6,0.011840993415300682
zerolend_linea,liquidation,liquidation_shock,7,0.00615444917452846
zerolend_linea,liquidation,liquidation_shock,8,0.0033500028476559506
zerolend_linea,liquidation,liquidation_shock,9,0.0017745645593870826
zerolend_linea,liquidation,liquidation_shock,10,0.0009551365414839624
zerolend_linea,liquidation,liquidation_shock,11,0.0005092882385765238
zerolend_linea,liquidation,liquidation_shock,12,0.0002730589568526774
zerolend_linea,liquidation,liquidation_shock,13,0.00014592872889502155
zerolend_linea,liquidation,liquidation_shock,14,7.813635822097197e-05
zerolend_linea,liquidation,liquidation_shock,15,4.179059859699402e-05
zerolend_linea,liquidation,liquidation_shock,16,2.236610405237071e-05
zerolend_linea,liquidation,liquidation_shock,17,1.1965578798385666e-05
zerolend_linea,liquidation,liquidation_shock,18,6.402890801162935e-06
zerolend_linea,liquidation,liquidation_shock,19,3.425786175962218e-06
zerolend_linea,liquidation,liquidation_shock,20,1.8330683139720732e-06
zerolend_linea,liquidation,liquidation_shock,21,9.807919951638916e-07
zerolend_linea,liquidation,liquidation_shock,22,5.247917702233009e-07
zerolend_linea,liquidation,liquidation_shock,23,2.8079550793463996e-07
zerolend_linea,liquidation,liquidation_shock,24,1.502440875737859e-07
zerolend_linea,liquidation,liquidation_shock,25,8.039003493454316e-08
zerolend_linea,liquidation,liquidation_shock,26,4.301386425638107e-08
zerolend_linea,liquidation,liquidation_shock,27,2.3015153211785478e-08
zerolend_linea,liquidation,liquidation_shock,28,1.2314584699081695e-08
zerolend_linea,liquidation,liquidation_shock,29,6.58908912585509e-09
zerolend_linea,liquidation,liquidation_shock,30,3.5255847840843155e-09
zerolend_zksync,basket_return,return_shock,0,0.34781337817732577
zerolend_zksync,basket_return,return_shock,1,-0.026154579892133056
zerolend_zksync,basket_return,return_shock,2,0.004625120745645689
zerolend_zksync,basket_return,return_shock,3,1.9952609971051955e-05
zerolend_zksync,basket_return,return_shock,4,0.00011237640492920057
zerolend_zksync,basket_return,return_shock,5,1.6018592969469023e-05
zerolend_zksync,basket_return,return_shock,6,4.879291610043345e-06
zerolend_zksync,basket_return,return_shock,7,1.0546258089151245e-06
zerolend_zksync,basket_return,return_shock,8,2.615329461282779e-07
zerolend_zksync,basket_return,return_shock,9,6.117427655296338e-08
zerolend_zksync,basket_return,return_shock,10,1.4660990579568432e-08
zerolend_zksync,basket_return,return_shock,11,3.4779860514348294e-09
zerolend_zksync,basket_return,return_shock,12,8.285992446216946e-10
zerolend_zksync,basket_return,return_shock,13,1.9705410774352875e-10
zerolend_zksync,basket_return,return_shock,14,4.6897653798338986e-11
zerolend_zksync,basket_return,return_shock,15,1.1157857727508464e-11
zerolend_zksync,basket_return,return_shock,16,2.655017687122473e-12
zerolend_zksync,basket_return,return_shock,17,6.317281068921993e-13
zerolend_zksync,basket_return,return_shock,18,1.503152182326186e-13
zerolend_zksync,basket_return,return_shock,19,3.576609532542699e-14
zerolend_zksync,basket_return,return_shock,20,8.510240920129057e-15
zerolend_zksync,basket_return,return_shock,21,2.0249366863094822e-15
zerolend_zksync,basket_return,return_shock,22,4.818161451259942e-16
zerolend_zksync,basket_return,return_shock,23,1.146439445560086e-16
zerolend_zksync,basket_return,return_shock,24,2.7278528916065192e-17
zerolend_zksync,basket_return,return_shock,25,6.49068822801557e-18
zerolend_zksync,basket_return,return_shock,26,1.5444027320883564e-18
zerolend_zksync,basket_return,return_shock,27,3.6747717552844285e-19
zerolend_zksync,basket_return,return_shock,28,8.743799285050626e-20
zerolend_zksync,basket_return,return_shock,29,2.0805108699852425e-20
zerolend_zksync,basket_return,return_shock,30,4.950394378796828e-21
zerolend_zksync,basket_return,liquidation_shock,0,0.0
zerolend_zksync,basket_return,liquidation_shock,1,-0.02539246799978283
zerolend_zksync,basket_return,liquidation_shock,2,-0.0035126947075022727
zerolend_zksync,basket_return,liquidation_shock,3,-0.0010877387546157447
zerolend_zksync,basket_return,liquidation_shock,4,-0.00023372505573575678
zerolend_zksync,basket_return,liquidation_shock,5,-5.811222485244374e-05
zerolend_zksync,basket_return,liquidation_shock,6,-1.3578346047139697e-05
zerolend_zksync,basket_return,liquidation_shock,7,-3.255646035209415e-06
zerolend_zksync,basket_return,liquidation_shock,8,-7.721827156377292e-07
zerolend_zksync,basket_return,liquidation_shock,9,-1.8398016522635299e-07
zerolend_zksync,basket_return,liquidation_shock,10,-4.3751973288331036e-08
zerolend_zksync,basket_return,liquidation_shock,11,-1.0412841671856374e-08
zerolend_zksync,basket_return,liquidation_shock,12,-2.4774018551878004e-09
zerolend_zksync,basket_return,liquidation_shock,13,-5.895004055733972e-10
zerolend_zksync,basket_return,liquidation_shock,14,-1.4026407428937756e-10
zerolend_zksync,basket_return,liquidation_shock,15,-3.3374854854117634e-11
zerolend_zksync,basket_return,liquidation_shock,16,-7.941232048175407e-12
zerolend_zksync,basket_return,liquidation_shock,17,-1.889549371774013e-12
zerolend_zksync,basket_return,liquidation_shock,18,-4.496015753754977e-13
zerolend_zksync,basket_return,liquidation_shock,19,-1.069788019420635e-13
zerolend_zksync,basket_return,liquidation_shock,20,-2.5454671653799136e-14
zerolend_zksync,basket_return,liquidation_shock,21,-6.05671761408929e-15
zerolend_zksync,basket_return,liquidation_shock,22,-1.441143171671981e-15
zerolend_zksync,basket_return,liquidation_shock,23,-3.4290746595155203e-16
zerolend_zksync,basket_return,liquidation_shock,24,-8.159184415842948e-17
zerolend_zksync,basket_return,liquidation_shock,25,-1.941406857834068e-17
zerolend_zksync,basket_return,liquidation_shock,26,-4.619408496229961e-18
zerolend_zksync,basket_return,liquidation_shock,27,-1.0991480113509822e-18
zerolend_zksync,basket_return,liquidation_shock,28,-2.6153269438837666e-19
zerolend_zksync,basket_return,liquidation_shock,29,-6.222942637037553e-20
zerolend_zksync,basket_return,liquidation_shock,30,-1.4806949912100308e-20
zerolend_zksync,liquidation,return_shock,0,-0.043710704626009386
zerolend_zksync,liquidation,return_shock,1,-0.07918965533680465
zerolend_zksync,liquidation,return_shock,2,-0.011990739181063484
zerolend_zksync,liquidation,return_shock,3,-0.0035355618110136638
zerolend_zksync,liquidation,return_shock,4,-0.0007732785854069106
zerolend_zksync,liquidation,return_shock,5,-0.00019076582054139668
zerolend_zksync,liquidation,return_shock,6,-4.471664662578764e-05
zerolend_zksync,liquidation,return_shock,7,-1.0707112126290121e-05
zerolend_zksync,liquidation,return_shock,8,-2.54097301996148e-06
zerolend_zksync,liquidation,return_shock,9,-6.052688574507238e-07
zerolend_zksync,liquidation,return_shock,10,-1.4395206891065865e-07
zerolend_zksync,liquidation,return_shock,11,-3.425875290570746e-08
zerolend_zksync,liquidation,return_shock,12,-8.150913219526044e-09
zerolend_zksync,liquidation,return_shock,13,-1.9395043963780143e-09
zerolend_zksync,liquidation,return_shock,14,-4.61481641624631e-10
zerolend_zksync,liquidation,return_shock,15,-1.0980618739932622e-10
zerolend_zksync,liquidation,return_shock,16,-2.6127360922785552e-11
zerolend_zksync,liquidation,return_shock,17,-6.216784388122623e-12
zerolend_zksync,liquidation,return_shock,18,-1.4792290463969925e-12
zerolend_zksync,liquidation,return_shock,19,-3.5196972980267264e-13
zerolend_zksync,liquidation,return_shock,20,-8.374812474968383e-14
zerolend_zksync,liquidation,return_shock,21,-1.9927137373726604e-14
zerolend_zksync,liquidation,return_shock,22,-4.7414886856456715e-15
zerolend_zksync,liquidation,return_shock,23,-1.1281959350348907e-15
zerolend_zksync,liquidation,return_shock,24,-2.684443941816651e-16
zerolend_zksync,liquidation,return_shock,25,-6.38740051873277e-17
zerolend_zksync,liquidation,return_shock,26,-1.5198263109346865e-17
zerolend_zksync,liquidation,return_shock,27,-3.616294312496117e-18
zerolend_zksync,liquidation,return_shock,28,-8.604657293612099e-19
zerolend_zksync,liquidation,return_shock,29,-2.047403246251618e-19
zerolend_zksync,liquidation,return_shock,30,-4.871617671159033e-20
zerolend_zksync,liquidation,liquidation_shock,0,0.7878073549724864
zerolend_zksync,liquidation,liquidation_shock,1,0.1714142119091351
zerolend_zksync,liquidation,liquidation_shock,2,0.04238395537037754
zerolend_zksync,liquidation,liquidation_shock,3,0.009925779946743306
zerolend_zksync,liquidation,liquidation_shock,4,0.0023776013570189036
zerolend_zksync,liquidation,liquidation_shock,5,0.0005641509397338989
zerolend_zksync,liquidation,liquidation_shock,6,0.0001343920375970672
zerolend_zksync,liquidation,liquidation_shock,7,3.1961753116589404e-05
zerolend_zksync,liquidation,liquidation_shock,8,7.606580697421069e-06
zerolend_zksync,liquidation,liquidation_shock,9,1.809764233608208e-06
zerolend_zksync,liquidation,liquidation_shock,10,4.3063311093383497e-07
zerolend_zksync,liquidation,liquidation_shock,11,1.0246385585394255e-07
zerolend_zksync,liquidation,liquidation_shock,12,2.438053546596595e-08
zerolend_zksync,liquidation,liquidation_shock,13,5.801120736424825e-09
zerolend_zksync,liquidation,liquidation_shock,14,1.3803276679321834e-09
zerolend_zksync,liquidation,liquidation_shock,15,3.2843679254818574e-10
zerolend_zksync,liquidation,liquidation_shock,16,7.81486888244971e-11
zerolend_zksync,liquidation,liquidation_shock,17,1.8594798232120484e-11
zerolend_zksync,liquidation,liquidation_shock,18,4.424470406414948e-12
zerolend_zksync,liquidation,liquidation_shock,19,1.0527641758581577e-12
zerolend_zksync,liquidation,liquidation_shock,20,2.504960663018403e-13
zerolend_zksync,liquidation,liquidation_shock,21,5.960335670892416e-14
zerolend_zksync,liquidation,liquidation_shock,22,1.4182099527341589e-14
zerolend_zksync,liquidation,liquidation_shock,23,3.3745070380636496e-15
zerolend_zksync,liquidation,liquidation_shock,24,8.029345538737142e-16
zerolend_zksync,liquidation,liquidation_shock,25,1.9105128256230636e-16
zerolend_zksync,liquidation,liquidation_shock,26,4.545898840267873e-17
zerolend_zksync,liquidation,liquidation_shock,27,1.0816570288279808e-17
zerolend_zksync,liquidation,liquidation_shock,28,2.5737086748860347e-18
zerolend_zksync,liquidation,liquidation_shock,29,6.123915591163266e-19
zerolend_zksync,liquidation,liquidation_shock,30,1.4571323683119606e-19
