csu,variable,shock,horizon,irf
aave_v2_polygon,basket_return,return_shock,0,0.9653774955087195
aave_v2_polygon,basket_return,return_shock,1,-0.0789113609859477
aave_v2_polygon,basket_return,return_shock,2,0.061312836791476685
aave_v2_polygon,basket_return,return_shock,3,-0.047645432294899814
aave_v2_polygon,basket_return,return_shock,4,-0.020799279938563286
aave_v2_polygon,basket_return,return_shock,5,-0.03663584542833315
aave_v2_polygon,basket_return,return_shock,6,0.01706360553737399
aave_v2_polygon,basket_return,return_shock,7,0.007978043121253284
aave_v2_polygon,basket_return,return_shock,8,0.0037283481670696097
aave_v2_polygon,basket_return,return_shock,9,-0.0010137919714985123
aave_v2_polygon,basket_return,return_shock,10,0.00034991102974109604
aave_v2_polygon,basket_return,return_shock,11,-0.00017025266801880092
aave_v2_polygon,basket_return,return_shock,12,7.414960127041036e-05
aave_v2_polygon,basket_return,return_shock,13,0.00041487334767884574
aave_v2_polygon,basket_return,return_shock,14,0.00044763427275596796
aave_v2_polygon,basket_return,return_shock,15,0.00028839092313561284
aave_v2_polygon,basket_return,return_shock,16,0.0001794866006701175
aave_v2_polygon,basket_return,return_shock,17,0.00017195067037822632
aave_v2_polygon,basket_return,return_shock,18,0.00014818515409087147
aave_v2_polygon,basket_return,return_shock,19,0.00013323641967785877
aave_v2_polygon,basket_return,return_shock,20,0.00011685364803357147
aave_v2_polygon,basket_return,return_shock,21,0.00010422096438617193
aave_v2_polygon,basket_return,return_shock,22,8.80191577273154e-05
aave_v2_polygon,basket_return,return_shock,23,7.541964685889475e-05
aave_v2_polygon,basket_return,return_shock,24,6.508084897830977e-05
aave_v2_polygon,basket_return,return_shock,25,5.659949640478797e-05
aave_v2_polygon,basket_return,return_shock,26,4.895432390306149e-05
aave_v2_polygon,basket_return,return_shock,27,4.240319966302386e-05
aave_v2_polygon,basket_return,return_shock,28,3.669695003325872e-05
aave_v2_polygon,basket_return,return_shock,29,3.1735608412101536e-05
aave_v2_polygon,basket_return,return_shock,30,2.743488092966031e-05
aave_v2_polygon,basket_return,liquidation_shock,0,0.0
aave_v2_polygon,basket_return,liquidation_shock,1,-0.009253800729610592
aave_v2_polygon,basket_return,liquidation_shock,2,0.047361272006501094
aave_v2_polygon,basket_return,liquidation_shock,3,-0.010277300989379652
aave_v2_polygon,basket_return,liquidation_shock,4,-0.017677257961134906
aave_v2_polygon,basket_return,liquidation_shock,5,-0.014484821807477974
aave_v2_polygon,basket_return,liquidation_shock,6,-0.0017891835644666912
aave_v2_polygon,basket_return,liquidation_shock,7,-0.005279804674520954
aave_v2_polygon,basket_return,liquidation_shock,8,-0.0034897598459407543
aave_v2_polygon,basket_return,liquidation_shock,9,-0.0032745243917808795
aave_v2_polygon,basket_return,liquidation_shock,10,-0.0027385883447745246
aave_v2_polygon,basket_return,liquidation_shock,11,-0.002908527552212174
aave_v2_polygon,basket_return,liquidation_shock,12,-0.0023567677328107115
aave_v2_polygon,basket_return,liquidation_shock,13,-0.0019591252361250756
aave_v2_polygon,basket_return,liquidation_shock,14,-0.001675815346963038
aave_v2_polygon,basket_return,liquidation_shock,15,-0.0014740931780991443
aave_v2_polygon,basket_return,liquidation_shock,16,-0.0012702811346651695
aave_v2_polygon,basket_return,liquidation_shock,17,-0.0010998677497199038
aave_v2_polygon,basket_return,liquidation_shock,18,-0.0009564111406561996
aave_v2_polygon,basket_return,liquidation_shock,19,-0.0008270456814064019
aave_v2_polygon,basket_return,liquidation_shock,20,-0.0007138643034965431
aave_v2_polygon,basket_return,liquidation_shock,21,-0.0006169695608240893
aave_v2_polygon,basket_return,liquidation_shock,22,-0.0005342465675541768
aave_v2_polygon,basket_return,liquidation_shock,23,-0.00046215602292238987
aave_v2_polygon,basket_return,liquidation_shock,24,-0.0003998406534931959
aave_v2_polygon,basket_return,liquidation_shock,25,-0.0003459169990404308
aave_v2_polygon,basket_return,liquidation_shock,26,-0.00029928197449855795
aave_v2_polygon,basket_return,liquidation_shock,27,-0.00025887598093368
aave_v2_polygon,basket_return,liquidation_shock,28,-0.00022394818011055103
aave_v2_polygon,basket_return,liquidation_shock,29,-0.00019374112368237344
aave_v2_polygon,basket_return,liquidation_shock,30,-0.00016760978495986532
aave_v2_polygon,liquidation,return_shock,0,-0.09235066635890744
aave_v2_polygon,liquidation,return_shock,1,-0.2139489125492842
aave_v2_polygon,liquidation,return_shock,2,-0.04270195783671253
aave_v2_polygon,liquidation,return_shock,3,-0.08963526563839083
aave_v2_polygon,liquidation,return_shock,4,0.007517662797816986
aave_v2_polygon,liquidation,return_shock,5,0.034235149066326014
aave_v2_polygon,liquidation,return_shock,6,-0.013445515821089014
aave_v2_polygon,liquidation,return_shock,7,-0.012074740796557253
aave_v2_polygon,liquidation,return_shock,8,-0.01046660621607942
aave_v2_polygon,liquidation,return_shock,9,-0.005695393614920211
aave_v2_polygon,liquidation,return_shock,10,-0.006963561386163955
aave_v2_polygon,liquidation,return_shock,11,-0.004112962578266192
aave_v2_polygon,liquidation,return_shock,12,-0.003744791872723519
aave_v2_polygon,liquidation,return_shock,13,-0.003349444097070173
aave_v2_polygon,liquidation,return_shock,14,-0.0032479552209088124
aave_v2_polygon,liquidation,return_shock,15,-0.00267770731813016
aave_v2_polygon,liquidation,return_shock,16,-0.0023110253521871986
aave_v2_polygon,liquidation,return_shock,17,-0.0019880858526277693
aave_v2_polygon,liquidation,return_shock,18,-0.0017211976080824367
aave_v2_polygon,liquidation,return_shock,19,-0.0014803253709365358
aave_v2_polygon,liquidation,return_shock,20,-0.0012855393413505193
aave_v2_polygon,liquidation,return_shock,21,-0.0011158169643738268
aave_v2_polygon,liquidation,return_shock,22,-0.0009647530120443742
aave_v2_polygon,liquidation,return_shock,23,-0.000833770628769613
aave_v2_polygon,liquidation,return_shock,24,-0.0007211226162764991
aave_v2_polygon,liquidation,return_shock,25,-0.0006239645776824068
aave_v2_polygon,liquidation,return_shock,26,-0.0005396764734353742
aave_v2_polygon,liquidation,return_shock,27,-0.00046693843906441543
aave_v2_polygon,liquidation,return_shock,28,-0.00040398786969490975
aave_v2_polygon,liquidation,return_shock,29,-0.0003495042549391565
aave_v2_polygon,liquidation,return_shock,30,-0.00030233358566352636
aave_v2_polygon,liquidation,liquidation_shock,0,0.3771400703129004
aave_v2_polygon,liquidation,liquidation_shock,1,0.0811244832719591
aave_v2_polygon,liquidation,liquidation_shock,2,0.07981823497259766
aave_v2_polygon,liquidation,liquidation_shock,3,0.06405503394243701
aave_v2_polygon,liquidation,liquidation_shock,4,0.09393077522453602
aave_v2_polygon,liquidation,liquidation_shock,5,0.07162269485208694
aave_v2_polygon,liquidation,liquidation_shock,6,0.058735288838322186
aave_v2_polygon,liquidation,liquidation_shock,7,0.05275886835591698
aave_v2_polygon,liquidation,liquidation_shock,8,0.045289958442062433
aave_v2_polygon,liquidation,liquidation_shock,9,0.03822816446257326
aave_v2_polygon,liquidation,liquidation_shock,10,0.03298338276027617
aave_v2_polygon,liquidation,liquidation_shock,11,0.02917917807222062
aave_v2_polygon,liquidation,liquidation_shock,12,0.025133177565382768
aave_v2_polygon,liquidation,liquidation_shock,13,0.021704399917843696
aave_v2_polygon,liquidation,liquidation_shock,14,0.018745284729860683
aave_v2_polygon,liquidation,liquidation_shock,15,0.016249658517081468
aave_v2_polygon,liquidation,liquidation_shock,16,0.014032773804653606
aave_v2_polygon,liquidation,liquidation_shock,17,0.012143574175664175
aave_v2_polygon,liquidation,liquidation_shock,18,0.01050903562207529
aave_v2_polygon,liquidation,liquidation_shock,19,0.009094410724823898
aave_v2_polygon,liquidation,liquidation_shock,20,0.007865164759992339
aave_v2_polygon,liquidation,liquidation_shock,21,0.006804108129428867
aave_v2_polygon,liquidation,liquidation_shock,22,0.005886387587844235
aave_v2_polygon,liquidation,liquidation_shock,23,0.005092312773395431
aave_v2_polygon,liquidation,liquidation_shock,24,0.004405283715490068
aave_v2_polygon,liquidation,liquidation_shock,25,0.0038110951345435937
aave_v2_polygon,liquidation,liquidation_shock,26,0.003297030989846766
aave_v2_polygon,liquidation,liquidation_shock,27,0.002852245320392668
aave_v2_polygon,liquidation,liquidation_shock,28,0.0024674745745299556
aave_v2_polygon,liquidation,liquidation_shock,29,0.002134619845039642
aave_v2_polygon,liquidation,liquidation_shock,30,0.0018466674840316066
aave_v3_arbitrum,basket_return,return_shock,0,0.9628836991982828
aave_v3_arbitrum,basket_return,return_shock,1,-0.05567320785630069
aave_v3_arbitrum,basket_return,return_shock,2,0.0561817872609898
aave_v3_arbitrum,basket_return,return_shock,3,-0.04141226079898289
aave_v3_arbitrum,basket_return,return_shock,4,-0.0037956848612049785
aave_v3_arbitrum,basket_return,return_shock,5,-0.010951351602216244
aave_v3_arbitrum,basket_return,return_shock,6,-0.0015760911730801567
aave_v3_arbitrum,basket_return,return_shock,7,-0.0019314176756900293
aave_v3_arbitrum,basket_return,return_shock,8,-0.00016431628506596637
aave_v3_arbitrum,basket_return,return_shock,9,-0.0002435150588613139
aave_v3_arbitrum,basket_return,return_shock,10,2.1279304883736754e-05
aave_v3_arbitrum,basket_return,return_shock,11,-1.8853534795386077e-05
aave_v3_arbitrum,basket_return,return_shock,12,1.305870504552101e-05
aave_v3_arbitrum,basket_return,return_shock,13,1.2820065178437753e-07
aave_v3_arbitrum,basket_return,return_shock,14,3.278748910438857e-06
aave_v3_arbitrum,basket_return,return_shock,15,2.5715448462597133e-07
aave_v3_arbitrum,basket_return,return_shock,16,5.758834812151275e-07
aave_v3_arbitrum,basket_return,return_shock,17,1.5291045526428656e-08
aave_v3_arbitrum,basket_return,return_shock,18,7.547390603000432e-08
aave_v3_arbitrum,basket_return,return_shock,19,-1.050860711154461e-08
aave_v3_arbitrum,basket_return,return_shock,20,6.895224178278407e-09
aave_v3_arbitrum,basket_return,return_shock,21,-4.287045067303462e-09
aave_v3_arbitrum,basket_return,return_shock,22,2.993229314641961e-10
aave_v3_arbitrum,basket_return,return_shock,23,-1.0081675287205501e-09
aave_v3_arbitrum,basket_return,return_shock,24,-9.590229825267727e-12
aave_v3_arbitrum,basket_return,return_shock,25,-1.7616178062449195e-10
aave_v3_arbitrum,basket_return,return_shock,26,6.152970275953004e-12
aave_v3_arbitrum,basket_return,return_shock,27,-2.4026510669856397e-11
aave_v3_arbitrum,basket_return,return_shock,28,4.5417492210710485e-12
aave_v3_arbitrum,basket_return,return_shock,29,-2.5241832459225345e-12
aave_v3_arbitrum,basket_return,return_shock,30,1.4353370365873317e-12
aave_v3_arbitrum,basket_return,liquidation_shock,0,0.0
aave_v3_arbitrum,basket_return,liquidation_shock,1,-0.03892812078550691
aave_v3_arbitrum,basket_return,liquidation_shock,2,0.0986632248230166
aave_v3_arbitrum,basket_return,liquidation_shock,3,0.008364005486050192
aave_v3_arbitrum,basket_return,liquidation_shock,4,0.0236153046484565
aave_v3_arbitrum,basket_return,liquidation_shock,5,0.0021260641714062225
aave_v3_arbitrum,basket_return,liquidation_shock,6,0.0038389018023240015
aave_v3_arbitrum,basket_return,liquidation_shock,7,3.164861039198497e-05
aave_v3_arbitrum,basket_return,liquidation_shock,8,0.00045473068943965443
aave_v3_arbitrum,basket_return,liquidation_shock,9,-9.749780554090153e-05
aave_v3_arbitrum,basket_return,liquidation_shock,10,3.411328732013341e-05
aave_v3_arbitrum,basket_return,liquidation_shock,11,-3.3537469452586025e-05
aave_v3_arbitrum,basket_return,liquidation_shock,12,3.506347289578481e-07
aave_v3_arbitrum,basket_return,liquidation_shock,13,-7.240588543203051e-06
aave_v3_arbitrum,basket_return,liquidation_shock,14,-1.5918848814673308e-07
aave_v3_arbitrum,basket_return,liquidation_shock,15,-1.1760487704379249e-06
aave_v3_arbitrum,basket_return,liquidation_shock,16,6.054593045289678e-08
aave_v3_arbitrum,basket_return,liquidation_shock,17,-1.4750735701939398e-07
aave_v3_arbitrum,basket_return,liquidation_shock,18,3.7624097344783935e-08
aave_v3_arbitrum,basket_return,liquidation_shock,19,-1.3725401626396193e-08
aave_v3_arbitrum,basket_return,liquidation_shock,20,1.088803939520968e-08
aave_v3_arbitrum,basket_return,liquidation_shock,21,-9.123712462893105e-10
aave_v3_arbitrum,basket_return,liquidation_shock,22,2.2574299450456846e-09
aave_v3_arbitrum,basket_return,liquidation_shock,23,-1.0095680910656182e-10
aave_v3_arbitrum,basket_return,liquidation_shock,24,3.6925639204731035e-10
aave_v3_arbitrum,basket_return,liquidation_shock,25,-4.085847992004388e-11
aave_v3_arbitrum,basket_return,liquidation_shock,26,4.897997989794144e-11
aave_v3_arbitrum,basket_return,liquidation_shock,27,-1.4230505648046503e-11
aave_v3_arbitrum,basket_return,liquidation_shock,28,5.351302348767276e-12
aave_v3_arbitrum,basket_return,liquidation_shock,29,-3.6113821872806097e-12
aave_v3_arbitrum,basket_return,liquidation_shock,30,5.402907191030635e-13
aave_v3_arbitrum,liquidation,return_shock,0,-0.22455584817900884
aave_v3_arbitrum,liquidation,return_shock,1,-0.20806079749512985
aave_v3_arbitrum,liquidation,return_shock,2,-0.08021597610169102
aave_v3_arbitrum,liquidation,return_shock,3,-0.04779440022481693
aave_v3_arbitrum,liquidation,return_shock,4,-0.013768932417766413
aave_v3_arbitrum,liquidation,return_shock,5,-0.006683843434808418
aave_v3_arbitrum,liquidation,return_shock,6,-0.0011467804571252186
aave_v3_arbitrum,liquidation,return_shock,7,-0.0004893566508211721
aave_v3_arbitrum,liquidation,return_shock,8,0.00010580996659096759
aave_v3_arbitrum,liquidation,return_shock,9,3.754819700796474e-05
aave_v3_arbitrum,liquidation,return_shock,10,6.127418293548016e-05
aave_v3_arbitrum,liquidation,return_shock,11,1.9328426285084958e-05
aave_v3_arbitrum,liquidation,return_shock,12,1.3323948276879664e-05
aave_v3_arbitrum,liquidation,return_shock,13,3.3540335880319694e-06
aave_v3_arbitrum,liquidation,return_shock,14,1.8687000948030217e-06
aave_v3_arbitrum,liquidation,return_shock,15,2.5358261368926266e-07
aave_v3_arbitrum,liquidation,return_shock,16,1.4619645569376435e-07
aave_v3_arbitrum,liquidation,return_shock,17,-3.643297137237107e-08
aave_v3_arbitrum,liquidation,return_shock,18,-6.9552543738927895e-09
aave_v3_arbitrum,liquidation,return_shock,19,-1.7595140353697475e-08
aave_v3_arbitrum,liquidation,return_shock,20,-4.568029762011108e-09
aave_v3_arbitrum,liquidation,return_shock,21,-3.7490272438373305e-09
aave_v3_arbitrum,liquidation,return_shock,22,-7.880902023852636e-10
aave_v3_arbitrum,liquidation,return_shock,23,-5.311763680628398e-10
aave_v3_arbitrum,liquidation,return_shock,24,-4.953783646781376e-11
aave_v3_arbitrum,liquidation,return_shock,25,-4.494161634897883e-11
aave_v3_arbitrum,liquidation,return_shock,26,1.263594755752308e-11
aave_v3_arbitrum,liquidation,return_shock,27,7.334612469170921e-13
aave_v3_arbitrum,liquidation,return_shock,28,5.153107441026963e-12
aave_v3_arbitrum,liquidation,return_shock,29,1.0092966060516293e-12
aave_v3_arbitrum,liquidation,return_shock,30,1.0738305417378626e-12
aave_v3_arbitrum,liquidation,liquidation_shock,0,0.5737136698179731
aave_v3_arbitrum,liquidation,liquidation_shock,1,0.1382229889629542
aave_v3_arbitrum,liquidation,liquidation_shock,2,0.09595012676268252
aave_v3_arbitrum,liquidation,liquidation_shock,3,0.02161885655703314
aave_v3_arbitrum,liquidation,liquidation_shock,4,0.01157555234731289
aave_v3_arbitrum,liquidation,liquidation_shock,5,0.0009922595465845997
aave_v3_arbitrum,liquidation,liquidation_shock,6,0.0006229420197837123
aave_v3_arbitrum,liquidation,liquidation_shock,7,-0.0004034737986768547
aave_v3_arbitrum,liquidation,liquidation_shock,8,-0.00010840271505956546
aave_v3_arbitrum,liquidation,liquidation_shock,9,-0.00013906268838974277
aave_v3_arbitrum,liquidation,liquidation_shock,10,-3.6559704389320045e-05
aave_v3_arbitrum,liquidation,liquidation_shock,11,-2.622760149620594e-05
aave_v3_arbitrum,liquidation,liquidation_shock,12,-5.151035182727417e-06
aave_v3_arbitrum,liquidation,liquidation_shock,13,-3.287719876303926e-06
aave_v3_arbitrum,liquidation,liquidation_shock,14,-1.4712851248563112e-07
aave_v3_arbitrum,liquidation,liquidation_shock,15,-2.0621329930432459e-07
aave_v3_arbitrum,liquidation,liquidation_shock,16,1.2668574671837815e-07
aave_v3_arbitrum,liquidation,liquidation_shock,17,2.1208316103453718e-08
aave_v3_arbitrum,liquidation,liquidation_shock,18,4.009157878958387e-08
aave_v3_arbitrum,liquidation,liquidation_shock,19,8.318900281271813e-09
aave_v3_arbitrum,liquidation,liquidation_shock,20,7.48124561089575e-09
aave_v3_arbitrum,liquidation,liquidation_shock,21,1.120635416184813e-09
aave_v3_arbitrum,liquidation,liquidation_shock,22,9.604829486273354e-10
aave_v3_arbitrum,liquidation,liquidation_shock,23,-3.3113344607411995e-12
aave_v3_arbitrum,liquidation,liquidation_shock,24,7.017294701670304e-11
aave_v3_arbitrum,liquidation,liquidation_shock,25,-4.068846922432126e-11
aave_v3_arbitrum,liquidation,liquidation_shock,26,-2.8515885992639474e-12
aave_v3_arbitrum,liquidation,liquidation_shock,27,-1.1802934482580809e-11
aave_v3_arbitrum,liquidation,liquidation_shock,28,-1.7086729759751829e-12
aave_v3_arbitrum,liquidation,liquidation_shock,29,-2.1782644057585707e-12
aave_v3_arbitrum,liquidation,liquidation_shock,30,-2.0936410760160898e-13
aave_v3_avalanche,basket_return,return_shock,0,0.9120512330337089
aave_v3_avalanche,basket_return,return_shock,1,-0.035993807341579614
aave_v3_avalanche,basket_return,return_shock,2,0.008977212807836931
aave_v3_avalanche,basket_return,return_shock,3,0.0006832459556518154
aave_v3_avalanche,basket_return,return_shock,4,0.0002308129586365059
aave_v3_avalanche,basket_return,return_shock,5,4.2117552151814054e-05
aave_v3_avalanche,basket_return,return_shock,6,9.30519619248093e-06
aave_v3_avalanche,basket_return,return_shock,7,1.920360832365857e-06
aave_v3_avalanche,basket_return,return_shock,8,4.056726389123298e-07
aave_v3_avalanche,basket_return,return_shock,9,8.500557014669377e-08
aave_v3_avalanche,basket_return,return_shock,10,1.7862254895653687e-08
aave_v3_avalanche,basket_return,return_shock,11,3.7497617213018966e-09
aave_v3_avalanche,basket_return,return_shock,12,7.874390265100476e-10
aave_v3_avalanche,basket_return,return_shock,13,1.653406742956467e-10
aave_v3_avalanche,basket_return,return_shock,14,3.471841987822248e-11
aave_v3_avalanche,basket_return,return_shock,15,7.290111122700456e-12
aave_v3_avalanche,basket_return,return_shock,16,1.5307717519211806e-12
aave_v3_avalanche,basket_return,return_shock,17,3.21429702028307e-13
aave_v3_avalanche,basket_return,return_shock,18,6.749348026355847e-14
aave_v3_avalanche,basket_return,return_shock,19,1.4172209159704467e-14
aave_v3_avalanche,basket_return,return_shock,20,2.975865603346076e-15
aave_v3_avalanche,basket_return,return_shock,21,6.248691207736906e-16
aave_v3_avalanche,basket_return,return_shock,22,1.3120936002448467e-16
aave_v3_avalanche,basket_return,return_shock,23,2.7551203182053925e-17
aave_v3_avalanche,basket_return,return_shock,24,5.785172623288418e-18
aave_v3_avalanche,basket_return,return_shock,25,1.214764453246769e-18
aave_v3_avalanche,basket_return,return_shock,26,2.5507496027123684e-19
aave_v3_avalanche,basket_return,return_shock,27,5.356037146196921e-20
aave_v3_avalanche,basket_return,return_shock,28,1.124655037928674e-20
aave_v3_avalanche,basket_return,return_shock,29,2.3615388015563272e-21
aave_v3_avalanche,basket_return,return_shock,30,4.958734299129427e-22
aave_v3_avalanche,basket_return,liquidation_shock,0,0.0
aave_v3_avalanche,basket_return,liquidation_shock,1,-0.01697353667000019
aave_v3_avalanche,basket_return,liquidation_shock,2,-0.0023304438803942577
aave_v3_avalanche,basket_return,liquidation_shock,3,-0.0005790055637877875
aave_v3_avalanche,basket_return,liquidation_shock,4,-0.00011506236140369734
aave_v3_avalanche,basket_return,liquidation_shock,5,-2.4634303013947923e-05
aave_v3_avalanche,basket_return,liquidation_shock,6,-5.138261465194666e-06
aave_v3_avalanche,basket_return,liquidation_shock,7,-1.0814286419201113e-06
aave_v3_avalanche,basket_return,liquidation_shock,8,-2.2689540737490874e-07
aave_v3_avalanche,basket_return,liquidation_shock,9,-4.7656474789376274e-08
aave_v3_avalanche,basket_return,liquidation_shock,10,-1.0005895820834633e-08
aave_v3_avalanche,basket_return,liquidation_shock,11,-2.101097277633158e-09
aave_v3_avalanche,basket_return,liquidation_shock,12,-4.4118111901314054e-10
aave_v3_avalanche,basket_return,liquidation_shock,13,-9.26391154152037e-11
aave_v3_avalanche,basket_return,liquidation_shock,14,-1.9452237065804968e-11
aave_v3_avalanche,basket_return,liquidation_shock,15,-4.084562196219945e-12
aave_v3_avalanche,basket_return,liquidation_shock,16,-8.576719257099628e-13
aave_v3_avalanche,basket_return,liquidation_shock,17,-1.8009305778201889e-13
aave_v3_avalanche,basket_return,liquidation_shock,18,-3.781574981564805e-14
aave_v3_avalanche,basket_return,liquidation_shock,19,-7.940511365648424e-15
aave_v3_avalanche,basket_return,liquidation_shock,20,-1.6673402080965594e-15
aave_v3_avalanche,basket_return,liquidation_shock,21,-3.501063408119598e-16
aave_v3_avalanche,basket_return,liquidation_shock,22,-7.351496062182902e-17
aave_v3_avalanche,basket_return,liquidation_shock,23,-1.5436593992443794e-17
aave_v3_avalanche,basket_return,liquidation_shock,24,-3.2413597455601e-18
aave_v3_avalanche,basket_return,liquidation_shock,25,-6.806173049418381e-19
aave_v3_avalanche,basket_return,liquidation_shock,26,-1.4291530473082464e-19
aave_v3_avalanche,basket_return,liquidation_shock,27,-3.0009205140856494e-20
aave_v3_avalanche,basket_return,liquidation_shock,28,-6.3013012838649675e-21
aave_v3_avalanche,basket_return,liquidation_shock,29,-1.32314060581383e-21
aave_v3_avalanche,basket_return,liquidation_shock,30,-2.7783167061632404e-22
aave_v3_avalanche,liquidation,return_shock,0,-0.18263353604555038
aave_v3_avalanche,liquidation,return_shock,1,-0.23198553124349938
aave_v3_avalanche,liquidation,return_shock,2,-0.034638533703322295
aave_v3_avalanche,liquidation,return_shock,3,-0.00829623198064494
aave_v3_avalanche,liquidation,return_shock,4,-0.0016676916306549913
aave_v3_avalanche,liquidation,return_shock,5,-0.0003555833601827721
aave_v3_avalanche,liquidation,return_shock,6,-7.42723112306548e-05
aave_v3_avalanche,liquidation,return_shock,7,-1.5624163815399147e-05
aave_v3_avalanche,liquidation,return_shock,8,-3.2786710085577055e-06
aave_v3_avalanche,liquidation,return_shock,9,-6.886026563192655e-07
aave_v3_avalanche,liquidation,return_shock,10,-1.4458110227298868e-07
aave_v3_avalanche,liquidation,return_shock,11,-3.035978399389503e-08
aave_v3_avalanche,liquidation,return_shock,12,-6.374857576650314e-09
aave_v3_avalanche,liquidation,return_shock,13,-1.3385900858218311e-09
aave_v3_avalanche,liquidation,return_shock,14,-2.8107543037835064e-10
aave_v3_avalanche,liquidation,return_shock,15,-5.901994501066893e-11
aave_v3_avalanche,liquidation,return_shock,16,-1.2392944266666202e-11
aave_v3_avalanche,liquidation,return_shock,17,-2.602257499819137e-12
aave_v3_avalanche,liquidation,return_shock,18,-5.464192800692128e-13
aave_v3_avalanche,liquidation,return_shock,19,-1.1473654545259498e-13
aave_v3_avalanche,liquidation,return_shock,20,-2.4092258905922634e-14
aave_v3_avalanche,liquidation,return_shock,21,-5.058867149626318e-15
aave_v3_avalanche,liquidation,return_shock,22,-1.0622555948445745e-15
aave_v3_avalanche,liquidation,return_shock,23,-2.2305131084582845e-16
aave_v3_avalanche,liquidation,return_shock,24,-4.683607928855033e-17
aave_v3_avalanche,liquidation,return_shock,25,-9.834590592112144e-18
aave_v3_avalanche,liquidation,return_shock,26,-2.0650569727960732e-18
aave_v3_avalanche,liquidation,return_shock,27,-4.336184878232214e-19
aave_v3_avalanche,liquidation,return_shock,28,-9.105075330063697e-20
aave_v3_avalanche,liquidation,return_shock,29,-1.9118741265472836e-20
aave_v3_avalanche,liquidation,return_shock,30,-4.014533151297619e-21
aave_v3_avalanche,liquidation,liquidation_shock,0,0.5372632825894834
aave_v3_avalanche,liquidation,liquidation_shock,1,0.09836731477684238
aave_v3_avalanche,liquidation,liquidation_shock,2,0.021705052735547074
aave_v3_avalanche,liquidation,liquidation_shock,3,0.004481290712262309
aave_v3_avalanche,liquidation,liquidation_shock,4,0.0009465231825753231
aave_v3_avalanche,liquidation,liquidation_shock,5,0.0001983468211136069
aave_v3_avalanche,liquidation,liquidation_shock,6,4.167795541376445e-05
aave_v3_avalanche,liquidation,liquidation_shock,7,8.749363725288095e-06
aave_v3_avalanche,liquidation,liquidation_shock,8,1.8373369474445981e-06
aave_v3_avalanche,liquidation,liquidation_shock,9,3.857908281268388e-07
aave_v3_avalanche,liquidation,liquidation_shock,10,8.100876925438225e-08
aave_v3_avalanche,liquidation,liquidation_shock,11,1.7010076613487176e-08
aave_v3_avalanche,liquidation,liquidation_shock,12,3.571762287608226e-09
aave_v3_avalanche,liquidation,liquidation_shock,13,7.499945687856238e-10
aave_v3_avalanche,liquidation,liquidation_shock,14,1.5748309232457981e-10
aave_v3_avalanche,liquidation,liquidation_shock,15,3.306813217602619e-11
aave_v3_avalanche,liquidation,liquidation_shock,16,6.943611680956433e-12
aave_v3_avalanche,liquidation,liquidation_shock,17,1.4580122576284026e-12
aave_v3_avalanche,liquidation,liquidation_shock,18,3.0615187862753604e-13
aave_v3_avalanche,liquidation,liquidation_shock,19,6.428544892844918e-14
aave_v3_avalanche,liquidation,liquidation_shock,20,1.3498590851254371e-14
aave_v3_avalanche,liquidation,liquidation_shock,21,2.8344198873258357e-15
aave_v3_avalanche,liquidation,liquidation_shock,22,5.951685021888152e-16
aave_v3_avalanche,liquidation,liquidation_shock,23,1.2497285513955538e-16
aave_v3_avalanche,liquidation,liquidation_shock,24,2.6241668476257255e-17
aave_v3_avalanche,liquidation,liquidation_shock,25,5.5101979037407876e-18
aave_v3_avalanche,liquidation,liquidation_shock,26,1.1570255514016161e-18
aave_v3_avalanche,liquidation,liquidation_shock,27,2.4295100647594047e-19
aave_v3_avalanche,liquidation,liquidation_shock,28,5.101459641594031e-20
aave_v3_avalanche,liquidation,liquidation_shock,29,1.071199121679216e-20
aave_v3_avalanche,liquidation,liquidation_shock,30,2.249292631721786e-21
aave_v3_base,basket_return,return_shock,0,0.9667353116335567
aave_v3_base,basket_return,return_shock,1,-0.06786832164592509
aave_v3_base,basket_return,return_shock,2,0.0791828397171825
aave_v3_base,basket_return,return_shock,3,-0.0675564222866256
aave_v3_base,basket_return,return_shock,4,0.016824273963647704
aave_v3_base,basket_return,return_shock,5,-0.0076212779974632995
aave_v3_base,basket_return,return_shock,6,0.007112141843675355
aave_v3_base,basket_return,return_shock,7,-0.0012157023003547204
aave_v3_base,basket_return,return_shock,8,0.001665712529485946
aave_v3_base,basket_return,return_shock,9,-0.00029380983623962146
aave_v3_base,basket_return,return_shock,10,0.00044293311355115113
aave_v3_base,basket_return,return_shock,11,8.146572602879452e-06
aave_v3_base,basket_return,return_shock,12,0.0001450270898928866
aave_v3_base,basket_return,return_shock,13,2.7639100241167005e-05
aave_v3_base,basket_return,return_shock,14,4.979308571330663e-05
aave_v3_base,basket_return,return_shock,15,1.6155024784715615e-05
aave_v3_base,basket_return,return_shock,16,1.800997209853209e-05
aave_v3_base,basket_return,return_shock,17,8.120638215449051e-06
aave_v3_base,basket_return,return_shock,18,6.924548316587478e-06
aave_v3_base,basket_return,return_shock,19,3.6807995315448443e-06
aave_v3_base,basket_return,return_shock,20,2.7691265581547206e-06
aave_v3_base,basket_return,return_shock,21,1.5990438462070238e-06
aave_v3_base,basket_return,return_shock,22,1.1256651507027706e-06
aave_v3_base,basket_return,return_shock,23,6.845730606587959e-07
aave_v3_base,basket_return,return_shock,24,4.6297203963812334e-07
aave_v3_base,basket_return,return_shock,25,2.8968387216142357e-07
aave_v3_base,basket_return,return_shock,26,1.9200297292414943e-07
aave_v3_base,basket_return,return_shock,27,1.2184640263738421e-07
aave_v3_base,basket_return,return_shock,28,7.989505380966252e-08
aave_v3_base,basket_return,return_shock,29,5.11314613713179e-08
aave_v3_base,basket_return,return_shock,30,3.330879114099124e-08
aave_v3_base,basket_return,liquidation_shock,0,0.0
aave_v3_base,basket_return,liquidation_shock,1,0.004475692644426288
aave_v3_base,basket_return,liquidation_shock,2,-0.005969962058922826
aave_v3_base,basket_return,liquidation_shock,3,-0.005992489813011685
aave_v3_base,basket_return,liquidation_shock,4,-0.0011054661694540602
aave_v3_base,basket_return,liquidation_shock,5,-0.0015703979746571797
aave_v3_base,basket_return,liquidation_shock,6,-0.0008526404918034258
aave_v3_base,basket_return,liquidation_shock,7,-0.00044807803659479087
aave_v3_base,basket_return,liquidation_shock,8,-0.00036279379792118467
aave_v3_base,basket_return,liquidation_shock,9,-0.000242675867171936
aave_v3_base,basket_return,liquidation_shock,10,-0.00013390453018209767
aave_v3_base,basket_return,liquidation_shock,11,-9.911668967532021e-05
aave_v3_base,basket_return,liquidation_shock,12,-6.0962284574138454e-05
aave_v3_base,basket_return,liquidation_shock,13,-3.871826903291792e-05
aave_v3_base,basket_return,liquidation_shock,14,-2.576971657602649e-05
aave_v3_base,basket_return,liquidation_shock,15,-1.660741005190641e-05
aave_v3_base,basket_return,liquidation_shock,16,-1.054289231424938e-05
aave_v3_base,basket_return,liquidation_shock,17,-6.963005902935495e-06
aave_v3_base,basket_return,liquidation_shock,18,-4.453750305951119e-06
aave_v3_base,basket_return,liquidation_shock,19,-2.8794907253661413e-06
aave_v3_base,basket_return,liquidation_shock,20,-1.8688510624689388e-06
aave_v3_base,basket_return,liquidation_shock,21,-1.206640116795302e-06
aave_v3_base,basket_return,liquidation_shock,22,-7.78702835040437e-07
aave_v3_base,basket_return,liquidation_shock,23,-5.050504303869825e-07
aave_v3_base,basket_return,liquidation_shock,24,-3.258979075485538e-07
aave_v3_base,basket_return,liquidation_shock,25,-2.108070833970494e-07
aave_v3_base,basket_return,liquidation_shock,26,-1.3636057153141573e-07
aave_v3_base,basket_return,liquidation_shock,27,-8.814236510895932e-08
aave_v3_base,basket_return,liquidation_shock,28,-5.6982230654568123e-08
aave_v3_base,basket_return,liquidation_shock,29,-3.685923275014692e-08
aave_v3_base,basket_return,liquidation_shock,30,-2.3824394194494457e-08
aave_v3_base,liquidation,return_shock,0,-0.10021558004916264
aave_v3_base,liquidation,return_shock,1,-0.006808016835626881
aave_v3_base,liquidation,return_shock,2,-0.09840443891383323
aave_v3_base,liquidation,return_shock,3,-0.034094342500776385
aave_v3_base,liquidation,return_shock,4,-0.021766188148883186
aave_v3_base,liquidation,return_shock,5,-0.0151853975587355
aave_v3_base,liquidation,return_shock,6,-0.009696568284294367
aave_v3_base,liquidation,return_shock,7,-0.005375484941314761
aave_v3_base,liquidation,return_shock,8,-0.004386486490000098
aave_v3_base,liquidation,return_shock,9,-0.0024686357825230796
aave_v3_base,liquidation,return_shock,10,-0.0016620283310890157
aave_v3_base,liquidation,return_shock,11,-0.0010828690089264223
aave_v3_base,liquidation,return_shock,12,-0.0006955910423726047
aave_v3_base,liquidation,return_shock,13,-0.00044179721656183006
aave_v3_base,liquidation,return_shock,14,-0.00029471554135508725
aave_v3_base,liquidation,return_shock,15,-0.00018597622575314973
aave_v3_base,liquidation,return_shock,16,-0.00012150313897035186
aave_v3_base,liquidation,return_shock,17,-7.850531777458451e-05
aave_v3_base,liquidation,return_shock,18,-5.0709818039267075e-05
aave_v3_base,liquidation,return_shock,19,-3.272758140658293e-05
aave_v3_base,liquidation,return_shock,20,-2.1249721718571255e-05
aave_v3_base,liquidation,return_shock,21,-1.3685840217213593e-05
aave_v3_base,liquidation,return_shock,22,-8.86780197019502e-06
aave_v3_base,liquidation,return_shock,23,-5.730970487471992e-06
aave_v3_base,liquidation,return_shock,24,-3.7052999864158166e-06
aave_v3_base,liquidation,return_shock,25,-2.3953554418510013e-06
aave_v3_base,liquidation,return_shock,26,-1.5496388695932015e-06
aave_v3_base,liquidation,return_shock,27,-1.0013687875441477e-06
aave_v3_base,liquidation,return_shock,28,-6.477214914842002e-07
aave_v3_base,liquidation,return_shock,29,-4.1874854849013063e-07
aave_v3_base,liquidation,return_shock,30,-2.7075983287707334e-07
aave_v3_base,liquidation,liquidation_shock,0,0.22558736458876558
aave_v3_base,liquidation,liquidation_shock,1,0.029464727336768002
aave_v3_base,liquidation,liquidation_shock,2,0.02599111425573428
aave_v3_base,liquidation,liquidation_shock,3,0.038298729238720165
aave_v3_base,liquidation,liquidation_shock,4,0.012230273487928716
aave_v3_base,liquidation,liquidation_shock,5,0.009704093057660549
aave_v3_base,liquidation,liquidation_shock,6,0.008145815720445166
aave_v3_base,liquidation,liquidation_shock,7,0.003925771358281122
aave_v3_base,liquidation,liquidation_shock,8,0.0028023507326416035
aave_v3_base,liquidation,liquidation_shock,9,0.001972271932944692
aave_v3_base,liquidation,liquidation_shock,10,0.00113426089175735
aave_v3_base,liquidation,liquidation_shock,11,0.0007705308310922722
aave_v3_base,liquidation,liquidation_shock,12,0.0005102600866472177
aave_v3_base,liquidation,liquidation_shock,13,0.00031570256085845924
aave_v3_base,liquidation,liquidation_shock,14,0.00020868306116168816
aave_v3_base,liquidation,liquidation_shock,15,0.00013575595065541083
aave_v3_base,liquidation,liquidation_shock,16,8.634278160392356e-05
aave_v3_base,liquidation,liquidation_shock,17,5.638271702381586e-05
aave_v3_base,liquidation,liquidation_shock,18,3.648736748165535e-05
aave_v3_base,liquidation,liquidation_shock,19,2.345508451361993e-05
aave_v3_base,liquidation,liquidation_shock,20,1.522823946511133e-05
aave_v3_base,liquidation,liquidation_shock,21,9.844853356523895e-06
aave_v3_base,liquidation,liquidation_shock,22,6.352383642774452e-06
aave_v3_base,liquidation,liquidation_shock,23,4.114435367117175e-06
aave_v3_base,liquidation,liquidation_shock,24,2.6595844974177184e-06
aave_v3_base,liquidation,liquidation_shock,25,1.7184762410448627e-06
aave_v3_base,liquidation,liquidation_shock,26,1.1118937130853761e-06
aave_v3_base,liquidation,liquidation_shock,27,7.18808423074956e-07
aave_v3_base,liquidation,liquidation_shock,28,4.6466599885765874e-07
aave_v3_base,liquidation,liquidation_shock,29,3.0052682577266523e-07
aave_v3_base,liquidation,liquidation_shock,30,1.9429709123366438e-07
aave_v3_binance,basket_return,return_shock,0,0.89931079121903
aave_v3_binance,basket_return,return_shock,1,-0.08263414508322522
aave_v3_binance,basket_return,return_shock,2,0.021292915960728995
aave_v3_binance,basket_return,return_shock,3,-0.04897217561323779
aave_v3_binance,basket_return,return_shock,4,0.008881407049992691
aave_v3_binance,basket_return,return_shock,5,-0.06406787733905472
aave_v3_binance,basket_return,return_shock,6,-0.051158352916819465
aave_v3_binance,basket_return,return_shock,7,0.07494966320791588
aave_v3_binance,basket_return,return_shock,8,-0.011361903302530622
aave_v3_binance,basket_return,return_shock,9,0.004888756733014363
aave_v3_binance,basket_return,return_shock,10,-0.008888251911681716
aave_v3_binance,basket_return,return_shock,11,0.00372969176720645
aave_v3_binance,basket_return,return_shock,12,-0.007253237481553878
aave_v3_binance,basket_return,return_shock,13,-0.006963978767261792
aave_v3_binance,basket_return,return_shock,14,0.00446692474278329
aave_v3_binance,basket_return,return_shock,15,-0.0021159865740621327
aave_v3_binance,basket_return,return_shock,16,-1.3603828396112605e-05
aave_v3_binance,basket_return,return_shock,17,-0.00204758647388157
aave_v3_binance,basket_return,return_shock,18,-0.00019169198815063352
aave_v3_binance,basket_return,return_shock,19,-0.0009733580967642524
aave_v3_binance,basket_return,return_shock,20,-0.0009716103387534809
aave_v3_binance,basket_return,return_shock,21,-0.00016760182427708961
aave_v3_binance,basket_return,return_shock,22,-0.0005867281873083737
aave_v3_binance,basket_return,return_shock,23,-0.0002897545917467244
aave_v3_binance,basket_return,return_shock,24,-0.0005326830032981124
aave_v3_binance,basket_return,return_shock,25,-0.00030389130467240957
aave_v3_binance,basket_return,return_shock,26,-0.00028809796993811845
aave_v3_binance,basket_return,return_shock,27,-0.00025838754097884576
aave_v3_binance,basket_return,return_shock,28,-0.00020133311151545786
aave_v3_binance,basket_return,return_shock,29,-0.00021022462396074994
aave_v3_binance,basket_return,return_shock,30,-0.00015660374064477772
aave_v3_binance,basket_return,liquidation_shock,0,0.0
aave_v3_binance,basket_return,liquidation_shock,1,-0.009276488582141699
aave_v3_binance,basket_return,liquidation_shock,2,0.05217134488127109
aave_v3_binance,basket_return,liquidation_shock,3,0.009620076004124253
aave_v3_binance,basket_return,liquidation_shock,4,0.027788175310408822
aave_v3_binance,basket_return,liquidation_shock,5,-0.006223263137891322
aave_v3_binance,basket_return,liquidation_shock,6,0.001587452559566284
aave_v3_binance,basket_return,liquidation_shock,7,0.016006674795458083
aave_v3_binance,basket_return,liquidation_shock,8,0.004119961015267357
aave_v3_binance,basket_return,liquidation_shock,9,0.011905124831355725
aave_v3_binance,basket_return,liquidation_shock,10,0.004917659014857987
aave_v3_binance,basket_return,liquidation_shock,11,0.008520224201215357
aave_v3_binance,basket_return,liquidation_shock,12,0.0014746775810882897
aave_v3_binance,basket_return,liquidation_shock,13,0.0029180874212152786
aave_v3_binance,basket_return,liquidation_shock,14,0.004690022820109888
aave_v3_binance,basket_return,liquidation_shock,15,0.0029603623447415216
aave_v3_binance,basket_return,liquidation_shock,16,0.0033516246654387996
aave_v3_binance,basket_return,liquidation_shock,17,0.0022587425151072943
aave_v3_binance,basket_return,liquidation_shock,18,0.0025677085505710112
aave_v3_binance,basket_return,liquidation_shock,19,0.0015004964156144504
aave_v3_binance,basket_return,liquidation_shock,20,0.001554337428299279
aave_v3_binance,basket_return,liquidation_shock,21,0.001580496946091208
aave_v3_binance,basket_return,liquidation_shock,22,0.0013011998171451713
aave_v3_binance,basket_return,liquidation_shock,23,0.0011996779050814836
aave_v3_binance,basket_return,liquidation_shock,24,0.00096947730075457
aave_v3_binance,basket_return,liquidation_shock,25,0.0009152988707445296
aave_v3_binance,basket_return,liquidation_shock,26,0.00073133395067896
aave_v3_binance,basket_return,liquidation_shock,27,0.0006720351805317275
aave_v3_binance,basket_return,liquidation_shock,28,0.0006077685744249061
aave_v3_binance,basket_return,liquidation_shock,29,0.0005298756048620295
aave_v3_binance,basket_return,liquidation_shock,30,0.00046996840660413255
aave_v3_binance,liquidation,return_shock,0,-0.13178371821084775
aave_v3_binance,liquidation,return_shock,1,-0.17284413475864235
aave_v3_binance,liquidation,return_shock,2,-0.015382641220789757
aave_v3_binance,liquidation,return_shock,3,-0.04811175921167917
aave_v3_binance,liquidation,return_shock,4,-0.031242944264767692
aave_v3_binance,liquidation,return_shock,5,0.035801323103439586
aave_v3_binance,liquidation,return_shock,6,0.03958988582864877
aave_v3_binance,liquidation,return_shock,7,-0.0626210092123874
aave_v3_binance,liquidation,return_shock,8,-0.03792185646390353
aave_v3_binance,liquidation,return_shock,9,-0.013119929653691555
aave_v3_binance,liquidation,return_shock,10,-0.014367378574818198
aave_v3_binance,liquidation,return_shock,11,-0.014853964845141997
aave_v3_binance,liquidation,return_shock,12,-0.0006192370464108747
aave_v3_binance,liquidation,return_shock,13,0.0006759780218217274
aave_v3_binance,liquidation,return_shock,14,-0.013455949324101478
aave_v3_binance,liquidation,return_shock,15,-0.009201827766144813
aave_v3_binance,liquidation,return_shock,16,-0.005870494017752886
aave_v3_binance,liquidation,return_shock,17,-0.004892155841618825
aave_v3_binance,liquidation,return_shock,18,-0.004887279742040253
aave_v3_binance,liquidation,return_shock,19,-0.002929441069683008
aave_v3_binance,liquidation,return_shock,20,-0.002549269726815796
aave_v3_binance,liquidation,return_shock,21,-0.003665882074932418
aave_v3_binance,liquidation,return_shock,22,-0.0029466379033069885
aave_v3_binance,liquidation,return_shock,23,-0.0023968013770211093
aave_v3_binance,liquidation,return_shock,24,-0.0019806648792750595
aave_v3_binance,liquidation,return_shock,25,-0.0018042981214492285
aave_v3_binance,liquidation,return_shock,26,-0.0014943145946089036
aave_v3_binance,liquidation,return_shock,27,-0.0013395570993038535
aave_v3_binance,liquidation,return_shock,28,-0.0012915598445131138
aave_v3_binance,liquidation,return_shock,29,-0.0011076982847166982
aave_v3_binance,liquidation,return_shock,30,-0.0009618524136735213
aave_v3_binance,liquidation,liquidation_shock,0,0.47880722070784254
aave_v3_binance,liquidation,liquidation_shock,1,0.10928609155252912
aave_v3_binance,liquidation,liquidation_shock,2,0.05950882743206761
aave_v3_binance,liquidation,liquidation_shock,3,0.04279323591626221
aave_v3_binance,liquidation,liquidation_shock,4,0.050562734127790235
aave_v3_binance,liquidation,liquidation_shock,5,0.050716638419866095
aave_v3_binance,liquidation,liquidation_shock,6,0.06441964632703696
aave_v3_binance,liquidation,liquidation_shock,7,0.07360605538962159
aave_v3_binance,liquidation,liquidation_shock,8,0.04451942657314424
aave_v3_binance,liquidation,liquidation_shock,9,0.032879565262871606
aave_v3_binance,liquidation,liquidation_shock,10,0.027938978541541832
aave_v3_binance,liquidation,liquidation_shock,11,0.025159372011714445
aave_v3_binance,liquidation,liquidation_shock,12,0.02592679797443208
aave_v3_binance,liquidation,liquidation_shock,13,0.02547760724970865
aave_v3_binance,liquidation,liquidation_shock,14,0.021404987125441918
aave_v3_binance,liquidation,liquidation_shock,15,0.017436284640276176
aave_v3_binance,liquidation,liquidation_shock,16,0.014657869896769258
aave_v3_binance,liquidation,liquidation_shock,17,0.012849734533893657
aave_v3_binance,liquidation,liquidation_shock,18,0.011255494200148715
aave_v3_binance,liquidation,liquidation_shock,19,0.010649008928576491
aave_v3_binance,liquidation,liquidation_shock,20,0.009609657523293439
aave_v3_binance,liquidation,liquidation_shock,21,0.008144814371987625
aave_v3_binance,liquidation,liquidation_shock,22,0.0070359649018643155
aave_v3_binance,liquidation,liquidation_shock,23,0.006128783891939361
aave_v3_binance,liquidation,liquidation_shock,24,0.005402396524643687
aave_v3_binance,liquidation,liquidation_shock,25,0.004746339286407527
aave_v3_binance,liquidation,liquidation_shock,26,0.004275749609847508
aave_v3_binance,liquidation,liquidation_shock,27,0.003774542135318604
aave_v3_binance,liquidation,liquidation_shock,28,0.003275066098593708
aave_v3_binance,liquidation,liquidation_shock,29,0.0028647392527036287
aave_v3_binance,liquidation,liquidation_shock,30,0.0025142743493378537
aave_v3_ethereum,basket_return,return_shock,0,0.9686133381411487
aave_v3_ethereum,basket_return,return_shock,1,-0.06666301574833028
aave_v3_ethereum,basket_return,return_shock,2,0.07210910615721468
aave_v3_ethereum,basket_return,return_shock,3,-0.06664991721657346
aave_v3_ethereum,basket_return,return_shock,4,0.007778025513727111
aave_v3_ethereum,basket_return,return_shock,5,-0.01355854428618302
aave_v3_ethereum,basket_return,return_shock,6,0.0006154612392974629
aave_v3_ethereum,basket_return,return_shock,7,-0.0032422110647101062
aave_v3_ethereum,basket_return,return_shock,8,-0.0003063252352370522
aave_v3_ethereum,basket_return,return_shock,9,-0.0010154007025565063
aave_v3_ethereum,basket_return,return_shock,10,-0.00025587062101006125
aave_v3_ethereum,basket_return,return_shock,11,-0.00031896795298935965
aave_v3_ethereum,basket_return,return_shock,12,-0.00012605208145949307
aave_v3_ethereum,basket_return,return_shock,13,-0.00010857904263141137
aave_v3_ethereum,basket_return,return_shock,14,-5.2303331126828475e-05
aave_v3_ethereum,basket_return,return_shock,15,-3.8821357965405784e-05
aave_v3_ethereum,basket_return,return_shock,16,-2.0869341095912904e-05
aave_v3_ethereum,basket_return,return_shock,17,-1.4145752569871383e-05
aave_v3_ethereum,basket_return,return_shock,18,-8.115226374817445e-06
aave_v3_ethereum,basket_return,return_shock,19,-5.250432651539985e-06
aave_v3_ethereum,basket_return,return_shock,20,-3.10757988683672e-06
aave_v3_ethereum,basket_return,return_shock,21,-1.9648642324517314e-06
aave_v3_ethereum,basket_return,return_shock,22,-1.1834262036834394e-06
aave_v3_ethereum,basket_return,return_shock,23,-7.382900994658951e-07
aave_v3_ethereum,basket_return,return_shock,24,-4.490157517846544e-07
aave_v3_ethereum,basket_return,return_shock,25,-2.781991810175935e-07
aave_v3_ethereum,basket_return,return_shock,26,-1.7002289274575543e-07
aave_v3_ethereum,basket_return,return_shock,27,-1.0496364963932432e-07
aave_v3_ethereum,basket_return,return_shock,28,-6.43229803093445e-08
aave_v3_ethereum,basket_return,return_shock,29,-3.962971763390962e-08
aave_v3_ethereum,basket_return,return_shock,30,-2.432109075835493e-08
aave_v3_ethereum,basket_return,liquidation_shock,0,0.0
aave_v3_ethereum,basket_return,liquidation_shock,1,-0.015654812893707876
aave_v3_ethereum,basket_return,liquidation_shock,2,0.05218908074595623
aave_v3_ethereum,basket_return,liquidation_shock,3,-0.002462702043999503
aave_v3_ethereum,basket_return,liquidation_shock,4,0.007502734098303104
aave_v3_ethereum,basket_return,liquidation_shock,5,0.0032436973540169245
aave_v3_ethereum,basket_return,liquidation_shock,6,0.002368618154453801
aave_v3_ethereum,basket_return,liquidation_shock,7,0.0008735981552456725
aave_v3_ethereum,basket_return,liquidation_shock,8,0.0009982329034646915
aave_v3_ethereum,basket_return,liquidation_shock,9,0.0004083591500173135
aave_v3_ethereum,basket_return,liquidation_shock,10,0.0003114199059840376
aave_v3_ethereum,basket_return,liquidation_shock,11,0.00017597778638452283
aave_v3_ethereum,basket_return,liquidation_shock,12,0.00011602498216329377
aave_v3_ethereum,basket_return,liquidation_shock,13,6.546294744776802e-05
aave_v3_ethereum,basket_return,liquidation_shock,14,4.357606701433883e-05
aave_v3_ethereum,basket_return,liquidation_shock,15,2.5416572783235937e-05
aave_v3_ethereum,basket_return,liquidation_shock,16,1.6076513099509752e-05
aave_v3_ethereum,basket_return,liquidation_shock,17,9.718583785680329e-06
aave_v3_ethereum,basket_return,liquidation_shock,18,6.060592088553663e-06
aave_v3_ethereum,basket_return,liquidation_shock,19,3.6754347871129947e-06
aave_v3_ethereum,basket_return,liquidation_shock,20,2.2839380613805657e-06
aave_v3_ethereum,basket_return,liquidation_shock,21,1.3940464427185845e-06
aave_v3_ethereum,basket_return,liquidation_shock,22,8.606541079177396e-07
aave_v3_ethereum,basket_return,liquidation_shock,23,5.274862790880162e-07
aave_v3_ethereum,basket_return,liquidation_shock,24,3.250540088645714e-07
aave_v3_ethereum,basket_return,liquidation_shock,25,1.994082050813814e-07
aave_v3_ethereum,basket_return,liquidation_shock,26,1.2276647946422693e-07
aave_v3_ethereum,basket_return,liquidation_shock,27,7.538997997744586e-08
aave_v3_ethereum,basket_return,liquidation_shock,28,4.637497419907726e-08
aave_v3_ethereum,basket_return,liquidation_shock,29,2.8493408029994062e-08
aave_v3_ethereum,basket_return,liquidation_shock,30,1.7522296616351764e-08
aave_v3_ethereum,liquidation,return_shock,0,-0.23995516141251938
aave_v3_ethereum,liquidation,return_shock,1,-0.28780177848903843
aave_v3_ethereum,liquidation,return_shock,2,-0.12058400023483942
aave_v3_ethereum,liquidation,return_shock,3,-0.07688865480739238
aave_v3_ethereum,liquidation,return_shock,4,-0.04994497271822507
aave_v3_ethereum,liquidation,return_shock,5,-0.028807925541205613
aave_v3_ethereum,liquidation,return_shock,6,-0.01729872763366089
aave_v3_ethereum,liquidation,return_shock,7,-0.011318854039383307
aave_v3_ethereum,liquidation,return_shock,8,-0.006714906333091673
aave_v3_ethereum,liquidation,return_shock,9,-0.004151371722075576
aave_v3_ethereum,liquidation,return_shock,10,-0.0025671694678037495
aave_v3_ethereum,liquidation,return_shock,11,-0.0015760245113540467
aave_v3_ethereum,liquidation,return_shock,12,-0.0009632838768431154
aave_v3_ethereum,liquidation,return_shock,13,-0.0005960741497213551
aave_v3_ethereum,liquidation,return_shock,14,-0.00036516864578804915
aave_v3_ethereum,liquidation,return_shock,15,-0.00022460850940971632
aave_v3_ethereum,liquidation,return_shock,16,-0.00013808702552381495
aave_v3_ethereum,liquidation,return_shock,17,-8.492169342125577e-05
aave_v3_ethereum,liquidation,return_shock,18,-5.2157309148167287e-05
aave_v3_ethereum,liquidation,return_shock,19,-3.2085822469902475e-05
aave_v3_ethereum,liquidation,return_shock,20,-1.971662909296441e-05
aave_v3_ethereum,liquidation,return_shock,21,-1.2121486571213628e-05
aave_v3_ethereum,liquidation,return_shock,22,-7.450803804992464e-06
aave_v3_ethereum,liquidation,return_shock,23,-4.580643102556626e-06
aave_v3_ethereum,liquidation,return_shock,24,-2.815461439404466e-06
aave_v3_ethereum,liquidation,return_shock,25,-1.7308671987634482e-06
aave_v3_ethereum,liquidation,return_shock,26,-1.0639477135435096e-06
aave_v3_ethereum,liquidation,return_shock,27,-6.540421584708627e-07
aave_v3_ethereum,liquidation,return_shock,28,-4.0204444885511725e-07
aave_v3_ethereum,liquidation,return_shock,29,-2.471487022179537e-07
aave_v3_ethereum,liquidation,return_shock,30,-1.5192425660764898e-07
aave_v3_ethereum,liquidation,liquidation_shock,0,0.4921488933285775
aave_v3_ethereum,liquidation,liquidation_shock,1,0.12319450600056071
aave_v3_ethereum,liquidation,liquidation_shock,2,0.06031462228374493
aave_v3_ethereum,liquidation,liquidation_shock,3,0.07069732188876411
aave_v3_ethereum,liquidation,liquidation_shock,4,0.033636040573077064
aave_v3_ethereum,liquidation,liquidation_shock,5,0.01852644792907744
aave_v3_ethereum,liquidation,liquidation_shock,6,0.013911220611208778
aave_v3_ethereum,liquidation,liquidation_shock,7,0.007951370228872661
aave_v3_ethereum,liquidation,liquidation_shock,8,0.004706166539156703
aave_v3_ethereum,liquidation,liquidation_shock,9,0.0030535338743303627
aave_v3_ethereum,liquidation,liquidation_shock,10,0.0018507361088355297
aave_v3_ethereum,liquidation,liquidation_shock,11,0.0011192761362215458
aave_v3_ethereum,liquidation,liquidation_shock,12,0.0006998327956416405
aave_v3_ethereum,liquidation,liquidation_shock,13,0.0004286312895466457
aave_v3_ethereum,liquidation,liquidation_shock,14,0.00026222619319004573
aave_v3_ethereum,liquidation,liquidation_shock,15,0.00016186892769763113
aave_v3_ethereum,liquidation,liquidation_shock,16,9.948918998478722e-05
aave_v3_ethereum,liquidation,liquidation_shock,17,6.103986571844091e-05
aave_v3_ethereum,liquidation,liquidation_shock,18,3.7573364651076323e-05
aave_v3_ethereum,liquidation,liquidation_shock,19,2.309554389259134e-05
aave_v3_ethereum,liquidation,liquidation_shock,20,1.4190298986635898e-05
aave_v3_ethereum,liquidation,liquidation_shock,21,8.725402348260942e-06
aave_v3_ethereum,liquidation,liquidation_shock,22,5.364147824190309e-06
aave_v3_ethereum,liquidation,liquidation_shock,23,3.2967736218886903e-06
aave_v3_ethereum,liquidation,liquidation_shock,24,2.026793091052196e-06
aave_v3_ethereum,liquidation,liquidation_shock,25,1.245922409804586e-06
aave_v3_ethereum,liquidation,liquidation_shock,26,7.658590829901985e-07
aave_v3_ethereum,liquidation,liquidation_shock,27,4.7079293391042415e-07
aave_v3_ethereum,liquidation,liquidation_shock,28,2.894099424804918e-07
aave_v3_ethereum,liquidation,liquidation_shock,29,1.7790202989021466e-07
aave_v3_ethereum,liquidation,liquidation_shock,30,1.0936041124436142e-07
aave_v3_gnosis,basket_return,return_shock,0,0.9510054115763178
aave_v3_gnosis,basket_return,return_shock,1,-0.04291563901367215
aave_v3_gnosis,basket_return,return_shock,2,0.017517909174933264
aave_v3_gnosis,basket_return,return_shock,3,-0.07104055498443618
aave_v3_gnosis,basket_return,return_shock,4,0.011079476676013158
aave_v3_gnosis,basket_return,return_shock,5,-0.0030618712594415714
aave_v3_gnosis,basket_return,return_shock,6,0.005522468228477846
aave_v3_gnosis,basket_return,return_shock,7,-0.0008423718913839797
aave_v3_gnosis,basket_return,return_shock,8,0.0005116690732593922
aave_v3_gnosis,basket_return,return_shock,9,-0.00035929469456323046
aave_v3_gnosis,basket_return,return_shock,10,0.00018023483627616904
aave_v3_gnosis,basket_return,return_shock,11,-7.300506798988572e-06
aave_v3_gnosis,basket_return,return_shock,12,6.05958303222296e-05
aave_v3_gnosis,basket_return,return_shock,13,6.766560366728284e-06
aave_v3_gnosis,basket_return,return_shock,14,1.6603931553552535e-05
aave_v3_gnosis,basket_return,return_shock,15,5.056421951314746e-06
aave_v3_gnosis,basket_return,return_shock,16,6.764253606835002e-06
aave_v3_gnosis,basket_return,return_shock,17,3.343767542726031e-06
aave_v3_gnosis,basket_return,return_shock,18,2.8530094969444042e-06
aave_v3_gnosis,basket_return,return_shock,19,1.6633365689331062e-06
aave_v3_gnosis,basket_return,return_shock,20,1.2469671572809969e-06
aave_v3_gnosis,basket_return,return_shock,21,7.937421638075142e-07
aave_v3_gnosis,basket_return,return_shock,22,5.678838443259566e-07
aave_v3_gnosis,basket_return,return_shock,23,3.7527543448902263e-07
aave_v3_gnosis,basket_return,return_shock,24,2.60614703209597e-07
aave_v3_gnosis,basket_return,return_shock,25,1.7510285998940354e-07
aave_v3_gnosis,basket_return,return_shock,26,1.2027246693263537e-07
aave_v3_gnosis,basket_return,return_shock,27,8.141064920204875e-08
aave_v3_gnosis,basket_return,return_shock,28,5.5668793425268545e-08
aave_v3_gnosis,basket_return,return_shock,29,3.78067523284147e-08
aave_v3_gnosis,basket_return,return_shock,30,2.5789038801500042e-08
aave_v3_gnosis,basket_return,liquidation_shock,0,0.0
aave_v3_gnosis,basket_return,liquidation_shock,1,-0.009017232235293708
aave_v3_gnosis,basket_return,liquidation_shock,2,0.012699229736975015
aave_v3_gnosis,basket_return,liquidation_shock,3,-0.007843971048056035
aave_v3_gnosis,basket_return,liquidation_shock,4,-0.0003756651190903388
aave_v3_gnosis,basket_return,liquidation_shock,5,-0.0005261254605351947
aave_v3_gnosis,basket_return,liquidation_shock,6,-0.00035162245874716276
aave_v3_gnosis,basket_return,liquidation_shock,7,-0.000390829246231373
aave_v3_gnosis,basket_return,liquidation_shock,8,-7.766664989594511e-05
aave_v3_gnosis,basket_return,liquidation_shock,9,-0.0001761995737146325
aave_v3_gnosis,basket_return,liquidation_shock,10,-8.265864153623942e-05
aave_v3_gnosis,basket_return,liquidation_shock,11,-5.9941186249610204e-05
aave_v3_gnosis,basket_return,liquidation_shock,12,-4.0112263850473376e-05
aave_v3_gnosis,basket_return,liquidation_shock,13,-2.9100281917057616e-05
aave_v3_gnosis,basket_return,liquidation_shock,14,-1.8097382016480657e-05
aave_v3_gnosis,basket_return,liquidation_shock,15,-1.3273397338408655e-05
aave_v3_gnosis,basket_return,liquidation_shock,16,-8.753872143404861e-06
aave_v3_gnosis,basket_return,liquidation_shock,17,-6.000740126011075e-06
aave_v3_gnosis,basket_return,liquidation_shock,18,-4.072997097262634e-06
aave_v3_gnosis,basket_return,liquidation_shock,19,-2.792128834435588e-06
aave_v3_gnosis,basket_return,liquidation_shock,20,-1.8862788568600563e-06
aave_v3_gnosis,basket_return,liquidation_shock,21,-1.2919064507589866e-06
aave_v3_gnosis,basket_return,liquidation_shock,22,-8.775043771622711e-07
aave_v3_gnosis,basket_return,liquidation_shock,23,-5.979432059382821e-07
aave_v3_gnosis,basket_return,liquidation_shock,24,-4.069931855126514e-07
aave_v3_gnosis,basket_return,liquidation_shock,25,-2.773238142569915e-07
aave_v3_gnosis,basket_return,liquidation_shock,26,-1.8871492443469844e-07
aave_v3_gnosis,basket_return,liquidation_shock,27,-1.2856432054439388e-07
aave_v3_gnosis,basket_return,liquidation_shock,28,-8.752804068200904e-08
aave_v3_gnosis,basket_return,liquidation_shock,29,-5.960619937084736e-08
aave_v3_gnosis,basket_return,liquidation_shock,30,-4.058677725779309e-08
aave_v3_gnosis,liquidation,return_shock,0,-0.07771741983477197
aave_v3_gnosis,liquidation,return_shock,1,-0.13981230540773176
aave_v3_gnosis,liquidation,return_shock,2,-0.01785138434262254
aave_v3_gnosis,liquidation,return_shock,3,-0.026697572610807737
aave_v3_gnosis,liquidation,return_shock,4,-0.018168418642799923
aave_v3_gnosis,liquidation,return_shock,5,-0.011981062016085968
aave_v3_gnosis,liquidation,return_shock,6,-0.008093455492541913
aave_v3_gnosis,liquidation,return_shock,7,-0.006298377088001146
aave_v3_gnosis,liquidation,return_shock,8,-0.0037444384711330827
aave_v3_gnosis,liquidation,return_shock,9,-0.002672211105894165
aave_v3_gnosis,liquidation,return_shock,10,-0.0018176589107458663
aave_v3_gnosis,liquidation,return_shock,11,-0.0012355055148067684
aave_v3_gnosis,liquidation,return_shock,12,-0.000837037073786244
aave_v3_gnosis,liquidation,return_shock,13,-0.0005769152235146441
aave_v3_gnosis,liquidation,return_shock,14,-0.000388850810775101
aave_v3_gnosis,liquidation,return_shock,15,-0.0002657514544637812
aave_v3_gnosis,liquidation,return_shock,16,-0.00018091973330873723
aave_v3_gnosis,liquidation,return_shock,17,-0.0001232032051678632
aave_v3_gnosis,liquidation,return_shock,18,-8.38377526233004e-05
aave_v3_gnosis,liquidation,return_shock,19,-5.714888744213923e-05
aave_v3_gnosis,liquidation,return_shock,20,-3.8885294363467213e-05
aave_v3_gnosis,liquidation,return_shock,21,-2.6486390527739938e-05
aave_v3_gnosis,liquidation,return_shock,22,-1.8035236691697792e-05
aave_v3_gnosis,liquidation,return_shock,23,-1.2281385547792993e-05
aave_v3_gnosis,liquidation,return_shock,24,-8.362383956284839e-06
aave_v3_gnosis,liquidation,return_shock,25,-5.694861602505333e-06
aave_v3_gnosis,liquidation,return_shock,26,-3.877678414908484e-06
aave_v3_gnosis,liquidation,return_shock,27,-2.6405601467730796e-06
aave_v3_gnosis,liquidation,return_shock,28,-1.7980787765924744e-06
aave_v3_gnosis,liquidation,return_shock,29,-1.2244048255614335e-06
aave_v3_gnosis,liquidation,return_shock,30,-8.337512766392002e-07
aave_v3_gnosis,liquidation,liquidation_shock,0,0.2797743419057712
aave_v3_gnosis,liquidation,liquidation_shock,1,0.06555490472851261
aave_v3_gnosis,liquidation,liquidation_shock,2,0.04434431925550165
aave_v3_gnosis,liquidation,liquidation_shock,3,0.053755538877028525
aave_v3_gnosis,liquidation,liquidation_shock,4,0.027241773817689625
aave_v3_gnosis,liquidation,liquidation_shock,5,0.017828615845971993
aave_v3_gnosis,liquidation,liquidation_shock,6,0.014327907955607223
aave_v3_gnosis,liquidation,liquidation_shock,7,0.008925646371787358
aave_v3_gnosis,liquidation,liquidation_shock,8,0.006019194848356487
aave_v3_gnosis,liquidation,liquidation_shock,9,0.0042776030464836134
aave_v3_gnosis,liquidation,liquidation_shock,10,0.0028525098540006255
aave_v3_gnosis,liquidation,liquidation_shock,11,0.0019319847070237873
aave_v3_gnosis,liquidation,liquidation_shock,12,0.0013323067029601065
aave_v3_gnosis,liquidation,liquidation_shock,13,0.0009018309494155326
aave_v3_gnosis,liquidation,liquidation_shock,14,0.0006132800450628028
aave_v3_gnosis,liquidation,liquidation_shock,15,0.00041894374813868535
aave_v3_gnosis,liquidation,liquidation_shock,16,0.00028490654897178527
aave_v3_gnosis,liquidation,liquidation_shock,17,0.00019389433358837
aave_v3_gnosis,liquidation,liquidation_shock,18,0.00013215762426594435
aave_v3_gnosis,liquidation,liquidation_shock,19,8.995847128407048e-05
aave_v3_gnosis,liquidation,liquidation_shock,20,6.124848676359053e-05
aave_v3_gnosis,liquidation,liquidation_shock,21,4.171681489709561e-05
aave_v3_gnosis,liquidation,liquidation_shock,22,2.8404850554033286e-05
aave_v3_gnosis,liquidation,liquidation_shock,23,1.9341181920702898e-05
aave_v3_gnosis,liquidation,liquidation_shock,24,1.3171284856410676e-05
aave_v3_gnosis,liquidation,liquidation_shock,25,8.96876576610665e-06
aave_v3_gnosis,liquidation,liquidation_shock,26,6.107191770442769e-06
aave_v3_gnosis,liquidation,liquidation_shock,27,4.158755819721382e-06
aave_v3_gnosis,liquidation,liquidation_shock,28,2.8318891951415907e-06
aave_v3_gnosis,liquidation,liquidation_shock,29,1.9283626476297065e-06
aave_v3_gnosis,liquidation,liquidation_shock,30,1.3131234048140808e-06
aave_v3_linea,basket_return,return_shock,0,0.9604559849487216
aave_v3_linea,basket_return,return_shock,1,-0.04853417579359865
aave_v3_linea,basket_return,return_shock,2,0.02174148833493299
aave_v3_linea,basket_return,return_shock,3,0.002366579671356595
aave_v3_linea,basket_return,return_shock,4,0.0011146776145115247
aave_v3_linea,basket_return,return_shock,5,0.00027530561107895544
aave_v3_linea,basket_return,return_shock,6,8.480993252863593e-05
aave_v3_linea,basket_return,return_shock,7,2.3967219461844923e-05
aave_v3_linea,basket_return,return_shock,8,6.9953987628133705e-06
aave_v3_linea,basket_return,return_shock,9,2.01682669534958e-06
aave_v3_linea,basket_return,return_shock,10,5.841770449440132e-07
aave_v3_linea,basket_return,return_shock,11,1.6890963585185582e-07
aave_v3_linea,basket_return,return_shock,12,4.88713776042715e-08
aave_v3_linea,basket_return,return_shock,13,1.4136592493075915e-08
aave_v3_linea,basket_return,return_shock,14,4.089559984442183e-09
aave_v3_linea,basket_return,return_shock,15,1.183021473796399e-09
aave_v3_linea,basket_return,return_shock,16,3.42227307438002e-10
aave_v3_linea,basket_return,return_shock,17,9.899982428653283e-11
aave_v3_linea,basket_return,return_shock,18,2.8638815204737902e-11
aave_v3_linea,basket_return,return_shock,19,8.284672490639473e-12
aave_v3_linea,basket_return,return_shock,20,2.396601161970363e-12
aave_v3_linea,basket_return,return_shock,21,6.932919215547816e-13
aave_v3_linea,basket_return,return_shock,22,2.0055640285661253e-13
aave_v3_linea,basket_return,return_shock,23,5.801722024094093e-14
aave_v3_linea,basket_return,return_shock,24,1.678329794656477e-14
aave_v3_linea,basket_return,return_shock,25,4.855094542052747e-15
aave_v3_linea,basket_return,return_shock,26,1.4044881469173978e-15
aave_v3_linea,basket_return,return_shock,27,4.062921817723251e-16
aave_v3_linea,basket_return,return_shock,28,1.1753273771060395e-16
aave_v3_linea,basket_return,return_shock,29,3.4000025235181505e-17
aave_v3_linea,basket_return,return_shock,30,9.835572101276584e-18
aave_v3_linea,basket_return,liquidation_shock,0,0.0
aave_v3_linea,basket_return,liquidation_shock,1,-0.037027735787075036
aave_v3_linea,basket_return,liquidation_shock,2,-0.006651979251029614
aave_v3_linea,basket_return,liquidation_shock,3,-0.0023693423622055585
aave_v3_linea,basket_return,liquidation_shock,4,-0.0006366145251359793
aave_v3_linea,basket_return,liquidation_shock,5,-0.00018950988552903837
aave_v3_linea,basket_return,liquidation_shock,6,-5.4235222174650766e-05
aave_v3_linea,basket_return,liquidation_shock,7,-1.575353036449464e-05
aave_v3_linea,basket_return,liquidation_shock,8,-4.550153311906071e-06
aave_v3_linea,basket_return,liquidation_shock,9,-1.3170471152737424e-06
aave_v3_linea,basket_return,liquidation_shock,10,-3.809124040940597e-07
aave_v3_linea,basket_return,liquidation_shock,11,-1.1020013035942665e-07
aave_v3_linea,basket_return,liquidation_shock,12,-3.1877820629979337e-08
aave_v3_linea,basket_return,liquidation_shock,13,-9.221769594487833e-09
aave_v3_linea,basket_return,liquidation_shock,14,-2.667673420481679e-09
aave_v3_linea,basket_return,liquidation_shock,15,-7.717094240336713e-10
aave_v3_linea,basket_return,liquidation_shock,16,-2.2324097194479726e-10
aave_v3_linea,basket_return,liquidation_shock,17,-6.45794586523528e-11
aave_v3_linea,basket_return,liquidation_shock,18,-1.868162912596946e-11
aave_v3_linea,basket_return,liquidation_shock,19,-5.404246483837693e-12
aave_v3_linea,basket_return,liquidation_shock,20,-1.5633475226672036e-12
aave_v3_linea,basket_return,liquidation_shock,21,-4.5224723368079497e-13
aave_v3_linea,basket_return,liquidation_shock,22,-1.308266754214561e-13
aave_v3_linea,basket_return,liquidation_shock,23,-3.784571308178176e-14
aave_v3_linea,basket_return,liquidation_shock,24,-1.0948057745814824e-14
aave_v3_linea,basket_return,liquidation_shock,25,-3.1670685710964866e-15
aave_v3_linea,basket_return,liquidation_shock,26,-9.161737693968142e-16
aave_v3_linea,basket_return,liquidation_shock,27,-2.6503195524016804e-16
aave_v3_linea,basket_return,liquidation_shock,28,-7.666879323907455e-17
aave_v3_linea,basket_return,liquidation_shock,29,-2.217884953328063e-17
aave_v3_linea,basket_return,liquidation_shock,30,-6.415926817636617e-18
aave_v3_linea,liquidation,return_shock,0,-0.1978733020266602
aave_v3_linea,liquidation,return_shock,1,-0.270570573032304
aave_v3_linea,liquidation,return_shock,2,-0.054883106997600864
aave_v3_linea,liquidation,return_shock,3,-0.01844073812379844
aave_v3_linea,liquidation,return_shock,4,-0.005053453783637636
aave_v3_linea,liquidation,return_shock,5,-0.0014926883325176196
aave_v3_linea,liquidation,return_shock,6,-0.0004284281235169125
aave_v3_linea,liquidation,return_shock,7,-0.00012430667096920026
aave_v3_linea,liquidation,return_shock,8,-3.5918987531076096e-05
aave_v3_linea,liquidation,return_shock,9,-1.0395144234000314e-05
aave_v3_linea,liquidation,return_shock,10,-3.006632915476131e-06
aave_v3_linea,liquidation,return_shock,11,-8.698162439842168e-07
aave_v3_linea,liquidation,return_shock,12,-2.516157224868541e-07
aave_v3_linea,liquidation,return_shock,13,-7.278837093432289e-08
aave_v3_linea,liquidation,return_shock,14,-2.1056245341715e-08
aave_v3_linea,liquidation,return_shock,15,-6.091186128520154e-09
aave_v3_linea,liquidation,return_shock,16,-1.762065501967775e-09
aave_v3_linea,liquidation,return_shock,17,-5.097327231672551e-10
aave_v3_linea,liquidation,return_shock,18,-1.4745614363630143e-10
aave_v3_linea,liquidation,return_shock,19,-4.2656308648112314e-11
aave_v3_linea,liquidation,return_shock,20,-1.233967305070628e-11
aave_v3_linea,liquidation,return_shock,21,-3.56963689328758e-12
aave_v3_linea,liquidation,return_shock,22,-1.0326292626622617e-12
aave_v3_linea,liquidation,return_shock,23,-2.9872035394051175e-13
aave_v3_linea,liquidation,return_shock,24,-8.641421758843731e-14
aave_v3_linea,liquidation,return_shock,25,-2.4998018732317947e-14
aave_v3_linea,liquidation,return_shock,26,-7.231459798093303e-15
aave_v3_linea,liquidation,return_shock,27,-2.0919262191748384e-15
aave_v3_linea,liquidation,return_shock,28,-6.051551731723302e-16
aave_v3_linea,liquidation,return_shock,29,-1.7506008589720645e-16
aave_v3_linea,liquidation,return_shock,30,-5.0641612321708747e-17
aave_v3_linea,liquidation,liquidation_shock,0,0.538591418730492
aave_v3_linea,liquidation,liquidation_shock,1,0.13160196443260802
aave_v3_linea,liquidation,liquidation_shock,2,0.04072337341129825
aave_v3_linea,liquidation,liquidation_shock,3,0.011489613333560139
aave_v3_linea,liquidation,liquidation_shock,4,0.003355622412686077
aave_v3_linea,liquidation,liquidation_shock,5,0.0009672224730380122
aave_v3_linea,liquidation,liquidation_shock,6,0.0002801827114965873
aave_v3_linea,liquidation,liquidation_shock,7,8.100959954230692e-05
aave_v3_linea,liquidation,liquidation_shock,8,2.3439170954868887e-05
aave_v3_linea,liquidation,liquidation_shock,9,6.780009153151169e-06
aave_v3_linea,liquidation,liquidation_shock,10,1.9613853578838023e-06
aave_v3_linea,liquidation,liquidation_shock,11,5.673860697669853e-07
aave_v3_linea,liquidation,liquidation_shock,12,1.6413485548133323e-07
aave_v3_linea,liquidation,liquidation_shock,13,4.7481074301126344e-08
aave_v3_linea,liquidation,liquidation_shock,14,1.3735395738647748e-08
aave_v3_linea,liquidation,liquidation_shock,15,3.973392501098987e-09
aave_v3_linea,liquidation,liquidation_shock,16,1.1494283145362634e-09
aave_v3_linea,liquidation,liquidation_shock,17,3.3250812686763423e-10
aave_v3_linea,liquidation,liquidation_shock,18,9.618839023570043e-11
aave_v3_linea,liquidation,liquidation_shock,19,2.7825504146320445e-11
aave_v3_linea,liquidation,liquidation_shock,20,8.049398518483877e-12
aave_v3_linea,liquidation,liquidation_shock,21,2.3285406084457605e-12
aave_v3_linea,liquidation,liquidation_shock,22,6.736032956524841e-13
aave_v3_linea,liquidation,liquidation_shock,23,1.9486084894248975e-13
aave_v3_linea,liquidation,liquidation_shock,24,5.636960314858025e-14
aave_v3_linea,liquidation,liquidation_shock,25,1.630667307577132e-14
aave_v3_linea,liquidation,liquidation_shock,26,4.717215874380866e-15
aave_v3_linea,liquidation,liquidation_shock,27,1.3646024239252369e-15
aave_v3_linea,liquidation,liquidation_shock,28,3.947539873044316e-16
aave_v3_linea,liquidation,liquidation_shock,29,1.1419495360732786e-16
aave_v3_linea,liquidation,liquidation_shock,30,3.3034466652082306e-17
aave_v3_optimism,basket_return,return_shock,0,0.9775713116367992
aave_v3_optimism,basket_return,return_shock,1,-0.06020183391840296
aave_v3_optimism,basket_return,return_shock,2,0.0027815591740766054
aave_v3_optimism,basket_return,return_shock,3,-0.00029112581585673665
aave_v3_optimism,basket_return,return_shock,4,-7.5942978372179585e-06
aave_v3_optimism,basket_return,return_shock,5,-4.131646642651962e-06
aave_v3_optimism,basket_return,return_shock,6,-6.168776333348965e-07
aave_v3_optimism,basket_return,return_shock,7,-1.2452651999929743e-07
aave_v3_optimism,basket_return,return_shock,8,-2.2788888131528196e-08
aave_v3_optimism,basket_return,return_shock,9,-4.296308874998142e-09
aave_v3_optimism,basket_return,return_shock,10,-8.025304293511836e-10
aave_v3_optimism,basket_return,return_shock,11,-1.503356290689215e-10
aave_v3_optimism,basket_return,return_shock,12,-2.813721819647382e-11
aave_v3_optimism,basket_return,return_shock,13,-5.2676634497764344e-12
aave_v3_optimism,basket_return,return_shock,14,-9.860945945597312e-13
aave_v3_optimism,basket_return,return_shock,15,-1.8459942351269385e-13
aave_v3_optimism,basket_return,return_shock,16,-3.4557207814889066e-14
aave_v3_optimism,basket_return,return_shock,17,-6.469161841912442e-15
aave_v3_optimism,basket_return,return_shock,18,-1.2110360136829024e-15
aave_v3_optimism,basket_return,return_shock,19,-2.267076640803054e-16
aave_v3_optimism,basket_return,return_shock,20,-4.2439994070353197e-17
aave_v3_optimism,basket_return,return_shock,21,-7.944826850729071e-18
aave_v3_optimism,basket_return,return_shock,22,-1.4872828009606324e-18
aave_v3_optimism,basket_return,return_shock,23,-2.784214403021554e-19
aave_v3_optimism,basket_return,return_shock,24,-5.212088670631166e-20
aave_v3_optimism,basket_return,return_shock,25,-9.757103578853634e-21
aave_v3_optimism,basket_return,return_shock,26,-1.8265435655185407e-21
aave_v3_optimism,basket_return,return_shock,27,-3.4193153427540534e-22
aave_v3_optimism,basket_return,return_shock,28,-6.401006597291072e-23
aave_v3_optimism,basket_return,return_shock,29,-1.1982774722859529e-23
aave_v3_optimism,basket_return,return_shock,30,-2.243192346020802e-24
aave_v3_optimism,basket_return,liquidation_shock,0,0.0
aave_v3_optimism,basket_return,liquidation_shock,1,0.0020254863552102206
aave_v3_optimism,basket_return,liquidation_shock,2,0.00026214906750457435
aave_v3_optimism,basket_return,liquidation_shock,3,5.583592212665982e-05
aave_v3_optimism,basket_return,liquidation_shock,4,1.006192454308422e-05
aave_v3_optimism,basket_return,liquidation_shock,5,1.906176099366998e-06
aave_v3_optimism,basket_return,liquidation_shock,6,3.5553487096613186e-07
aave_v3_optimism,basket_return,liquidation_shock,7,6.66319691245228e-08
aave_v3_optimism,basket_return,liquidation_shock,8,1.2469245877608368e-08
aave_v3_optimism,basket_return,liquidation_shock,9,2.3345119220951384e-09
aave_v3_optimism,basket_return,liquidation_shock,10,4.3700939772594426e-10
aave_v3_optimism,basket_return,liquidation_shock,11,8.180961573883566e-11
aave_v3_optimism,basket_return,liquidation_shock,12,1.5314827066728975e-11
aave_v3_optimism,basket_return,liquidation_shock,13,2.866960051453682e-12
aave_v3_optimism,basket_return,liquidation_shock,14,5.366988074488425e-13
aave_v3_optimism,basket_return,liquidation_shock,15,1.0047078384789309e-13
aave_v3_optimism,basket_return,liquidation_shock,16,1.8808272045724558e-14
aave_v3_optimism,basket_return,liquidation_shock,17,3.5209351126774334e-15
aave_v3_optimism,basket_return,liquidation_shock,18,6.591240223276268e-16
aave_v3_optimism,basket_return,liquidation_shock,19,1.2338894766938785e-16
aave_v3_optimism,basket_return,liquidation_shock,20,2.3098585204592368e-17
aave_v3_optimism,basket_return,liquidation_shock,21,4.324087762426221e-18
aave_v3_optimism,basket_return,liquidation_shock,22,8.094753340770816e-19
aave_v3_optimism,basket_return,liquidation_shock,23,1.5153492539958078e-19
aave_v3_optimism,basket_return,liquidation_shock,24,2.836755197958828e-20
aave_v3_optimism,basket_return,liquidation_shock,25,5.310445781361503e-21
aave_v3_optimism,basket_return,liquidation_shock,26,9.94122947832968e-22
aave_v3_optimism,basket_return,liquidation_shock,27,1.86101219388596e-22
aave_v3_optimism,basket_return,liquidation_shock,28,3.483841101688191e-23
aave_v3_optimism,basket_return,liquidation_shock,29,6.5217997290328726e-24
aave_v3_optimism,basket_return,liquidation_shock,30,1.2208901170894946e-24
aave_v3_optimism,liquidation,return_shock,0,-0.1913603996592183
aave_v3_optimism,liquidation,return_shock,1,-0.1656120072778758
aave_v3_optimism,liquidation,return_shock,2,-0.023504086584631163
aave_v3_optimism,liquidation,return_shock,3,-0.004833245202765196
aave_v3_optimism,liquidation,return_shock,4,-0.0008797589741989868
aave_v3_optimism,liquidation,return_shock,5,-0.00016613833760823938
aave_v3_optimism,liquidation,return_shock,6,-3.1017774571924346e-05
aave_v3_optimism,liquidation,return_shock,7,-5.811398783476291e-06
aave_v3_optimism,liquidation,return_shock,8,-1.087623137390269e-06
aave_v3_optimism,liquidation,return_shock,9,-2.0362070179386953e-07
aave_v3_optimism,liquidation,return_shock,10,-3.8117151800230044e-08
aave_v3_optimism,liquidation,return_shock,11,-7.135638425724388e-09
aave_v3_optimism,liquidation,return_shock,12,-1.3357984798087814e-09
aave_v3_optimism,liquidation,return_shock,13,-2.5006354093513685e-10
aave_v3_optimism,liquidation,return_shock,14,-4.6812237541107684e-11
aave_v3_optimism,liquidation,return_shock,15,-8.763317559041064e-12
aave_v3_optimism,liquidation,return_shock,16,-1.6405053849266466e-12
aave_v3_optimism,liquidation,return_shock,17,-3.0710492620957756e-13
aave_v3_optimism,liquidation,return_shock,18,-5.749047565746673e-14
aave_v3_optimism,liquidation,return_shock,19,-1.0762298217787104e-14
aave_v3_optimism,liquidation,return_shock,20,-2.0147174207537296e-15
aave_v3_optimism,liquidation,return_shock,21,-3.771579456697662e-16
aave_v3_optimism,liquidation,return_shock,22,-7.060449991920827e-17
aave_v3_optimism,liquidation,return_shock,23,-1.3217262068038959e-17
aave_v3_optimism,liquidation,return_shock,24,-2.4742901199475443e-18
aave_v3_optimism,liquidation,return_shock,25,-4.631906037853339e-19
aave_v3_optimism,liquidation,return_shock,26,-8.670993498507766e-20
aave_v3_optimism,liquidation,return_shock,27,-1.6232222250783247e-20
aave_v3_optimism,liquidation,return_shock,28,-3.038694922838422e-21
aave_v3_optimism,liquidation,return_shock,29,-5.68847979742185e-22
aave_v3_optimism,liquidation,return_shock,30,-1.064891449367685e-22
aave_v3_optimism,liquidation,liquidation_shock,0,0.38808959717664226
aave_v3_optimism,liquidation,liquidation_shock,1,0.07373184591928776
aave_v3_optimism,liquidation,liquidation_shock,2,0.013740253927959875
aave_v3_optimism,liquidation,liquidation_shock,3,0.0025758031558985317
aave_v3_optimism,liquidation,liquidation_shock,4,0.00048198551823536894
aave_v3_optimism,liquidation,liquidation_shock,5,9.02404140571453e-05
aave_v3_optimism,liquidation,liquidation_shock,6,1.6892437029575276e-05
aave_v3_optimism,liquidation,liquidation_shock,7,3.1623282672956915e-06
aave_v3_optimism,liquidation,liquidation_shock,8,5.919899934428801e-07
aave_v3_optimism,liquidation,liquidation_shock,9,1.10821496784835e-07
aave_v3_optimism,liquidation,liquidation_shock,10,2.074593290749729e-08
aave_v3_optimism,liquidation,liquidation_shock,11,3.883668378470883e-09
aave_v3_optimism,liquidation,liquidation_shock,12,7.270281777298356e-10
aave_v3_optimism,liquidation,liquidation_shock,13,1.3610070282253e-10
aave_v3_optimism,liquidation,liquidation_shock,14,2.5478243635993817e-11
aave_v3_optimism,liquidation,liquidation_shock,15,4.76956318515366e-12
aave_v3_optimism,liquidation,liquidation_shock,16,8.928689618886074e-13
aave_v3_optimism,liquidation,liquidation_shock,17,1.6714633028084255e-13
aave_v3_optimism,liquidation,liquidation_shock,18,3.1290029013454546e-14
aave_v3_optimism,liquidation,liquidation_shock,19,5.857537608257412e-15
aave_v3_optimism,liquidation,liquidation_shock,20,1.0965393102374607e-15
aave_v3_optimism,liquidation,liquidation_shock,21,2.0527370702761318e-16
aave_v3_optimism,liquidation,liquidation_shock,22,3.84275277716067e-17
aave_v3_optimism,liquidation,liquidation_shock,23,7.193687452818802e-18
aave_v3_optimism,liquidation,liquidation_shock,24,1.3466684475880648e-18
aave_v3_optimism,liquidation,liquidation_shock,25,2.520982346847299e-19
aave_v3_optimism,liquidation,liquidation_shock,26,4.7193145458322195e-20
aave_v3_optimism,liquidation,liquidation_shock,27,8.834623459524246e-21
aave_v3_optimism,liquidation,liquidation_shock,28,1.653853984801778e-21
aave_v3_optimism,liquidation,liquidation_shock,29,3.0960380095158186e-22
aave_v3_optimism,liquidation,liquidation_shock,30,5.795826865281298e-23
aave_v3_polygon,basket_return,return_shock,0,0.9521229201863665
aave_v3_polygon,basket_return,return_shock,1,-0.07594882305973549
aave_v3_polygon,basket_return,return_shock,2,0.056654521240633415
aave_v3_polygon,basket_return,return_shock,3,-0.03881654175857664
aave_v3_polygon,basket_return,return_shock,4,0.0035086105618454375
aave_v3_polygon,basket_return,return_shock,5,-0.007959303709882107
aave_v3_polygon,basket_return,return_shock,6,0.0008513785379356265
aave_v3_polygon,basket_return,return_shock,7,-0.0012244172528362305
aave_v3_polygon,basket_return,return_shock,8,0.00028095494305323466
aave_v3_polygon,basket_return,return_shock,9,-0.00017377575256069368
aave_v3_polygon,basket_return,return_shock,10,6.927853178817504e-05
aave_v3_polygon,basket_return,return_shock,11,-2.6720849742915655e-05
aave_v3_polygon,basket_return,return_shock,12,1.393465876203734e-05
aave_v3_polygon,basket_return,return_shock,13,-4.749728640562191e-06
aave_v3_polygon,basket_return,return_shock,14,2.516867025965525e-06
aave_v3_polygon,basket_return,return_shock,15,-9.174504905839281e-07
aave_v3_polygon,basket_return,return_shock,16,4.386398025088859e-07
aave_v3_polygon,basket_return,return_shock,17,-1.781100513626819e-07
aave_v3_polygon,basket_return,return_shock,18,7.724019249816069e-08
aave_v3_polygon,basket_return,return_shock,19,-3.368002080243695e-08
aave_v3_polygon,basket_return,return_shock,20,1.3960770762127514e-08
aave_v3_polygon,basket_return,return_shock,21,-6.2137321625149044e-09
aave_v3_polygon,basket_return,return_shock,22,2.5722985287899234e-09
aave_v3_polygon,basket_return,return_shock,23,-1.1325497767780234e-09
aave_v3_polygon,basket_return,return_shock,24,4.768686915289623e-10
aave_v3_polygon,basket_return,return_shock,25,-2.06183644411135e-10
aave_v3_polygon,basket_return,return_shock,26,8.819984898366741e-11
aave_v3_polygon,basket_return,return_shock,27,-3.7684898248891166e-11
aave_v3_polygon,basket_return,return_shock,28,1.623964974024786e-11
aave_v3_polygon,basket_return,return_shock,29,-6.915811316484816e-12
aave_v3_polygon,basket_return,return_shock,30,2.9807827756960585e-12
aave_v3_polygon,basket_return,liquidation_shock,0,0.0
aave_v3_polygon,basket_return,liquidation_shock,1,0.006898382952529565
aave_v3_polygon,basket_return,liquidation_shock,2,0.06190885372673833
aave_v3_polygon,basket_return,liquidation_shock,3,0.006231330039285459
aave_v3_polygon,basket_return,liquidation_shock,4,0.011348539626136437
aave_v3_polygon,basket_return,liquidation_shock,5,4.823183286209035e-05
aave_v3_polygon,basket_return,liquidation_shock,6,0.0014554694757863175
aave_v3_polygon,basket_return,liquidation_shock,7,-0.00026764701788158253
aave_v3_polygon,basket_return,liquidation_shock,8,0.00016710222425572011
aave_v3_polygon,basket_return,liquidation_shock,9,-8.02117700867914e-05
aave_v3_polygon,basket_return,liquidation_shock,10,2.280715427912427e-05
aave_v3_polygon,basket_return,liquidation_shock,11,-1.6077011509954992e-05
aave_v3_polygon,basket_return,liquidation_shock,12,4.2609722935795e-06
aave_v3_polygon,basket_return,liquidation_shock,13,-2.749258929176648e-06
aave_v3_polygon,basket_return,liquidation_shock,14,9.025399441852316e-07
aave_v3_polygon,basket_return,liquidation_shock,15,-4.528755330421487e-07
aave_v3_polygon,basket_return,liquidation_shock,16,1.8458254194758021e-07
aave_v3_polygon,basket_return,liquidation_shock,17,-7.736416352436508e-08
aave_v3_polygon,basket_return,liquidation_shock,18,3.5364090628458604e-08
aave_v3_polygon,basket_return,liquidation_shock,19,-1.396206935354663e-08
aave_v3_polygon,basket_return,liquidation_shock,20,6.47858196695471e-09
aave_v3_polygon,basket_return,liquidation_shock,21,-2.603128710404179e-09
aave_v3_polygon,basket_return,liquidation_shock,22,1.1670602764195404e-09
aave_v3_polygon,basket_return,liquidation_shock,23,-4.878779593358974e-10
aave_v3_polygon,basket_return,liquidation_shock,24,2.1079676311852088e-10
aave_v3_polygon,basket_return,liquidation_shock,25,-9.068561354148773e-11
aave_v3_polygon,basket_return,liquidation_shock,26,3.8440895424269484e-11
aave_v3_polygon,basket_return,liquidation_shock,27,-1.6699490546943926e-11
aave_v3_polygon,basket_return,liquidation_shock,28,7.063228558809281e-12
aave_v3_polygon,basket_return,liquidation_shock,29,-3.0594238530782227e-12
aave_v3_polygon,basket_return,liquidation_shock,30,1.301483300255643e-12
aave_v3_polygon,liquidation,return_shock,0,-0.2526694879887281
aave_v3_polygon,liquidation,return_shock,1,-0.2342272913129043
aave_v3_polygon,liquidation,return_shock,2,-0.03367490570816927
aave_v3_polygon,liquidation,return_shock,3,-0.03665545483372686
aave_v3_polygon,liquidation,return_shock,4,-8.566088288371177e-05
aave_v3_polygon,liquidation,return_shock,5,-0.004060304645178186
aave_v3_polygon,liquidation,return_shock,6,0.0010121270011904395
aave_v3_polygon,liquidation,return_shock,7,-0.0004155137612008286
aave_v3_polygon,liquidation,return_shock,8,0.0002749879226194061
aave_v3_polygon,liquidation,return_shock,9,-5.87541299995091e-05
aave_v3_polygon,liquidation,return_shock,10,5.117526446739676e-05
aave_v3_polygon,liquidation,return_shock,11,-1.2421737202584119e-05
aave_v3_polygon,liquidation,return_shock,12,8.288830592558825e-06
aave_v3_polygon,liquidation,return_shock,13,-2.791471721368279e-06
aave_v3_polygon,liquidation,return_shock,14,1.3297625138554758e-06
aave_v3_polygon,liquidation,return_shock,15,-5.745685575372459e-07
aave_v3_polygon,liquidation,return_shock,16,2.2762776004371726e-07
aave_v3_polygon,liquidation,return_shock,17,-1.0875292035148451e-07
aave_v3_polygon,liquidation,return_shock,18,4.170337807656046e-08
aave_v3_polygon,liquidation,return_shock,19,-1.9657942069198212e-08
aave_v3_polygon,liquidation,return_shock,20,7.869583637827414e-09
aave_v3_polygon,liquidation,return_shock,21,-3.5139229402851602e-09
aave_v3_polygon,liquidation,return_shock,22,1.4814450124104409e-09
aave_v3_polygon,liquidation,return_shock,23,-6.337470255463047e-10
aave_v3_polygon,liquidation,return_shock,24,2.75158349507143e-10
aave_v3_polygon,liquidation,return_shock,25,-1.15794120572575e-10
aave_v3_polygon,liquidation,return_shock,26,5.054746133541058e-11
aave_v3_polygon,liquidation,return_shock,27,-2.1326457903600113e-11
aave_v3_polygon,liquidation,return_shock,28,9.243131891223764e-12
aave_v3_polygon,liquidation,return_shock,29,-3.934812144247604e-12
aave_v3_polygon,liquidation,return_shock,30,1.6907166171258565e-12
aave_v3_polygon,liquidation,liquidation_shock,0,0.5246088193574422
aave_v3_polygon,liquidation,liquidation_shock,1,0.08237532944808394
aave_v3_polygon,liquidation,liquidation_shock,2,0.05438264178779848
aave_v3_polygon,liquidation,liquidation_shock,3,0.002678298737702014
aave_v3_polygon,liquidation,liquidation_shock,4,0.004124921651065388
aave_v3_polygon,liquidation,liquidation_shock,5,-0.0013985630282520609
aave_v3_polygon,liquidation,liquidation_shock,6,0.0002055750263501381
aave_v3_polygon,liquidation,liquidation_shock,7,-0.0003789618591583257
aave_v3_polygon,liquidation,liquidation_shock,8,2.455420443108405e-05
aave_v3_polygon,liquidation,liquidation_shock,9,-6.356085481735836e-05
aave_v3_polygon,liquidation,liquidation_shock,10,9.859377244988244e-06
aave_v3_polygon,liquidation,liquidation_shock,11,-8.997767452812177e-06
aave_v3_polygon,liquidation,liquidation_shock,12,2.8747664115434748e-06
aave_v3_polygon,liquidation,liquidation_shock,13,-1.2932395676627502e-06
aave_v3_polygon,liquidation,liquidation_shock,14,6.303710994024422e-07
aave_v3_polygon,liquidation,liquidation_shock,15,-2.1484297477796035e-07
aave_v3_polygon,liquidation,liquidation_shock,16,1.1809919162789134e-07
aave_v3_polygon,liquidation,liquidation_shock,17,-4.0636922609063034e-08
aave_v3_polygon,liquidation,liquidation_shock,18,2.0670190558170962e-08
aave_v3_polygon,liquidation,liquidation_shock,19,-7.96870123639299e-09
aave_v3_polygon,liquidation,liquidation_shock,20,3.5958701617050444e-09
aave_v3_polygon,liquidation,liquidation_shock,21,-1.5308042296934485e-09
aave_v3_polygon,liquidation,liquidation_shock,22,6.412792024108516e-10
aave_v3_polygon,liquidation,liquidation_shock,23,-2.8532608841097476e-10
aave_v3_polygon,liquidation,liquidation_shock,24,1.1736065666231107e-10
aave_v3_polygon,liquidation,liquidation_shock,25,-5.216987151874301e-11
aave_v3_polygon,liquidation,liquidation_shock,26,2.17474685031349e-11
aave_v3_polygon,liquidation,liquidation_shock,27,-9.485519902682453e-12
aave_v3_polygon,liquidation,liquidation_shock,28,4.031639711486027e-12
aave_v3_polygon,liquidation,liquidation_shock,29,-1.7294099197461982e-12
aave_v3_polygon,liquidation,liquidation_shock,30,7.439822745547219e-13
aave_v3_scroll,basket_return,return_shock,0,0.9590985885989027
aave_v3_scroll,basket_return,return_shock,1,-0.05464439811043632
aave_v3_scroll,basket_return,return_shock,2,0.05532209055044796
aave_v3_scroll,basket_return,return_shock,3,-0.061596779571276995
aave_v3_scroll,basket_return,return_shock,4,0.027184470128673744
aave_v3_scroll,basket_return,return_shock,5,-0.007028484211411861
aave_v3_scroll,basket_return,return_shock,6,0.002216247773080685
aave_v3_scroll,basket_return,return_shock,7,-0.0007444268494185837
aave_v3_scroll,basket_return,return_shock,8,0.0008145147046844093
aave_v3_scroll,basket_return,return_shock,9,-0.00024570000317742063
aave_v3_scroll,basket_return,return_shock,10,0.0001911346306876804
aave_v3_scroll,basket_return,return_shock,11,1.1026169169211785e-05
aave_v3_scroll,basket_return,return_shock,12,4.6402443707530144e-05
aave_v3_scroll,basket_return,return_shock,13,1.3971502939712664e-05
aave_v3_scroll,basket_return,return_shock,14,1.9686665665287283e-05
aave_v3_scroll,basket_return,return_shock,15,8.723554281431618e-06
aave_v3_scroll,basket_return,return_shock,16,7.839499846757405e-06
aave_v3_scroll,basket_return,return_shock,17,4.758913480859706e-06
aave_v3_scroll,basket_return,return_shock,18,3.5341558401189657e-06
aave_v3_scroll,basket_return,return_shock,19,2.300346804904776e-06
aave_v3_scroll,basket_return,return_shock,20,1.6466193769338509e-06
aave_v3_scroll,basket_return,return_shock,21,1.1063599313360054e-06
aave_v3_scroll,basket_return,return_shock,22,7.710369263196996e-07
aave_v3_scroll,basket_return,return_shock,23,5.266165248983527e-07
aave_v3_scroll,basket_return,return_shock,24,3.6410298467205056e-07
aave_v3_scroll,basket_return,return_shock,25,2.4965394736222775e-07
aave_v3_scroll,basket_return,return_shock,26,1.721380369769082e-07
aave_v3_scroll,basket_return,return_shock,27,1.1828682763539236e-07
aave_v3_scroll,basket_return,return_shock,28,8.144071168932916e-08
aave_v3_scroll,basket_return,return_shock,29,5.6007396397520384e-08
aave_v3_scroll,basket_return,return_shock,30,3.854550834254558e-08
aave_v3_scroll,basket_return,liquidation_shock,0,0.0
aave_v3_scroll,basket_return,liquidation_shock,1,0.0009624219213587006
aave_v3_scroll,basket_return,liquidation_shock,2,0.009759936225223894
aave_v3_scroll,basket_return,liquidation_shock,3,-0.03475200919956149
aave_v3_scroll,basket_return,liquidation_shock,4,-0.0028485464765563885
aave_v3_scroll,basket_return,liquidation_shock,5,-0.005805674167103707
aave_v3_scroll,basket_return,liquidation_shock,6,-0.00413445807218538
aave_v3_scroll,basket_return,liquidation_shock,7,-0.0030025132181712324
aave_v3_scroll,basket_return,liquidation_shock,8,-0.0016555048197437522
aave_v3_scroll,basket_return,liquidation_shock,9,-0.0013877006364466577
aave_v3_scroll,basket_return,liquidation_shock,10,-0.0008804642226414672
aave_v3_scroll,basket_return,liquidation_shock,11,-0.0006160658596159822
aave_v3_scroll,basket_return,liquidation_shock,12,-0.00042097645938186
aave_v3_scroll,basket_return,liquidation_shock,13,-0.00029378515878131277
aave_v3_scroll,basket_return,liquidation_shock,14,-0.0001992282338813305
aave_v3_scroll,basket_return,liquidation_shock,15,-0.00013819653349234694
aave_v3_scroll,basket_return,liquidation_shock,16,-9.481416090976402e-05
aave_v3_scroll,basket_return,liquidation_shock,17,-6.530025020624007e-05
aave_v3_scroll,basket_return,liquidation_shock,18,-4.4879952761730894e-05
aave_v3_scroll,basket_return,liquidation_shock,19,-3.0911696464864556e-05
aave_v3_scroll,basket_return,liquidation_shock,20,-2.1252284711211525e-05
aave_v3_scroll,basket_return,liquidation_shock,21,-1.4626693788915006e-05
aave_v3_scroll,basket_return,liquidation_shock,22,-1.0062039546440725e-05
aave_v3_scroll,basket_return,liquidation_shock,23,-6.9234665782212115e-06
aave_v3_scroll,basket_return,liquidation_shock,24,-4.7630450234936545e-06
aave_v3_scroll,basket_return,liquidation_shock,25,-3.277247335525743e-06
aave_v3_scroll,basket_return,liquidation_shock,26,-2.2547196653905214e-06
aave_v3_scroll,basket_return,liquidation_shock,27,-1.551304096941271e-06
aave_v3_scroll,basket_return,liquidation_shock,28,-1.0673107421022095e-06
aave_v3_scroll,basket_return,liquidation_shock,29,-7.343306248471307e-07
aave_v3_scroll,basket_return,liquidation_shock,30,-5.052276925907986e-07
aave_v3_scroll,liquidation,return_shock,0,-0.1614556013764448
aave_v3_scroll,liquidation,return_shock,1,-0.2442235047082157
aave_v3_scroll,liquidation,return_shock,2,-0.011834110698869743
aave_v3_scroll,liquidation,return_shock,3,0.04737331363135281
aave_v3_scroll,liquidation,return_shock,4,-0.022876069831053232
aave_v3_scroll,liquidation,return_shock,5,-0.002815701272959081
aave_v3_scroll,liquidation,return_shock,6,-0.00026318776215258997
aave_v3_scroll,liquidation,return_shock,7,-0.0015516305521040812
aave_v3_scroll,liquidation,return_shock,8,-0.0013962424931024727
aave_v3_scroll,liquidation,return_shock,9,-0.0004272014999247747
aave_v3_scroll,liquidation,return_shock,10,-0.0004969431137640282
aave_v3_scroll,liquidation,return_shock,11,-0.00032503890261376063
aave_v3_scroll,liquidation,return_shock,12,-0.00021343509383543383
aave_v3_scroll,liquidation,return_shock,13,-0.00014552182261531895
aave_v3_scroll,liquidation,return_shock,14,-0.00010516643025370934
aave_v3_scroll,liquidation,return_shock,15,-6.972519917935002e-05
aave_v3_scroll,liquidation,return_shock,16,-4.853459906843539e-05
aave_v3_scroll,liquidation,return_shock,17,-3.339922475564462e-05
aave_v3_scroll,liquidation,return_shock,18,-2.2989099087230608e-05
aave_v3_scroll,liquidation,return_shock,19,-1.5769735789267033e-05
aave_v3_scroll,liquidation,return_shock,20,-1.088102526249151e-05
aave_v3_scroll,liquidation,return_shock,21,-7.476339647063388e-06
aave_v3_scroll,liquidation,return_shock,22,-5.145306490321355e-06
aave_v3_scroll,liquidation,return_shock,23,-3.539738908545675e-06
aave_v3_scroll,liquidation,return_shock,24,-2.4358640883438717e-06
aave_v3_scroll,liquidation,return_shock,25,-1.6755543325563256e-06
aave_v3_scroll,liquidation,return_shock,26,-1.1529519241472636e-06
aave_v3_scroll,liquidation,return_shock,27,-7.932120176287665e-07
aave_v3_scroll,liquidation,return_shock,28,-5.457498309180686e-07
aave_v3_scroll,liquidation,return_shock,29,-3.754784312850381e-07
aave_v3_scroll,liquidation,return_shock,30,-2.583387781947046e-07
aave_v3_scroll,liquidation,liquidation_shock,0,0.5183214621677504
aave_v3_scroll,liquidation,liquidation_shock,1,0.09966545857973745
aave_v3_scroll,liquidation,liquidation_shock,2,0.07784080664089263
aave_v3_scroll,liquidation,liquidation_shock,3,0.10898365056742494
aave_v3_scroll,liquidation,liquidation_shock,4,0.05437337307710303
aave_v3_scroll,liquidation,liquidation_shock,5,0.035917175135605946
aave_v3_scroll,liquidation,liquidation_shock,6,0.02779369775935151
aave_v3_scroll,liquidation,liquidation_shock,7,0.018639967154956416
aave_v3_scroll,liquidation,liquidation_shock,8,0.01239177023772789
aave_v3_scroll,liquidation,liquidation_shock,9,0.008776756217153127
aave_v3_scroll,liquidation,liquidation_shock,10,0.006012118417023369
aave_v3_scroll,liquidation,liquidation_shock,11,0.004112491060065296
aave_v3_scroll,liquidation,liquidation_shock,12,0.0028377015568301646
aave_v3_scroll,liquidation,liquidation_shock,13,0.001955015450006092
aave_v3_scroll,liquidation,liquidation_shock,14,0.0013423809684508347
aave_v3_scroll,liquidation,liquidation_shock,15,0.0009242411198699813
aave_v3_scroll,liquidation,liquidation_shock,16,0.0006360063025409222
aave_v3_scroll,liquidation,liquidation_shock,17,0.00043748797421266184
aave_v3_scroll,liquidation,liquidation_shock,18,0.0003009891529583252
aave_v3_scroll,liquidation,liquidation_shock,19,0.0002071109144638689
aave_v3_scroll,liquidation,liquidation_shock,20,0.00014248526990603638
aave_v3_scroll,liquidation,liquidation_shock,21,9.803249781944578e-05
aave_v3_scroll,liquidation,liquidation_shock,22,6.744858359760058e-05
aave_v3_scroll,liquidation,liquidation_shock,23,4.640557776158003e-05
aave_v3_scroll,liquidation,liquidation_shock,24,3.1927494105686035e-05
aave_v3_scroll,liquidation,liquidation_shock,25,2.1966714686641722e-05
aave_v3_scroll,liquidation,liquidation_shock,26,1.5113399240939862e-05
aave_v3_scroll,liquidation,liquidation_shock,27,1.0398238451155466e-05
aave_v3_scroll,liquidation,liquidation_shock,28,7.154142488392436e-06
aave_v3_scroll,liquidation,liquidation_shock,29,4.922157539615618e-06
aave_v3_scroll,liquidation,liquidation_shock,30,3.3865155818522826e-06
aave_v3_sonic,basket_return,return_shock,0,0.7454796150644724
aave_v3_sonic,basket_return,return_shock,1,-0.03210635684201381
aave_v3_sonic,basket_return,return_shock,2,-0.0018777226057897795
aave_v3_sonic,basket_return,return_shock,3,9.360726620827238e-06
aave_v3_sonic,basket_return,return_shock,4,3.1612851081465743e-06
aave_v3_sonic,basket_return,return_shock,5,5.459753768906213e-08
aave_v3_sonic,basket_return,return_shock,6,-3.779181901515607e-09
aave_v3_sonic,basket_return,return_shock,7,-1.688349194586249e-10
aave_v3_sonic,basket_return,return_shock,8,2.2464358191683455e-12
aave_v3_sonic,basket_return,return_shock,9,3.1505559387381895e-13
aave_v3_sonic,basket_return,return_shock,10,3.373397169742153e-15
aave_v3_sonic,basket_return,return_shock,11,-4.2198730476151825e-16
aave_v3_sonic,basket_return,return_shock,12,-1.4565594613186212e-17
aave_v3_sonic,basket_return,return_shock,13,3.4485523096315628e-19
aave_v3_sonic,basket_return,return_shock,14,3.0493125773292927e-20
aave_v3_sonic,basket_return,return_shock,15,1.258930274544657e-22
aave_v3_sonic,basket_return,return_shock,16,-4.524238360287134e-23
aave_v3_sonic,basket_return,return_shock,17,-1.1904454017926267e-24
aave_v3_sonic,basket_return,return_shock,18,4.51133969487685e-26
aave_v3_sonic,basket_return,return_shock,19,2.8634767367358518e-27
aave_v3_sonic,basket_return,return_shock,20,-8.217281687631781e-30
aave_v3_sonic,basket_return,return_shock,21,-4.688019962920464e-30
aave_v3_sonic,basket_return,return_shock,22,-8.988206682428375e-32
aave_v3_sonic,basket_return,return_shock,23,5.408764884017616e-33
aave_v3_sonic,basket_return,return_shock,24,2.6012136167990755e-34
aave_v3_sonic,basket_return,return_shock,25,-2.809687860315777e-36
aave_v3_sonic,basket_return,return_shock,26,-4.711155966243516e-37
aave_v3_sonic,basket_return,return_shock,27,-5.909424300394218e-39
aave_v3_sonic,basket_return,return_shock,28,6.1204275493269975e-40
aave_v3_sonic,basket_return,return_shock,29,2.2726220017054538e-41
aave_v3_sonic,basket_return,return_shock,30,-4.650685064968343e-43
aave_v3_sonic,basket_return,liquidation_shock,0,0.0
aave_v3_sonic,basket_return,liquidation_shock,1,0.007069665787555165
aave_v3_sonic,basket_return,liquidation_shock,2,0.00015505248538272962
aave_v3_sonic,basket_return,liquidation_shock,3,-7.728722631541433e-06
aave_v3_sonic,basket_return,liquidation_shock,4,-4.135967037750913e-07
aave_v3_sonic,basket_return,liquidation_shock,5,3.0958230376680104e-09
aave_v3_sonic,basket_return,liquidation_shock,6,7.189980655882675e-10
aave_v3_sonic,basket_return,liquidation_shock,7,1.089555751526652e-11
aave_v3_sonic,basket_return,liquidation_shock,8,-8.929128223040007e-13
aave_v3_sonic,basket_return,liquidation_shock,9,-3.6735652504091317e-14
aave_v3_sonic,basket_return,liquidation_shock,10,5.999692167189197e-16
aave_v3_sonic,basket_return,liquidation_shock,11,7.098928488754575e-17
aave_v3_sonic,basket_return,liquidation_shock,12,6.124475993321801e-19
aave_v3_sonic,basket_return,liquidation_shock,13,-9.832187797076847e-20
aave_v3_sonic,basket_return,liquidation_shock,14,-3.12054256447203e-21
aave_v3_sonic,basket_return,liquidation_shock,15,8.634217975741413e-23
aave_v3_sonic,basket_return,liquidation_shock,16,6.806144737125093e-24
aave_v3_sonic,basket_return,liquidation_shock,17,1.334965983943098e-26
aave_v3_sonic,basket_return,liquidation_shock,18,-1.042171531538182e-26
aave_v3_sonic,basket_return,liquidation_shock,19,-2.4958546878368796e-28
aave_v3_sonic,basket_return,liquidation_shock,20,1.093234595148461e-29
aave_v3_sonic,basket_return,liquidation_shock,21,6.326763772931658e-31
aave_v3_sonic,basket_return,liquidation_shock,22,-3.334219831335732e-33
aave_v3_sonic,basket_return,liquidation_shock,23,-1.0691104551375451e-33
aave_v3_sonic,basket_return,liquidation_shock,24,-1.819895731192376e-35
aave_v3_sonic,basket_return,liquidation_shock,25,1.2838947782786117e-36
aave_v3_sonic,basket_return,liquidation_shock,26,5.680800022380142e-38
aave_v3_sonic,basket_return,liquidation_shock,27,-7.752400490388584e-40
aave_v3_sonic,basket_return,liquidation_shock,28,-1.0643201948203821e-40
aave_v3_sonic,basket_return,liquidation_shock,29,-1.1138622905800944e-42
aave_v3_sonic,basket_return,liquidation_shock,30,1.4312015905632306e-43
aave_v3_sonic,liquidation,return_shock,0,-0.1924010236021373
aave_v3_sonic,liquidation,return_shock,1,-0.1895806518910214
aave_v3_sonic,liquidation,return_shock,2,-0.0038550130152735693
aave_v3_sonic,liquidation,return_shock,3,0.00021389687067639894
aave_v3_sonic,liquidation,return_shock,4,1.0759916913448271e-05
aave_v3_sonic,liquidation,return_shock,5,-1.0073750589539187e-07
aave_v3_sonic,liquidation,return_shock,6,-1.914806821900712e-08
aave_v3_sonic,liquidation,return_shock,7,-2.613720405881112e-10
aave_v3_sonic,liquidation,return_shock,8,2.4411210374166277e-11
aave_v3_sonic,liquidation,return_shock,9,9.468508143339955e-13
aave_v3_sonic,liquidation,return_shock,10,-1.7662679821530315e-14
aave_v3_sonic,liquidation,return_shock,11,-1.8779491799140657e-15
aave_v3_sonic,liquidation,return_shock,12,-1.3382047927957789e-17
aave_v3_sonic,liquidation,return_shock,13,2.662845407844757e-18
aave_v3_sonic,liquidation,return_shock,14,7.946828915875482e-20
aave_v3_sonic,liquidation,return_shock,15,-2.449051146385594e-21
aave_v3_sonic,liquidation,return_shock,16,-1.7881490012130594e-22
aave_v3_sonic,liquidation,return_shock,17,-6.639015789427513e-26
aave_v3_sonic,liquidation,return_shock,18,2.800413850006733e-25
aave_v3_sonic,liquidation,return_shock,19,6.246404447315627e-27
aave_v3_sonic,liquidation,return_shock,20,-3.038555285153022e-28
aave_v3_sonic,liquidation,return_shock,21,-1.6497520108000856e-29
aave_v3_sonic,liquidation,return_shock,22,1.1651638837576877e-31
aave_v3_sonic,liquidation,return_shock,23,2.8526492908523425e-32
aave_v3_sonic,liquidation,return_shock,24,4.422206757598876e-34
aave_v3_sonic,liquidation,return_shock,25,-3.520870895545203e-35
aave_v3_sonic,liquidation,return_shock,26,-1.468361477092575e-36
aave_v3_sonic,liquidation,return_shock,27,2.3222713108867334e-38
aave_v3_sonic,liquidation,return_shock,28,2.8208749102325295e-39
aave_v3_sonic,liquidation,return_shock,29,2.5309548368291195e-41
aave_v3_sonic,liquidation,return_shock,30,-3.8856413243364113e-42
aave_v3_sonic,liquidation,liquidation_shock,0,0.4290328678245035
aave_v3_sonic,liquidation,liquidation_shock,1,0.026062582950386843
aave_v3_sonic,liquidation,liquidation_shock,2,-0.00010379375002638448
aave_v3_sonic,liquidation,liquidation_shock,3,-4.330515766621074e-05
aave_v3_sonic,liquidation,liquidation_shock,4,-7.863760323529705e-07
aave_v3_sonic,liquidation,liquidation_shock,5,5.092582186508886e-08
aave_v3_sonic,liquidation,liquidation_shock,6,2.354853395224073e-09
aave_v3_sonic,liquidation,liquidation_shock,7,-2.8522598462011552e-11
aave_v3_sonic,liquidation,liquidation_shock,8,-4.33266292382258e-12
aave_v3_sonic,liquidation,liquidation_shock,9,-5.0122917824719105e-14
aave_v3_sonic,liquidation,liquidation_shock,10,5.721348726905284e-15
aave_v3_sonic,liquidation,liquidation_shock,11,2.0438655747965006e-16
aave_v3_sonic,liquidation,liquidation_shock,12,-4.524149919989689e-18
aave_v3_sonic,liquidation,liquidation_shock,13,-4.209773938565884e-19
aave_v3_sonic,liquidation,liquidation_shock,14,-2.110815449498344e-21
aave_v3_sonic,liquidation,liquidation_shock,15,6.16424619625013e-22
aave_v3_sonic,liquidation,liquidation_shock,16,1.684240374859822e-23
aave_v3_sonic,liquidation,liquidation_shock,17,-6.010109477238183e-25
aave_v3_sonic,liquidation,liquidation_shock,18,-3.9695396424461953e-26
aave_v3_sonic,liquidation,liquidation_shock,19,7.553244312179821e-29
aave_v3_sonic,liquidation,liquidation_shock,20,6.414664035499636e-29
aave_v3_sonic,liquidation,liquidation_shock,21,1.2879631893162667e-30
aave_v3_sonic,liquidation,liquidation_shock,22,-7.273445452064271e-32
aave_v3_sonic,liquidation,liquidation_shock,23,-3.622780361582686e-33
aave_v3_sonic,liquidation,liquidation_shock,24,3.5046329627130997e-35
aave_v3_sonic,liquidation,liquidation_shock,25,6.471762501123911e-36
aave_v3_sonic,liquidation,liquidation_shock,26,8.676790926225207e-38
aave_v3_sonic,liquidation,liquidation_shock,27,-8.285102606921306e-39
aave_v3_sonic,liquidation,liquidation_shock,28,-3.183030051934651e-40
aave_v3_sonic,liquidation,liquidation_shock,29,6.061687463196678e-42
aave_v3_sonic,liquidation,liquidation_shock,30,6.340305515751578e-43
benqi_lending_avalanche,basket_return,return_shock,0,0.8786310333649112
benqi_lending_avalanche,basket_return,return_shock,1,0.15896165092725353
benqi_lending_avalanche,basket_return,return_shock,2,0.03085933033694721
benqi_lending_avalanche,basket_return,return_shock,3,0.006416507877376975
benqi_lending_avalanche,basket_return,return_shock,4,0.001414615618327164
benqi_lending_avalanche,basket_return,return_shock,5,0.0003260645993337822
benqi_lending_avalanche,basket_return,return_shock,6,7.751798791555429e-05
benqi_lending_avalanche,basket_return,return_shock,7,1.8804711928820985e-05
benqi_lending_avalanche,basket_return,return_shock,8,4.619714145347876e-06
benqi_lending_avalanche,basket_return,return_shock,9,1.1436808902040613e-06
benqi_lending_avalanche,basket_return,return_shock,10,2.844444339214128e-07
benqi_lending_avalanche,basket_return,return_shock,11,7.093797211947978e-08
benqi_lending_avalanche,basket_return,return_shock,12,1.771991188409609e-08
benqi_lending_avalanche,basket_return,return_shock,13,4.430541755671776e-09
benqi_lending_avalanche,basket_return,return_shock,14,1.1083940259065628e-09
benqi_lending_avalanche,basket_return,return_shock,15,2.773788891936247e-10
benqi_lending_avalanche,basket_return,return_shock,16,6.942817352896329e-11
benqi_lending_avalanche,basket_return,return_shock,17,1.737987844637485e-11
benqi_lending_avalanche,basket_return,return_shock,18,4.350971230493238e-12
benqi_lending_avalanche,basket_return,return_shock,19,1.0892870952471489e-12
benqi_lending_avalanche,basket_return,return_shock,20,2.727145197931393e-13
benqi_lending_avalanche,basket_return,return_shock,21,6.827785557628247e-14
benqi_lending_avalanche,basket_return,return_shock,22,1.7094437899223694e-14
benqi_lending_avalanche,basket_return,return_shock,23,4.279881375816382e-15
benqi_lending_avalanche,basket_return,return_shock,24,1.071543442776811e-15
benqi_lending_avalanche,basket_return,return_shock,25,2.6828012710243177e-16
benqi_lending_avalanche,basket_return,return_shock,26,6.71688040246375e-17
benqi_lending_avalanche,basket_return,return_shock,27,1.6816939308405898e-17
benqi_lending_avalanche,basket_return,return_shock,28,4.210429814042033e-18
benqi_lending_avalanche,basket_return,return_shock,29,1.0541586728333445e-18
benqi_lending_avalanche,basket_return,return_shock,30,2.6392807245184704e-19
benqi_lending_avalanche,basket_return,liquidation_shock,0,0.0
benqi_lending_avalanche,basket_return,liquidation_shock,1,-0.006656367781235669
benqi_lending_avalanche,basket_return,liquidation_shock,2,-0.0026417295002293495
benqi_lending_avalanche,basket_return,liquidation_shock,3,-0.0008042743262158639
benqi_lending_avalanche,basket_return,liquidation_shock,4,-0.00022229575974596274
benqi_lending_avalanche,basket_return,liquidation_shock,5,-5.872230176283809e-05
benqi_lending_avalanche,basket_return,liquidation_shock,6,-1.5151460968454071e-05
benqi_lending_avalanche,basket_return,liquidation_shock,7,-3.859264875944995e-06
benqi_lending_avalanche,basket_return,liquidation_shock,8,-9.758806933715398e-07
benqi_lending_avalanche,basket_return,liquidation_shock,9,-2.4574242105267806e-07
benqi_lending_avalanche,basket_return,liquidation_shock,10,-6.173311682701945e-08
benqi_lending_avalanche,basket_return,liquidation_shock,11,-1.548634733608239e-08
benqi_lending_avalanche,basket_return,liquidation_shock,12,-3.88173539398584e-09
benqi_lending_avalanche,basket_return,liquidation_shock,13,-9.725149944256806e-10
benqi_lending_avalanche,basket_return,liquidation_shock,14,-2.4358244912326864e-10
benqi_lending_avalanche,basket_return,liquidation_shock,15,-6.099933712949226e-11
benqi_lending_avalanche,basket_return,liquidation_shock,16,-1.527435809256069e-11
benqi_lending_avalanche,basket_return,liquidation_shock,17,-3.8245177227461855e-12
benqi_lending_avalanche,basket_return,liquidation_shock,18,-9.575826370134213e-13
benqi_lending_avalanche,basket_return,liquidation_shock,19,-2.397549505895456e-13
benqi_lending_avalanche,basket_return,liquidation_shock,20,-6.002802690732517e-14
benqi_lending_avalanche,basket_return,liquidation_shock,21,-1.5029264376696295e-14
benqi_lending_avalanche,basket_return,liquidation_shock,22,-3.762874414326407e-15
benqi_lending_avalanche,basket_return,liquidation_shock,23,-9.421081376639205e-16
benqi_lending_avalanche,basket_return,liquidation_shock,24,-2.3587462316402197e-16
benqi_lending_avalanche,basket_return,liquidation_shock,25,-5.905563611281465e-17
benqi_lending_avalanche,basket_return,liquidation_shock,26,-1.4785679574831327e-17
benqi_lending_avalanche,basket_return,liquidation_shock,27,-3.701869587806131e-18
benqi_lending_avalanche,basket_return,liquidation_shock,28,-9.268316872815225e-19
benqi_lending_avalanche,basket_return,liquidation_shock,29,-2.320494764197467e-19
benqi_lending_avalanche,basket_return,liquidation_shock,30,-5.809788057961793e-20
benqi_lending_avalanche,liquidation,return_shock,0,-0.20092531427348975
benqi_lending_avalanche,liquidation,return_shock,1,-0.16732639121173945
benqi_lending_avalanche,liquidation,return_shock,2,-0.059037308190464675
benqi_lending_avalanche,liquidation,return_shock,3,-0.017292754516436047
benqi_lending_avalanche,liquidation,return_shock,4,-0.004697531022695857
benqi_lending_avalanche,liquidation,return_shock,5,-0.0012300228609397417
benqi_lending_avalanche,liquidation,return_shock,6,-0.0003158568673555032
benqi_lending_avalanche,liquidation,return_shock,7,-8.023768091120383e-05
benqi_lending_avalanche,liquidation,return_shock,8,-2.0258502915672233e-05
benqi_lending_avalanche,liquidation,return_shock,9,-5.096925522752594e-06
benqi_lending_avalanche,liquidation,return_shock,10,-1.279747929527653e-06
benqi_lending_avalanche,liquidation,return_shock,11,-3.2094159278934213e-07
benqi_lending_avalanche,liquidation,return_shock,12,-8.043175348545975e-08
benqi_lending_avalanche,liquidation,return_shock,13,-2.0149017286196577e-08
benqi_lending_avalanche,liquidation,return_shock,14,-5.046355103329794e-09
benqi_lending_avalanche,liquidation,return_shock,15,-1.2636938517112624e-09
benqi_lending_avalanche,liquidation,return_shock,16,-3.164250930825694e-10
benqi_lending_avalanche,liquidation,return_shock,17,-7.922814232539227e-11
benqi_lending_avalanche,liquidation,return_shock,18,-1.983700226957788e-11
benqi_lending_avalanche,liquidation,return_shock,19,-4.966673366377624e-12
benqi_lending_avalanche,liquidation,return_shock,20,-1.2435150686143492e-12
benqi_lending_avalanche,liquidation,return_shock,21,-3.113394141442013e-13
benqi_lending_avalanche,liquidation,return_shock,22,-7.794993373369017e-14
benqi_lending_avalanche,liquidation,return_shock,23,-1.9516259073024308e-14
benqi_lending_avalanche,liquidation,return_shock,24,-4.886263888004138e-15
benqi_lending_avalanche,liquidation,return_shock,25,-1.2233676145352316e-15
benqi_lending_avalanche,liquidation,return_shock,26,-3.062928623838238e-16
benqi_lending_avalanche,liquidation,return_shock,27,-7.668610449577197e-17
benqi_lending_avalanche,liquidation,return_shock,28,-1.9199787462255194e-17
benqi_lending_avalanche,liquidation,return_shock,29,-4.807022250052312e-18
benqi_lending_avalanche,liquidation,return_shock,30,-1.2035269624907911e-18
benqi_lending_avalanche,liquidation,liquidation_shock,0,0.41514389116476486
benqi_lending_avalanche,liquidation,liquidation_shock,1,0.09117368044192073
benqi_lending_avalanche,liquidation,liquidation_shock,2,0.02095685316638582
benqi_lending_avalanche,liquidation,liquidation_shock,3,0.004972949145556873
benqi_lending_avalanche,liquidation,liquidation_shock,4,0.0012049296279007628
benqi_lending_avalanche,liquidation,liquidation_shock,5,0.0002957957172453818
benqi_lending_avalanche,liquidation,liquidation_shock,6,7.319638123473273e-05
benqi_lending_avalanche,liquidation,liquidation_shock,7,1.819984740295812e-05
benqi_lending_avalanche,liquidation,liquidation_shock,8,4.53817654314589e-06
benqi_lending_avalanche,liquidation,liquidation_shock,9,1.1335072836477236e-06
benqi_lending_avalanche,liquidation,liquidation_shock,10,2.833976078048349e-07
benqi_lending_avalanche,liquidation,liquidation_shock,11,7.089568342895956e-08
benqi_lending_avalanche,liquidation,liquidation_shock,12,1.774152624113269e-08
benqi_lending_avalanche,liquidation,liquidation_shock,13,4.440671049110388e-09
benqi_lending_avalanche,liquidation,liquidation_shock,14,1.111621249684244e-09
benqi_lending_avalanche,liquidation,liquidation_shock,15,2.7828814321812535e-10
benqi_lending_avalanche,liquidation,liquidation_shock,16,6.967065691978065e-11
benqi_lending_avalanche,liquidation,liquidation_shock,17,1.7442762009504326e-11
benqi_lending_avalanche,liquidation,liquidation_shock,18,4.3670336995722825e-12
benqi_lending_avalanche,liquidation,liquidation_shock,19,1.093355279168599e-12
benqi_lending_avalanche,liquidation,liquidation_shock,20,2.737398989432393e-13
benqi_lending_avalanche,liquidation,liquidation_shock,21,6.853557942542717e-14
benqi_lending_avalanche,liquidation,liquidation_shock,22,1.71591105125569e-14
benqi_lending_avalanche,liquidation,liquidation_shock,23,4.296094849838289e-15
benqi_lending_avalanche,liquidation,liquidation_shock,24,1.0756059340593434e-15
benqi_lending_avalanche,liquidation,liquidation_shock,25,2.692977081400243e-16
benqi_lending_avalanche,liquidation,liquidation_shock,26,6.742364182313335e-17
benqi_lending_avalanche,liquidation,liquidation_shock,27,1.6880752562251907e-17
benqi_lending_avalanche,liquidation,liquidation_shock,28,4.226408092215627e-18
benqi_lending_avalanche,liquidation,liquidation_shock,29,1.058159342646787e-18
benqi_lending_avalanche,liquidation,liquidation_shock,30,2.6492974522928447e-19
compound_v2_ethereum,basket_return,return_shock,0,0.9419606837586941
compound_v2_ethereum,basket_return,return_shock,1,-0.040743984577684626
compound_v2_ethereum,basket_return,return_shock,2,0.08132944292322719
compound_v2_ethereum,basket_return,return_shock,3,-0.056127764526354915
compound_v2_ethereum,basket_return,return_shock,4,-0.021557161455130567
compound_v2_ethereum,basket_return,return_shock,5,-0.008169679910621503
compound_v2_ethereum,basket_return,return_shock,6,-0.0012405167041980635
compound_v2_ethereum,basket_return,return_shock,7,0.004864843273064546
compound_v2_ethereum,basket_return,return_shock,8,0.002033734917508342
compound_v2_ethereum,basket_return,return_shock,9,0.0010192627900062702
compound_v2_ethereum,basket_return,return_shock,10,0.0002870907051607335
compound_v2_ethereum,basket_return,return_shock,11,0.00015342242643884765
compound_v2_ethereum,basket_return,return_shock,12,7.833183634876807e-05
compound_v2_ethereum,basket_return,return_shock,13,7.382877945106715e-05
compound_v2_ethereum,basket_return,return_shock,14,0.00010746369168705545
compound_v2_ethereum,basket_return,return_shock,15,8.786312037447578e-05
compound_v2_ethereum,basket_return,return_shock,16,5.799313491731885e-05
compound_v2_ethereum,basket_return,return_shock,17,3.979236190964497e-05
compound_v2_ethereum,basket_return,return_shock,18,2.9936318768838954e-05
compound_v2_ethereum,basket_return,return_shock,19,2.1228179737005997e-05
compound_v2_ethereum,basket_return,return_shock,20,1.494051884459766e-05
compound_v2_ethereum,basket_return,return_shock,21,1.1377260952287785e-05
compound_v2_ethereum,basket_return,return_shock,22,8.684247401660256e-06
compound_v2_ethereum,basket_return,return_shock,23,6.325123287614524e-06
compound_v2_ethereum,basket_return,return_shock,24,4.593625502548261e-06
compound_v2_ethereum,basket_return,return_shock,25,3.4106045395729907e-06
compound_v2_ethereum,basket_return,return_shock,26,2.5180733211581976e-06
compound_v2_ethereum,basket_return,return_shock,27,1.8362334975866255e-06
compound_v2_ethereum,basket_return,return_shock,28,1.3493745161460963e-06
compound_v2_ethereum,basket_return,return_shock,29,9.992137951016826e-07
compound_v2_ethereum,basket_return,return_shock,30,7.359162960557166e-07
compound_v2_ethereum,basket_return,liquidation_shock,0,0.0
compound_v2_ethereum,basket_return,liquidation_shock,1,-0.008597477525248141
compound_v2_ethereum,basket_return,liquidation_shock,2,0.03310924333270016
compound_v2_ethereum,basket_return,liquidation_shock,3,-0.02147923337333176
compound_v2_ethereum,basket_return,liquidation_shock,4,0.0012707451825357586
compound_v2_ethereum,basket_return,liquidation_shock,5,-0.0025636518679160785
compound_v2_ethereum,basket_return,liquidation_shock,6,0.0017574780959867184
compound_v2_ethereum,basket_return,liquidation_shock,7,-0.002126981540566153
compound_v2_ethereum,basket_return,liquidation_shock,8,8.282494530746758e-06
compound_v2_ethereum,basket_return,liquidation_shock,9,-8.652415719217208e-05
compound_v2_ethereum,basket_return,liquidation_shock,10,-7.874119306979195e-05
compound_v2_ethereum,basket_return,liquidation_shock,11,-0.00029882509571917717
compound_v2_ethereum,basket_return,liquidation_shock,12,-6.194907469560461e-05
compound_v2_ethereum,basket_return,liquidation_shock,13,-5.609552716786024e-05
compound_v2_ethereum,basket_return,liquidation_shock,14,-5.5902961634980366e-05
compound_v2_ethereum,basket_return,liquidation_shock,15,-5.3361595173234705e-05
compound_v2_ethereum,basket_return,liquidation_shock,16,-2.2156045061571596e-05
compound_v2_ethereum,basket_return,liquidation_shock,17,-1.975782482061157e-05
compound_v2_ethereum,basket_return,liquidation_shock,18,-1.706265904977782e-05
compound_v2_ethereum,basket_return,liquidation_shock,19,-1.2592193264368753e-05
compound_v2_ethereum,basket_return,liquidation_shock,20,-7.700443163908837e-06
compound_v2_ethereum,basket_return,liquidation_shock,21,-6.268864692376779e-06
compound_v2_ethereum,basket_return,liquidation_shock,22,-4.846040062554631e-06
compound_v2_ethereum,basket_return,liquidation_shock,23,-3.43645397978443e-06
compound_v2_ethereum,basket_return,liquidation_shock,24,-2.4125394696067713e-06
compound_v2_ethereum,basket_return,liquidation_shock,25,-1.8633981608522173e-06
compound_v2_ethereum,basket_return,liquidation_shock,26,-1.383784608399357e-06
compound_v2_ethereum,basket_return,liquidation_shock,27,-9.95668495297577e-07
compound_v2_ethereum,basket_return,liquidation_shock,28,-7.278941540031589e-07
compound_v2_ethereum,basket_return,liquidation_shock,29,-5.461648546525098e-07
compound_v2_ethereum,basket_return,liquidation_shock,30,-4.010891703732019e-07
compound_v2_ethereum,liquidation,return_shock,0,-0.09051557567483037
compound_v2_ethereum,liquidation,return_shock,1,-0.1769539840118715
compound_v2_ethereum,liquidation,return_shock,2,-0.08236884950569957
compound_v2_ethereum,liquidation,return_shock,3,-0.11601925581616242
compound_v2_ethereum,liquidation,return_shock,4,-0.07858982939106789
compound_v2_ethereum,liquidation,return_shock,5,-0.0440233426917153
compound_v2_ethereum,liquidation,return_shock,6,-0.02974935325522579
compound_v2_ethereum,liquidation,return_shock,7,-0.02481320575610932
compound_v2_ethereum,liquidation,return_shock,8,-0.018586106524009178
compound_v2_ethereum,liquidation,return_shock,9,-0.01275099675254839
compound_v2_ethereum,liquidation,return_shock,10,-0.009793335320421091
compound_v2_ethereum,liquidation,return_shock,11,-0.007555800855170964
compound_v2_ethereum,liquidation,return_shock,12,-0.005410505967548334
compound_v2_ethereum,liquidation,return_shock,13,-0.003867679229620315
compound_v2_ethereum,liquidation,return_shock,14,-0.002893512728570456
compound_v2_ethereum,liquidation,return_shock,15,-0.00215467236088153
compound_v2_ethereum,liquidation,return_shock,16,-0.0015650237819913285
compound_v2_ethereum,liquidation,return_shock,17,-0.0011478851430421952
compound_v2_ethereum,liquidation,return_shock,18,-0.0008533227865287618
compound_v2_ethereum,liquidation,return_shock,19,-0.0006287699725139522
compound_v2_ethereum,liquidation,return_shock,20,-0.000459921007032094
compound_v2_ethereum,liquidation,return_shock,21,-0.000338595812549775
compound_v2_ethereum,liquidation,return_shock,22,-0.0002500885901733409
compound_v2_ethereum,liquidation,return_shock,23,-0.00018389516414380234
compound_v2_ethereum,liquidation,return_shock,24,-0.00013507894161315378
compound_v2_ethereum,liquidation,return_shock,25,-9.952124024874227e-05
compound_v2_ethereum,liquidation,return_shock,26,-7.333036037990279e-05
compound_v2_ethereum,liquidation,return_shock,27,-5.39300194595418e-05
compound_v2_ethereum,liquidation,return_shock,28,-3.9672573307031225e-05
compound_v2_ethereum,liquidation,return_shock,29,-2.921661595208694e-05
compound_v2_ethereum,liquidation,return_shock,30,-2.1508460936958688e-05
compound_v2_ethereum,liquidation,liquidation_shock,0,0.36355110951606767
compound_v2_ethereum,liquidation,liquidation_shock,1,0.031296548901339524
compound_v2_ethereum,liquidation,liquidation_shock,2,0.0330375438366152
compound_v2_ethereum,liquidation,liquidation_shock,3,0.04329446359846139
compound_v2_ethereum,liquidation,liquidation_shock,4,0.056398233392136565
compound_v2_ethereum,liquidation,liquidation_shock,5,0.015123931956028477
compound_v2_ethereum,liquidation,liquidation_shock,6,0.015647215500694468
compound_v2_ethereum,liquidation,liquidation_shock,7,0.015145897690476898
compound_v2_ethereum,liquidation,liquidation_shock,8,0.011600501059670724
compound_v2_ethereum,liquidation,liquidation_shock,9,0.006016915293785428
compound_v2_ethereum,liquidation,liquidation_shock,10,0.005250879585599075
compound_v2_ethereum,liquidation,liquidation_shock,11,0.004254844422321642
compound_v2_ethereum,liquidation,liquidation_shock,12,0.0029740370868561903
compound_v2_ethereum,liquidation,liquidation_shock,13,0.0019915531957062815
compound_v2_ethereum,liquidation,liquidation_shock,14,0.0015924428035212074
compound_v2_ethereum,liquidation,liquidation_shock,15,0.001196747345334375
compound_v2_ethereum,liquidation,liquidation_shock,16,0.0008480931416352787
compound_v2_ethereum,liquidation,liquidation_shock,17,0.000613786607313314
compound_v2_ethereum,liquidation,liquidation_shock,18,0.00046750907266356376
compound_v2_ethereum,liquidation,liquidation_shock,19,0.00034359276327453774
compound_v2_ethereum,liquidation,liquidation_shock,20,0.00024864749136123545
compound_v2_ethereum,liquidation,liquidation_shock,21,0.00018326514193172316
compound_v2_ethereum,liquidation,liquidation_shock,22,0.00013652503779150045
compound_v2_ethereum,liquidation,liquidation_shock,23,0.00010004522158454208
compound_v2_ethereum,liquidation,liquidation_shock,24,7.321915974877414e-05
compound_v2_ethereum,liquidation,liquidation_shock,25,5.405772112219742e-05
compound_v2_ethereum,liquidation,liquidation_shock,26,3.9922227053663016e-05
compound_v2_ethereum,liquidation,liquidation_shock,27,2.9299675148687027e-05
compound_v2_ethereum,liquidation,liquidation_shock,28,2.153680660715907e-05
compound_v2_ethereum,liquidation,liquidation_shock,29,1.588067248747534e-05
compound_v2_ethereum,liquidation,liquidation_shock,30,1.169537919193461e-05
compound_v3_arb_usdc,basket_return,return_shock,0,0.9668051340316676
compound_v3_arb_usdc,basket_return,return_shock,1,-0.06390862026591722
compound_v3_arb_usdc,basket_return,return_shock,2,0.059954587619529855
compound_v3_arb_usdc,basket_return,return_shock,3,-0.06364737065193848
compound_v3_arb_usdc,basket_return,return_shock,4,-0.0035689662017478804
compound_v3_arb_usdc,basket_return,return_shock,5,-0.013589981504543854
compound_v3_arb_usdc,basket_return,return_shock,6,0.0011539930924282988
compound_v3_arb_usdc,basket_return,return_shock,7,-0.0011676948650184529
compound_v3_arb_usdc,basket_return,return_shock,8,0.0009177335184809148
compound_v3_arb_usdc,basket_return,return_shock,9,-1.2870481973865851e-05
compound_v3_arb_usdc,basket_return,return_shock,10,0.0002045527643941049
compound_v3_arb_usdc,basket_return,return_shock,11,-2.279986884446126e-05
compound_v3_arb_usdc,basket_return,return_shock,12,2.1434269916427217e-05
compound_v3_arb_usdc,basket_return,return_shock,13,-1.3557227934046355e-05
compound_v3_arb_usdc,basket_return,return_shock,14,1.1706787044475315e-06
compound_v3_arb_usdc,basket_return,return_shock,15,-3.1064895926809804e-06
compound_v3_arb_usdc,basket_return,return_shock,16,4.4079516687926553e-07
compound_v3_arb_usdc,basket_return,return_shock,17,-3.781961045318725e-07
compound_v3_arb_usdc,basket_return,return_shock,18,2.049744857078321e-07
compound_v3_arb_usdc,basket_return,return_shock,19,-3.2068903084139925e-08
compound_v3_arb_usdc,basket_return,return_shock,20,4.764918436240236e-08
compound_v3_arb_usdc,basket_return,return_shock,21,-8.32594502986076e-09
compound_v3_arb_usdc,basket_return,return_shock,22,6.5149678219545435e-09
compound_v3_arb_usdc,basket_return,return_shock,23,-3.1676917564639036e-09
compound_v3_arb_usdc,basket_return,return_shock,24,6.987652625242426e-10
compound_v3_arb_usdc,basket_return,return_shock,25,-7.386134447421008e-10
compound_v3_arb_usdc,basket_return,return_shock,26,1.5398018586378875e-10
compound_v3_arb_usdc,basket_return,return_shock,27,-1.1056251229815577e-10
compound_v3_arb_usdc,basket_return,return_shock,28,4.9921200592566886e-11
compound_v3_arb_usdc,basket_return,return_shock,29,-1.3788864050580017e-11
compound_v3_arb_usdc,basket_return,return_shock,30,1.1571841343959606e-11
compound_v3_arb_usdc,basket_return,liquidation_shock,0,0.0
compound_v3_arb_usdc,basket_return,liquidation_shock,1,-0.06222159683156746
compound_v3_arb_usdc,basket_return,liquidation_shock,2,0.09403995314365868
compound_v3_arb_usdc,basket_return,liquidation_shock,3,0.0036320776335803306
compound_v3_arb_usdc,basket_return,liquidation_shock,4,0.01892973113411956
compound_v3_arb_usdc,basket_return,liquidation_shock,5,-0.0023346674553093244
compound_v3_arb_usdc,basket_return,liquidation_shock,6,0.0015665465268764876
compound_v3_arb_usdc,basket_return,liquidation_shock,7,-0.0013871744387094088
compound_v3_arb_usdc,basket_return,liquidation_shock,8,4.0317355371139586e-05
compound_v3_arb_usdc,basket_return,liquidation_shock,9,-0.00028862604172216733
compound_v3_arb_usdc,basket_return,liquidation_shock,10,4.217384310058715e-05
compound_v3_arb_usdc,basket_return,liquidation_shock,11,-2.9510175509194384e-05
compound_v3_arb_usdc,basket_return,liquidation_shock,12,2.0583031066614466e-05
compound_v3_arb_usdc,basket_return,liquidation_shock,13,-1.9798237311470863e-06
compound_v3_arb_usdc,basket_return,liquidation_shock,14,4.430571437665137e-06
compound_v3_arb_usdc,basket_return,liquidation_shock,15,-7.652542548579592e-07
compound_v3_arb_usdc,basket_return,liquidation_shock,16,5.299679352224074e-07
compound_v3_arb_usdc,basket_return,liquidation_shock,17,-3.120428413647872e-07
compound_v3_arb_usdc,basket_return,liquidation_shock,18,5.0327057437209826e-08
compound_v3_arb_usdc,basket_return,liquidation_shock,19,-6.860452728952052e-08
compound_v3_arb_usdc,basket_return,liquidation_shock,20,1.3833888551853859e-08
compound_v3_arb_usdc,basket_return,liquidation_shock,21,-9.249734519280424e-09
compound_v3_arb_usdc,basket_return,liquidation_shock,22,4.827860785415729e-09
compound_v3_arb_usdc,basket_return,liquidation_shock,23,-1.067554420938556e-09
compound_v3_arb_usdc,basket_return,liquidation_shock,24,1.072172527100484e-09
compound_v3_arb_usdc,basket_return,liquidation_shock,25,-2.481692260646763e-10
compound_v3_arb_usdc,basket_return,liquidation_shock,26,1.5857661637761464e-10
compound_v3_arb_usdc,basket_return,liquidation_shock,27,-7.607448611008486e-11
compound_v3_arb_usdc,basket_return,liquidation_shock,28,2.0804002971370758e-11
compound_v3_arb_usdc,basket_return,liquidation_shock,29,-1.691417445203987e-11
compound_v3_arb_usdc,basket_return,liquidation_shock,30,4.412569640878468e-12
compound_v3_arb_usdc,liquidation,return_shock,0,-0.27134333875630734
compound_v3_arb_usdc,liquidation,return_shock,1,-0.3856423124465678
compound_v3_arb_usdc,liquidation,return_shock,2,-0.11330360613388958
compound_v3_arb_usdc,liquidation,return_shock,3,-0.057510560055579404
compound_v3_arb_usdc,liquidation,return_shock,4,0.0016417867722258947
compound_v3_arb_usdc,liquidation,return_shock,5,0.001884676893827019
compound_v3_arb_usdc,liquidation,return_shock,6,0.005151309518348949
compound_v3_arb_usdc,liquidation,return_shock,7,0.0013781260834822705
compound_v3_arb_usdc,liquidation,return_shock,8,0.0008477575246941478
compound_v3_arb_usdc,liquidation,return_shock,9,-1.721281165825785e-05
compound_v3_arb_usdc,liquidation,return_shock,10,-3.606293767821145e-06
compound_v3_arb_usdc,liquidation,return_shock,11,-6.907321161358909e-05
compound_v3_arb_usdc,liquidation,return_shock,12,-1.6098072686020388e-05
compound_v3_arb_usdc,liquidation,return_shock,13,-1.2468450265009691e-05
compound_v3_arb_usdc,liquidation,return_shock,14,2.632110057168581e-07
compound_v3_arb_usdc,liquidation,return_shock,15,-2.6917227202059344e-07
compound_v3_arb_usdc,liquidation,return_shock,16,9.379744536075439e-07
compound_v3_arb_usdc,liquidation,return_shock,17,1.7581294151650855e-07
compound_v3_arb_usdc,liquidation,return_shock,18,1.8356284741998844e-07
compound_v3_arb_usdc,liquidation,return_shock,19,-5.5183548065902e-09
compound_v3_arb_usdc,liquidation,return_shock,20,8.322022872158641e-09
compound_v3_arb_usdc,liquidation,return_shock,21,-1.2946658662396363e-08
compound_v3_arb_usdc,liquidation,return_shock,22,-1.6935708358142579e-09
compound_v3_arb_usdc,liquidation,return_shock,23,-2.7120839927115437e-09
compound_v3_arb_usdc,liquidation,return_shock,24,1.2563295241448837e-10
compound_v3_arb_usdc,liquidation,return_shock,25,-1.8248967796212484e-10
compound_v3_arb_usdc,liquidation,return_shock,26,1.8226206131418325e-10
compound_v3_arb_usdc,liquidation,return_shock,27,1.1793488170338972e-11
compound_v3_arb_usdc,liquidation,return_shock,28,4.030484951520965e-11
compound_v3_arb_usdc,liquidation,return_shock,29,-2.7800716615749334e-12
compound_v3_arb_usdc,liquidation,return_shock,30,3.5287991018629517e-12
compound_v3_arb_usdc,liquidation,liquidation_shock,0,0.6036820651429883
compound_v3_arb_usdc,liquidation,liquidation_shock,1,0.1419103982174665
compound_v3_arb_usdc,liquidation,liquidation_shock,2,0.07474577374900919
compound_v3_arb_usdc,liquidation,liquidation_shock,3,-0.006647325661666551
compound_v3_arb_usdc,liquidation,liquidation_shock,4,-0.0035808859215912163
compound_v3_arb_usdc,liquidation,liquidation_shock,5,-0.00750135440774063
compound_v3_arb_usdc,liquidation,liquidation_shock,6,-0.0017868710820447826
compound_v3_arb_usdc,liquidation,liquidation_shock,7,-0.0011148036606274138
compound_v3_arb_usdc,liquidation,liquidation_shock,8,8.243278664645864e-05
compound_v3_arb_usdc,liquidation,liquidation_shock,9,1.7472227142839844e-05
compound_v3_arb_usdc,liquidation,liquidation_shock,10,0.00010157150368834241
compound_v3_arb_usdc,liquidation,liquidation_shock,11,2.0774342082967047e-05
compound_v3_arb_usdc,liquidation,liquidation_shock,12,1.66750952159983e-05
compound_v3_arb_usdc,liquidation,liquidation_shock,13,-1.1638495477654963e-06
compound_v3_arb_usdc,liquidation,liquidation_shock,14,2.1919839772501463e-07
compound_v3_arb_usdc,liquidation,liquidation_shock,15,-1.3923743727452145e-06
compound_v3_arb_usdc,liquidation,liquidation_shock,16,-2.237584376410237e-07
compound_v3_arb_usdc,liquidation,liquidation_shock,17,-2.4929709534308417e-07
compound_v3_arb_usdc,liquidation,liquidation_shock,18,1.8631148847399257e-08
compound_v3_arb_usdc,liquidation,liquidation_shock,19,-9.733395963182398e-09
compound_v3_arb_usdc,liquidation,liquidation_shock,20,1.9386052245470978e-08
compound_v3_arb_usdc,liquidation,liquidation_shock,21,2.0760039411449073e-09
compound_v3_arb_usdc,liquidation,liquidation_shock,22,3.735610795285763e-09
compound_v3_arb_usdc,liquidation,liquidation_shock,23,-3.2664962244659787e-10
compound_v3_arb_usdc,liquidation,liquidation_shock,24,2.335871840320793e-10
compound_v3_arb_usdc,liquidation,liquidation_shock,25,-2.7496735659367325e-10
compound_v3_arb_usdc,liquidation,liquidation_shock,26,-1.2428890441085234e-11
compound_v3_arb_usdc,liquidation,liquidation_shock,27,-5.6238989521764924e-11
compound_v3_arb_usdc,liquidation,liquidation_shock,28,5.999262704601858e-12
compound_v3_arb_usdc,liquidation,liquidation_shock,29,-4.716221515970101e-12
compound_v3_arb_usdc,liquidation,liquidation_shock,30,3.9823838856309075e-12
compound_v3_arb_usdc_e,basket_return,return_shock,0,0.9461414960222229
compound_v3_arb_usdc_e,basket_return,return_shock,1,-0.0969549903813028
compound_v3_arb_usdc_e,basket_return,return_shock,2,0.015242019109453827
compound_v3_arb_usdc_e,basket_return,return_shock,3,-0.0007861522102147792
compound_v3_arb_usdc_e,basket_return,return_shock,4,0.0003589493931436077
compound_v3_arb_usdc_e,basket_return,return_shock,5,2.803209418022061e-05
compound_v3_arb_usdc_e,basket_return,return_shock,6,1.5257647586970395e-05
compound_v3_arb_usdc_e,basket_return,return_shock,7,3.1019798403520343e-06
compound_v3_arb_usdc_e,basket_return,return_shock,8,9.278277431779695e-07
compound_v3_arb_usdc_e,basket_return,return_shock,9,2.3207642747353362e-07
compound_v3_arb_usdc_e,basket_return,return_shock,10,6.277259984878254e-08
compound_v3_arb_usdc_e,basket_return,return_shock,11,1.6391761513805397e-08
compound_v3_arb_usdc_e,basket_return,return_shock,12,4.3478540197350215e-09
compound_v3_arb_usdc_e,basket_return,return_shock,13,1.1452173354314081e-09
compound_v3_arb_usdc_e,basket_return,return_shock,14,3.025900710669263e-10
compound_v3_arb_usdc_e,basket_return,return_shock,15,7.983938396317945e-11
compound_v3_arb_usdc_e,basket_return,return_shock,16,2.107896371578319e-11
compound_v3_arb_usdc_e,basket_return,return_shock,17,5.563665928933207e-12
compound_v3_arb_usdc_e,basket_return,return_shock,18,1.4686777130203587e-12
compound_v3_arb_usdc_e,basket_return,return_shock,19,3.876751970227354e-13
compound_v3_arb_usdc_e,basket_return,return_shock,20,1.023340620504567e-13
compound_v3_arb_usdc_e,basket_return,return_shock,21,2.70126780631731e-14
compound_v3_arb_usdc_e,basket_return,return_shock,22,7.130454276906154e-15
compound_v3_arb_usdc_e,basket_return,return_shock,23,1.8822001636390115e-15
compound_v3_arb_usdc_e,basket_return,return_shock,24,4.968380377008466e-16
compound_v3_arb_usdc_e,basket_return,return_shock,25,1.3114860632988723e-16
compound_v3_arb_usdc_e,basket_return,return_shock,26,3.4618847544929776e-17
compound_v3_arb_usdc_e,basket_return,return_shock,27,9.138217591897978e-18
compound_v3_arb_usdc_e,basket_return,return_shock,28,2.412183822015817e-18
compound_v3_arb_usdc_e,basket_return,return_shock,29,6.367358439790521e-19
compound_v3_arb_usdc_e,basket_return,return_shock,30,1.6807696595398416e-19
compound_v3_arb_usdc_e,basket_return,liquidation_shock,0,0.0
compound_v3_arb_usdc_e,basket_return,liquidation_shock,1,-0.006551846561101169
compound_v3_arb_usdc_e,basket_return,liquidation_shock,2,-0.000957791592785196
compound_v3_arb_usdc_e,basket_return,liquidation_shock,3,-0.0003437130646282587
compound_v3_arb_usdc_e,basket_return,liquidation_shock,4,-8.002394621743584e-05
compound_v3_arb_usdc_e,basket_return,liquidation_shock,5,-2.2384457742025163e-05
compound_v3_arb_usdc_e,basket_return,liquidation_shock,6,-5.760249585328901e-06
compound_v3_arb_usdc_e,basket_return,liquidation_shock,7,-1.5380033899549592e-06
compound_v3_arb_usdc_e,basket_return,liquidation_shock,8,-4.0392146006962175e-07
compound_v3_arb_usdc_e,basket_return,liquidation_shock,9,-1.0686438126679935e-07
compound_v3_arb_usdc_e,basket_return,liquidation_shock,10,-2.818004580309244e-08
compound_v3_arb_usdc_e,basket_return,liquidation_shock,11,-7.441955279718263e-09
compound_v3_arb_usdc_e,basket_return,liquidation_shock,12,-1.964030861512359e-09
compound_v3_arb_usdc_e,basket_return,liquidation_shock,13,-5.184851454413835e-10
compound_v3_arb_usdc_e,basket_return,liquidation_shock,14,-1.3685723718408393e-10
compound_v3_arb_usdc_e,basket_return,liquidation_shock,15,-3.612638076748275e-11
compound_v3_arb_usdc_e,basket_return,liquidation_shock,16,-9.536079898585225e-12
compound_v3_arb_usdc_e,basket_return,liquidation_shock,17,-2.5172151195458987e-12
compound_v3_arb_usdc_e,basket_return,liquidation_shock,18,-6.644595386390986e-13
compound_v3_arb_usdc_e,basket_return,liquidation_shock,19,-1.753952182945526e-13
compound_v3_arb_usdc_e,basket_return,liquidation_shock,20,-4.629845640899696e-14
compound_v3_arb_usdc_e,basket_return,liquidation_shock,21,-1.2221245650936432e-14
compound_v3_arb_usdc_e,basket_return,liquidation_shock,22,-3.2259998774491717e-15
compound_v3_arb_usdc_e,basket_return,liquidation_shock,23,-8.515560898315136e-16
compound_v3_arb_usdc_e,basket_return,liquidation_shock,24,-2.2478232242356653e-16
compound_v3_arb_usdc_e,basket_return,liquidation_shock,25,-5.933501503402392e-17
compound_v3_arb_usdc_e,basket_return,liquidation_shock,26,-1.5662459318765803e-17
compound_v3_arb_usdc_e,basket_return,liquidation_shock,27,-4.13436539384001e-18
compound_v3_arb_usdc_e,basket_return,liquidation_shock,28,-1.0913341790267269e-18
compound_v3_arb_usdc_e,basket_return,liquidation_shock,29,-2.880757208698767e-19
compound_v3_arb_usdc_e,basket_return,liquidation_shock,30,-7.604235487431916e-20
compound_v3_arb_usdc_e,liquidation,return_shock,0,-0.09732909427419237
compound_v3_arb_usdc_e,liquidation,return_shock,1,-0.3483878085992696
compound_v3_arb_usdc_e,liquidation,return_shock,2,-0.05395555909456053
compound_v3_arb_usdc_e,liquidation,return_shock,3,-0.01871894891719032
compound_v3_arb_usdc_e,liquidation,return_shock,4,-0.004413935707103477
compound_v3_arb_usdc_e,liquidation,return_shock,5,-0.0012272298230257266
compound_v3_arb_usdc_e,liquidation,return_shock,6,-0.00031663366961818135
compound_v3_arb_usdc_e,liquidation,return_shock,7,-8.444213617453331e-05
compound_v3_arb_usdc_e,liquidation,return_shock,8,-2.218843936244469e-05
compound_v3_arb_usdc_e,liquidation,return_shock,9,-5.868955829775728e-06
compound_v3_arb_usdc_e,liquidation,return_shock,10,-1.547800566885418e-06
compound_v3_arb_usdc_e,liquidation,return_shock,11,-4.087333513874464e-07
compound_v3_arb_usdc_e,liquidation,return_shock,12,-1.0787240901839662e-07
compound_v3_arb_usdc_e,liquidation,return_shock,13,-2.8477007523065678e-08
compound_v3_arb_usdc_e,liquidation,return_shock,14,-7.516706651694642e-09
compound_v3_arb_usdc_e,liquidation,return_shock,15,-1.984191041118396e-09
compound_v3_arb_usdc_e,liquidation,return_shock,16,-5.237563112778109e-10
compound_v3_arb_usdc_e,liquidation,return_shock,17,-1.3825459033893637e-10
compound_v3_arb_usdc_e,liquidation,return_shock,18,-3.64945354508151e-11
compound_v3_arb_usdc_e,liquidation,return_shock,19,-9.633342844939668e-12
compound_v3_arb_usdc_e,liquidation,return_shock,20,-2.5428795762941607e-12
compound_v3_arb_usdc_e,liquidation,return_shock,21,-6.712352402020933e-13
compound_v3_arb_usdc_e,liquidation,return_shock,22,-1.7718364220747312e-13
compound_v3_arb_usdc_e,liquidation,return_shock,23,-4.6770556364934666e-14
compound_v3_arb_usdc_e,liquidation,return_shock,24,-1.2345862380567926e-14
compound_v3_arb_usdc_e,liquidation,return_shock,25,-3.2588947459778336e-15
compound_v3_arb_usdc_e,liquidation,return_shock,26,-8.602392089550322e-16
compound_v3_arb_usdc_e,liquidation,return_shock,27,-2.2707437849538717e-16
compound_v3_arb_usdc_e,liquidation,return_shock,28,-5.994004081381954e-17
compound_v3_arb_usdc_e,liquidation,return_shock,29,-1.5822165930342177e-17
compound_v3_arb_usdc_e,liquidation,return_shock,30,-4.17652259251388e-18
compound_v3_arb_usdc_e,liquidation,liquidation_shock,0,0.4424509065120263
compound_v3_arb_usdc_e,liquidation,liquidation_shock,1,0.11069409441051521
compound_v3_arb_usdc_e,liquidation,liquidation_shock,2,0.029937778364335546
compound_v3_arb_usdc_e,liquidation,liquidation_shock,3,0.00781797781954597
compound_v3_arb_usdc_e,liquidation,liquidation_shock,4,0.0020736481749886334
compound_v3_arb_usdc_e,liquidation,liquidation_shock,5,0.0005462002556116185
compound_v3_arb_usdc_e,liquidation,liquidation_shock,6,0.0001443168137841346
compound_v3_arb_usdc_e,liquidation,liquidation_shock,7,3.807853278353875e-05
compound_v3_arb_usdc_e,liquidation,liquidation_shock,8,1.0053376363745172e-05
compound_v3_arb_usdc_e,liquidation,liquidation_shock,9,2.6535292745038328e-06
compound_v3_arb_usdc_e,liquidation,liquidation_shock,10,7.004695720508033e-07
compound_v3_arb_usdc_e,liquidation,liquidation_shock,11,1.8489740535735828e-07
compound_v3_arb_usdc_e,liquidation,liquidation_shock,12,4.880709961482989e-08
compound_v3_arb_usdc_e,liquidation,liquidation_shock,13,1.2883398363441543e-08
compound_v3_arb_usdc_e,liquidation,liquidation_shock,14,3.4007913681553172e-09
compound_v3_arb_usdc_e,liquidation,liquidation_shock,15,8.976945702058997e-10
compound_v3_arb_usdc_e,liquidation,liquidation_shock,16,2.369614118505746e-10
compound_v3_arb_usdc_e,liquidation,liquidation_shock,17,6.254987858662576e-11
compound_v3_arb_usdc_e,liquidation,liquidation_shock,18,1.651107679147942e-11
compound_v3_arb_usdc_e,liquidation,liquidation_shock,19,4.358371901835235e-12
compound_v3_arb_usdc_e,liquidation,liquidation_shock,20,1.1504644188751059e-12
compound_v3_arb_usdc_e,liquidation,liquidation_shock,21,3.0368412475474027e-13
compound_v3_arb_usdc_e,liquidation,liquidation_shock,22,8.016245163409777e-14
compound_v3_arb_usdc_e,liquidation,liquidation_shock,23,2.1160205971271067e-14
compound_v3_arb_usdc_e,liquidation,liquidation_shock,24,5.5855866219455565e-15
compound_v3_arb_usdc_e,liquidation,liquidation_shock,25,1.4744080436823705e-15
compound_v3_arb_usdc_e,liquidation,liquidation_shock,26,3.8919440822822784e-16
compound_v3_arb_usdc_e,liquidation,liquidation_shock,27,1.0273430616756875e-16
compound_v3_arb_usdc_e,liquidation,liquidation_shock,28,2.711842061764887e-17
compound_v3_arb_usdc_e,liquidation,liquidation_shock,29,7.158355998203391e-18
compound_v3_arb_usdc_e,liquidation,liquidation_shock,30,1.8895665540449174e-18
compound_v3_arb_usdt,basket_return,return_shock,0,0.9726713094465004
compound_v3_arb_usdt,basket_return,return_shock,1,-0.07396522865091941
compound_v3_arb_usdt,basket_return,return_shock,2,0.0334161445958636
compound_v3_arb_usdt,basket_return,return_shock,3,0.002489466006483693
compound_v3_arb_usdt,basket_return,return_shock,4,0.0020585891266054123
compound_v3_arb_usdt,basket_return,return_shock,5,0.0004924165819506891
compound_v3_arb_usdt,basket_return,return_shock,6,0.0001881906459520325
compound_v3_arb_usdt,basket_return,return_shock,7,5.775921211960832e-05
compound_v3_arb_usdt,basket_return,return_shock,8,1.951063377332215e-05
compound_v3_arb_usdt,basket_return,return_shock,9,6.310963255735434e-06
compound_v3_arb_usdt,basket_return,return_shock,10,2.081189176850351e-06
compound_v3_arb_usdt,basket_return,return_shock,11,6.803963620213481e-07
compound_v3_arb_usdt,basket_return,return_shock,12,2.233043015139678e-07
compound_v3_arb_usdt,basket_return,return_shock,13,7.316063535058571e-08
compound_v3_arb_usdt,basket_return,return_shock,14,2.3988095032256987e-08
compound_v3_arb_usdt,basket_return,return_shock,15,7.86253731444115e-09
compound_v3_arb_usdt,basket_return,return_shock,16,2.5774927044121433e-09
compound_v3_arb_usdt,basket_return,return_shock,17,8.448932157311295e-10
compound_v3_arb_usdt,basket_return,return_shock,18,2.769617474270973e-10
compound_v3_arb_usdt,basket_return,return_shock,19,9.078867393229793e-11
compound_v3_arb_usdt,basket_return,return_shock,20,2.9760915047470274e-11
compound_v3_arb_usdt,basket_return,return_shock,21,9.755727639238207e-12
compound_v3_arb_usdt,basket_return,return_shock,22,3.1979642219251563e-12
compound_v3_arb_usdt,basket_return,return_shock,23,1.0483041122070555e-12
compound_v3_arb_usdt,basket_return,return_shock,24,3.436379248541138e-13
compound_v3_arb_usdt,basket_return,return_shock,25,1.1264575677890373e-13
compound_v3_arb_usdt,basket_return,return_shock,26,3.692568906004458e-14
compound_v3_arb_usdt,basket_return,return_shock,27,1.2104374995120712e-14
compound_v3_arb_usdt,basket_return,return_shock,28,3.967858129094325e-15
compound_v3_arb_usdt,basket_return,return_shock,29,1.3006783140328922e-15
compound_v3_arb_usdt,basket_return,return_shock,30,4.2636707891173665e-16
compound_v3_arb_usdt,basket_return,liquidation_shock,0,0.0
compound_v3_arb_usdt,basket_return,liquidation_shock,1,-0.04501054452067486
compound_v3_arb_usdt,basket_return,liquidation_shock,2,-0.008147341900338315
compound_v3_arb_usdt,basket_return,liquidation_shock,3,-0.003640637125843284
compound_v3_arb_usdt,basket_return,liquidation_shock,4,-0.0010510372768179164
compound_v3_arb_usdt,basket_return,liquidation_shock,5,-0.00036543390100969976
compound_v3_arb_usdt,basket_return,liquidation_shock,6,-0.00011672255711769778
compound_v3_arb_usdt,basket_return,liquidation_shock,7,-3.87124430212165e-05
compound_v3_arb_usdt,basket_return,liquidation_shock,8,-1.2623968702424481e-05
compound_v3_arb_usdt,basket_return,liquidation_shock,9,-4.147887494514333e-06
compound_v3_arb_usdt,basket_return,liquidation_shock,10,-1.3582680084483972e-06
compound_v3_arb_usdt,basket_return,liquidation_shock,11,-4.4545431072050896e-07
compound_v3_arb_usdt,basket_return,liquidation_shock,12,-1.4599084435328886e-07
compound_v3_arb_usdt,basket_return,liquidation_shock,13,-4.786083561985069e-08
compound_v3_arb_usdt,basket_return,liquidation_shock,14,-1.5688294377155124e-08
compound_v3_arb_usdt,basket_return,liquidation_shock,15,-5.1427770183847486e-09
compound_v3_arb_usdt,basket_return,liquidation_shock,16,-1.6858067439238993e-09
compound_v3_arb_usdt,basket_return,liquidation_shock,17,-5.52615670120682e-10
compound_v3_arb_usdt,basket_return,liquidation_shock,18,-1.8114911798840723e-10
compound_v3_arb_usdt,basket_return,liquidation_shock,19,-5.938138434973307e-11
compound_v3_arb_usdt,basket_return,liquidation_shock,20,-1.9465426992242537e-11
compound_v3_arb_usdt,basket_return,liquidation_shock,21,-6.380838686557724e-12
compound_v3_arb_usdt,basket_return,liquidation_shock,22,-2.0916619699303986e-12
compound_v3_arb_usdt,basket_return,liquidation_shock,23,-6.856544168055892e-13
compound_v3_arb_usdt,basket_return,liquidation_shock,24,-2.2476000676024927e-13
compound_v3_arb_usdt,basket_return,liquidation_shock,25,-7.367714755533356e-14
compound_v3_arb_usdt,basket_return,liquidation_shock,26,-2.4151636681329617e-14
compound_v3_arb_usdt,basket_return,liquidation_shock,27,-7.916994292763068e-15
compound_v3_arb_usdt,basket_return,liquidation_shock,28,-2.5952195019837533e-15
compound_v3_arb_usdt,basket_return,liquidation_shock,29,-8.507223852612093e-16
compound_v3_arb_usdt,basket_return,liquidation_shock,30,-2.7886988980057217e-16
compound_v3_arb_usdt,liquidation,return_shock,0,-0.2176691140928895
compound_v3_arb_usdt,liquidation,return_shock,1,-0.36135424722679726
compound_v3_arb_usdt,liquidation,return_shock,2,-0.07588275037027128
compound_v3_arb_usdt,liquidation,return_shock,3,-0.03112373346704889
compound_v3_arb_usdt,liquidation,return_shock,4,-0.009285143680360418
compound_v3_arb_usdt,liquidation,return_shock,5,-0.0031783622842643873
compound_v3_arb_usdt,liquidation,return_shock,6,-0.0010221116566729947
compound_v3_arb_usdt,liquidation,return_shock,7,-0.00033795360065709643
compound_v3_arb_usdt,liquidation,return_shock,8,-0.00011035646865421985
compound_v3_arb_usdt,liquidation,return_shock,9,-3.623777841146228e-05
compound_v3_arb_usdt,liquidation,return_shock,10,-1.1869696895393794e-05
compound_v3_arb_usdt,liquidation,return_shock,11,-3.8922771422340186e-06
compound_v3_arb_usdt,liquidation,return_shock,12,-1.2757048093525303e-06
compound_v3_arb_usdt,liquidation,return_shock,13,-4.1820970659562206e-07
compound_v3_arb_usdt,liquidation,return_shock,14,-1.3708639984988518e-07
compound_v3_arb_usdt,liquidation,return_shock,15,-4.49380457389918e-08
compound_v3_arb_usdt,liquidation,return_shock,16,-1.4730762881577535e-08
compound_v3_arb_usdt,liquidation,return_shock,17,-4.828811092756509e-09
compound_v3_arb_usdt,liquidation,return_shock,18,-1.5828998474933482e-09
compound_v3_arb_usdt,liquidation,return_shock,19,-5.188806135459529e-10
compound_v3_arb_usdt,liquidation,return_shock,20,-1.7009090834313828e-10
compound_v3_arb_usdt,liquidation,return_shock,21,-5.575642420861659e-11
compound_v3_arb_usdt,liquidation,return_shock,22,-1.827715758288189e-11
compound_v3_arb_usdt,liquidation,return_shock,23,-5.991318818721252e-12
compound_v3_arb_usdt,liquidation,return_shock,24,-1.9639760643688543e-12
compound_v3_arb_usdt,liquidation,return_shock,25,-6.437984948597837e-13
compound_v3_arb_usdt,liquidation,return_shock,26,-2.1103948606806982e-13
compound_v3_arb_usdt,liquidation,return_shock,27,-6.917951061682275e-14
compound_v3_arb_usdt,liquidation,return_shock,28,-2.2677295003296245e-14
compound_v3_arb_usdt,liquidation,return_shock,29,-7.433699723850682e-15
compound_v3_arb_usdt,liquidation,return_shock,30,-2.4367937869935233e-15
compound_v3_arb_usdt,liquidation,liquidation_shock,0,0.612047999172728
compound_v3_arb_usdt,liquidation,liquidation_shock,1,0.16740146664642408
compound_v3_arb_usdt,liquidation,liquidation_shock,2,0.0597527875357679
compound_v3_arb_usdt,liquidation,liquidation_shock,3,0.018871122937508557
compound_v3_arb_usdt,liquidation,liquidation_shock,4,0.006291135707037809
compound_v3_arb_usdt,liquidation,liquidation_shock,5,0.002046827188280373
compound_v3_arb_usdt,liquidation,liquidation_shock,6,0.000673222417377214
compound_v3_arb_usdt,liquidation,liquidation_shock,7,0.00022035226301160855
compound_v3_arb_usdt,liquidation,liquidation_shock,8,7.228108054950987e-05
compound_v3_arb_usdt,liquidation,liquidation_shock,9,2.3686836206829417e-05
compound_v3_arb_usdt,liquidation,liquidation_shock,10,7.765682733535203e-06
compound_v3_arb_usdt,liquidation,liquidation_shock,11,2.5454646359095107e-06
compound_v3_arb_usdt,liquidation,liquidation_shock,12,8.344352224175862e-07
compound_v3_arb_usdt,liquidation,liquidation_shock,13,2.7352757181922794e-07
compound_v3_arb_usdt,liquidation,liquidation_shock,14,8.96638205354386e-08
compound_v3_arb_usdt,liquidation,liquidation_shock,15,2.939205456557985e-08
compound_v3_arb_usdt,liquidation,liquidation_shock,16,9.634832835157859e-09
compound_v3_arb_usdt,liquidation,liquidation_shock,17,3.1583316763029516e-09
compound_v3_arb_usdt,liquidation,liquidation_shock,18,1.0353128291830464e-09
compound_v3_arb_usdt,liquidation,liquidation_shock,19,3.393792749536581e-10
compound_v3_arb_usdt,liquidation,liquidation_shock,20,1.1124976468707598e-10
compound_v3_arb_usdt,liquidation,liquidation_shock,21,3.6468076483376444e-11
compound_v3_arb_usdt,liquidation,liquidation_shock,22,1.1954368119434622e-11
compound_v3_arb_usdt,liquidation,liquidation_shock,23,3.918685302135218e-12
compound_v3_arb_usdt,liquidation,liquidation_shock,24,1.2845592867346165e-12
compound_v3_arb_usdt,liquidation,liquidation_shock,25,4.2108320257747433e-13
compound_v3_arb_usdt,liquidation,liquidation_shock,26,1.38032604276822e-13
compound_v3_arb_usdt,liquidation,liquidation_shock,27,4.52475893529981e-14
compound_v3_arb_usdt,liquidation,liquidation_shock,28,1.4832324242914405e-14
compound_v3_arb_usdt,liquidation,liquidation_shock,29,4.862089794618969e-15
compound_v3_arb_usdt,liquidation,liquidation_shock,30,1.5938107059195192e-15
compound_v3_eth_usdc,basket_return,return_shock,0,0.9538355492005834
compound_v3_eth_usdc,basket_return,return_shock,1,-0.050189306626368876
compound_v3_eth_usdc,basket_return,return_shock,2,0.06574521672543136
compound_v3_eth_usdc,basket_return,return_shock,3,-0.049271037082101427
compound_v3_eth_usdc,basket_return,return_shock,4,-0.0078032867162164945
compound_v3_eth_usdc,basket_return,return_shock,5,-0.023357730468376525
compound_v3_eth_usdc,basket_return,return_shock,6,-0.004217500899269964
compound_v3_eth_usdc,basket_return,return_shock,7,-0.0031511987996858215
compound_v3_eth_usdc,basket_return,return_shock,8,0.00029977955616307655
compound_v3_eth_usdc,basket_return,return_shock,9,0.00020902803824781867
compound_v3_eth_usdc,basket_return,return_shock,10,0.0005618033518899734
compound_v3_eth_usdc,basket_return,return_shock,11,0.00022515219644124083
compound_v3_eth_usdc,basket_return,return_shock,12,0.00013636420270206142
compound_v3_eth_usdc,basket_return,return_shock,13,2.9382691153602562e-05
compound_v3_eth_usdc,basket_return,return_shock,14,4.611123005410354e-06
compound_v3_eth_usdc,basket_return,return_shock,15,-1.0671070539565896e-05
compound_v3_eth_usdc,basket_return,return_shock,16,-7.3333313924830825e-06
compound_v3_eth_usdc,basket_return,return_shock,17,-4.976018647984413e-06
compound_v3_eth_usdc,basket_return,return_shock,18,-1.9545268036071935e-06
compound_v3_eth_usdc,basket_return,return_shock,19,-6.535128101268841e-07
compound_v3_eth_usdc,basket_return,return_shock,20,4.372097893848086e-08
compound_v3_eth_usdc,basket_return,return_shock,21,1.5880788923535445e-07
compound_v3_eth_usdc,basket_return,return_shock,22,1.4845637972055485e-07
compound_v3_eth_usdc,basket_return,return_shock,23,8.102728863356646e-08
compound_v3_eth_usdc,basket_return,return_shock,24,3.628750781219257e-08
compound_v3_eth_usdc,basket_return,return_shock,25,9.124203182220135e-09
compound_v3_eth_usdc,basket_return,return_shock,26,-6.527824670117647e-10
compound_v3_eth_usdc,basket_return,return_shock,27,-3.260559218341972e-09
compound_v3_eth_usdc,basket_return,return_shock,28,-2.566525886244296e-09
compound_v3_eth_usdc,basket_return,return_shock,29,-1.4664845050917227e-09
compound_v3_eth_usdc,basket_return,return_shock,30,-5.953530046636933e-10
compound_v3_eth_usdc,basket_return,liquidation_shock,0,0.0
compound_v3_eth_usdc,basket_return,liquidation_shock,1,-0.05733611688356786
compound_v3_eth_usdc,basket_return,liquidation_shock,2,0.08423443479636958
compound_v3_eth_usdc,basket_return,liquidation_shock,3,0.00970829107316487
compound_v3_eth_usdc,basket_return,liquidation_shock,4,0.0079880723358772
compound_v3_eth_usdc,basket_return,liquidation_shock,5,0.001842513448862896
compound_v3_eth_usdc,basket_return,liquidation_shock,6,0.001301288444966657
compound_v3_eth_usdc,basket_return,liquidation_shock,7,-0.0013640387334805798
compound_v3_eth_usdc,basket_return,liquidation_shock,8,-0.0004486761087308839
compound_v3_eth_usdc,basket_return,liquidation_shock,9,-0.00035116229982988837
compound_v3_eth_usdc,basket_return,liquidation_shock,10,-0.00013057623378305705
compound_v3_eth_usdc,basket_return,liquidation_shock,11,-5.965275360319248e-05
compound_v3_eth_usdc,basket_return,liquidation_shock,12,1.1987711927160962e-05
compound_v3_eth_usdc,basket_return,liquidation_shock,13,1.0778865042067712e-05
compound_v3_eth_usdc,basket_return,liquidation_shock,14,1.1012724691020298e-05
compound_v3_eth_usdc,basket_return,liquidation_shock,15,5.67383833275017e-06
compound_v3_eth_usdc,basket_return,liquidation_shock,16,2.785968270525201e-06
compound_v3_eth_usdc,basket_return,liquidation_shock,17,5.15111426162863e-07
compound_v3_eth_usdc,basket_return,liquidation_shock,18,-5.305703722137227e-08
compound_v3_eth_usdc,basket_return,liquidation_shock,19,-2.5139368976126416e-07
compound_v3_eth_usdc,basket_return,liquidation_shock,20,-1.854056257358038e-07
compound_v3_eth_usdc,basket_return,liquidation_shock,21,-1.0902413679725592e-07
compound_v3_eth_usdc,basket_return,liquidation_shock,22,-4.070711001653383e-08
compound_v3_eth_usdc,basket_return,liquidation_shock,23,-1.0622595024124508e-08
compound_v3_eth_usdc,basket_return,liquidation_shock,24,2.3364393000305176e-09
compound_v3_eth_usdc,basket_return,liquidation_shock,25,4.4391263485565126e-09
compound_v3_eth_usdc,basket_return,liquidation_shock,26,3.4846430771179197e-09
compound_v3_eth_usdc,basket_return,liquidation_shock,27,1.8040860822950228e-09
compound_v3_eth_usdc,basket_return,liquidation_shock,28,7.271077720750025e-10
compound_v3_eth_usdc,basket_return,liquidation_shock,29,1.5321373436751899e-10
compound_v3_eth_usdc,basket_return,liquidation_shock,30,-4.8028853118339617e-11
compound_v3_eth_usdc,liquidation,return_shock,0,-0.2990222217740253
compound_v3_eth_usdc,liquidation,return_shock,1,-0.42959753908591763
compound_v3_eth_usdc,liquidation,return_shock,2,-0.16518585985816772
compound_v3_eth_usdc,liquidation,return_shock,3,-0.1407623401795878
compound_v3_eth_usdc,liquidation,return_shock,4,-0.026106844422511957
compound_v3_eth_usdc,liquidation,return_shock,5,-0.0044734148450661666
compound_v3_eth_usdc,liquidation,return_shock,6,0.008056681965574096
compound_v3_eth_usdc,liquidation,return_shock,7,0.005672471075926427
compound_v3_eth_usdc,liquidation,return_shock,8,0.0045398904342929276
compound_v3_eth_usdc,liquidation,return_shock,9,0.0017229621932519639
compound_v3_eth_usdc,liquidation,return_shock,10,0.0006095571194835456
compound_v3_eth_usdc,liquidation,return_shock,11,-2.033846226408095e-06
compound_v3_eth_usdc,liquidation,return_shock,12,-0.0001165362934542868
compound_v3_eth_usdc,liquidation,return_shock,13,-0.00012709415957091278
compound_v3_eth_usdc,liquidation,return_shock,14,-6.97561891538339e-05
compound_v3_eth_usdc,liquidation,return_shock,15,-3.250899786818195e-05
compound_v3_eth_usdc,liquidation,return_shock,16,-8.932184710179047e-06
compound_v3_eth_usdc,liquidation,return_shock,17,-1.2271136977736712e-07
compound_v3_eth_usdc,liquidation,return_shock,18,2.5998620452017194e-06
compound_v3_eth_usdc,liquidation,return_shock,19,2.143331711764065e-06
compound_v3_eth_usdc,liquidation,return_shock,20,1.2737997618869005e-06
compound_v3_eth_usdc,liquidation,return_shock,21,5.376885078367205e-07
compound_v3_eth_usdc,liquidation,return_shock,22,1.5323424965101458e-07
compound_v3_eth_usdc,liquidation,return_shock,23,-1.0999550258701075e-08
compound_v3_eth_usdc,liquidation,return_shock,24,-4.688260288352374e-08
compound_v3_eth_usdc,liquidation,return_shock,25,-3.9375556021777666e-08
compound_v3_eth_usdc,liquidation,return_shock,26,-2.2022687459877253e-08
compound_v3_eth_usdc,liquidation,return_shock,27,-9.311240743258977e-09
compound_v3_eth_usdc,liquidation,return_shock,28,-2.3689807022763697e-09
compound_v3_eth_usdc,liquidation,return_shock,29,2.982282534108892e-10
compound_v3_eth_usdc,liquidation,return_shock,30,8.940232097771008e-10
compound_v3_eth_usdc,liquidation,liquidation_shock,0,0.5535096889723504
compound_v3_eth_usdc,liquidation,liquidation_shock,1,0.11406575830264189
compound_v3_eth_usdc,liquidation,liquidation_shock,2,0.018727010562206083
compound_v3_eth_usdc,liquidation,liquidation_shock,3,5.769855740473515e-05
compound_v3_eth_usdc,liquidation,liquidation_shock,4,-0.003120926963088201
compound_v3_eth_usdc,liquidation,liquidation_shock,5,-0.012145046870409171
compound_v3_eth_usdc,liquidation,liquidation_shock,6,-0.004932953087039782
compound_v3_eth_usdc,liquidation,liquidation_shock,7,-0.002077567177838778
compound_v3_eth_usdc,liquidation,liquidation_shock,8,-0.0005983741973396138
compound_v3_eth_usdc,liquidation,liquidation_shock,9,-6.41503684568561e-05
compound_v3_eth_usdc,liquidation,liquidation_shock,10,0.00023296854946983707
compound_v3_eth_usdc,liquidation,liquidation_shock,11,0.00015618639913600113
compound_v3_eth_usdc,liquidation,liquidation_shock,12,9.010610553898979e-05
compound_v3_eth_usdc,liquidation,liquidation_shock,13,3.763259418154402e-05
compound_v3_eth_usdc,liquidation,liquidation_shock,14,1.1439956906714448e-05
compound_v3_eth_usdc,liquidation,liquidation_shock,15,-1.6479066684519736e-06
compound_v3_eth_usdc,liquidation,liquidation_shock,16,-3.53737685248355e-06
compound_v3_eth_usdc,liquidation,liquidation_shock,17,-2.886411790251246e-06
compound_v3_eth_usdc,liquidation,liquidation_shock,18,-1.580753286355102e-06
compound_v3_eth_usdc,liquidation,liquidation_shock,19,-6.731198261976564e-07
compound_v3_eth_usdc,liquidation,liquidation_shock,20,-1.5295406857110023e-07
compound_v3_eth_usdc,liquidation,liquidation_shock,21,2.823380268729315e-08
compound_v3_eth_usdc,liquidation,liquidation_shock,22,6.779372097240057e-08
compound_v3_eth_usdc,liquidation,liquidation_shock,23,5.141936658601167e-08
compound_v3_eth_usdc,liquidation,liquidation_shock,24,2.8171845991915272e-08
compound_v3_eth_usdc,liquidation,liquidation_shock,25,1.0991309616325776e-08
compound_v3_eth_usdc,liquidation,liquidation_shock,26,2.5132820697956456e-09
compound_v3_eth_usdc,liquidation,liquidation_shock,27,-6.988033780675262e-10
compound_v3_eth_usdc,liquidation,liquidation_shock,28,-1.2515749331363776e-09
compound_v3_eth_usdc,liquidation,liquidation_shock,29,-9.285604704949409e-10
compound_v3_eth_usdc,liquidation,liquidation_shock,30,-4.849229481120044e-10
compound_v3_eth_usds,basket_return,return_shock,0,0.8997334666423851
compound_v3_eth_usds,basket_return,return_shock,1,-0.02971735663653201
compound_v3_eth_usds,basket_return,return_shock,2,-0.00307697741299985
compound_v3_eth_usds,basket_return,return_shock,3,0.00024304690071399624
compound_v3_eth_usds,basket_return,return_shock,4,5.595259964695212e-06
compound_v3_eth_usds,basket_return,return_shock,5,-1.3058736462045334e-06
compound_v3_eth_usds,basket_return,return_shock,6,1.9928023658661186e-08
compound_v3_eth_usds,basket_return,return_shock,7,5.274452080801308e-09
compound_v3_eth_usds,basket_return,return_shock,8,-2.7487228298092424e-10
compound_v3_eth_usds,basket_return,return_shock,9,-1.4530448320953066e-11
compound_v3_eth_usds,basket_return,return_shock,10,1.762682718521891e-12
compound_v3_eth_usds,basket_return,return_shock,11,4.9952626466664925e-15
compound_v3_eth_usds,basket_return,return_shock,12,-8.230858347060395e-15
compound_v3_eth_usds,basket_return,return_shock,13,2.6396864102028176e-16
compound_v3_eth_usds,basket_return,return_shock,14,2.842340608252229e-17
compound_v3_eth_usds,basket_return,return_shock,15,-2.1969390405906954e-18
compound_v3_eth_usds,basket_return,return_shock,16,-5.3365166543479044e-20
compound_v3_eth_usds,basket_return,return_shock,17,1.1901168901815816e-20
compound_v3_eth_usds,basket_return,return_shock,18,-1.7077181981263464e-22
compound_v3_eth_usds,basket_return,return_shock,19,-4.844692050719209e-23
compound_v3_eth_usds,basket_return,return_shock,20,2.4686696135656786e-24
compound_v3_eth_usds,basket_return,return_shock,21,1.3541951784465342e-25
compound_v3_eth_usds,basket_return,return_shock,22,-1.6002333557380047e-26
compound_v3_eth_usds,basket_return,return_shock,23,-6.137561314621398e-29
compound_v3_eth_usds,basket_return,return_shock,24,7.528144133752936e-29
compound_v3_eth_usds,basket_return,return_shock,25,-2.342616868017997e-30
compound_v3_eth_usds,basket_return,return_shock,26,-2.6246594020472137e-31
compound_v3_eth_usds,basket_return,return_shock,27,1.9853055691120766e-32
compound_v3_eth_usds,basket_return,return_shock,28,5.0789759096624456e-34
compound_v3_eth_usds,basket_return,return_shock,29,-1.084410400505127e-34
compound_v3_eth_usds,basket_return,return_shock,30,1.4571040959353408e-36
compound_v3_eth_usds,basket_return,liquidation_shock,0,0.0
compound_v3_eth_usds,basket_return,liquidation_shock,1,0.008712287042032373
compound_v3_eth_usds,basket_return,liquidation_shock,2,-0.0003035759701359494
compound_v3_eth_usds,basket_return,liquidation_shock,3,-2.924380064973438e-05
compound_v3_eth_usds,basket_return,liquidation_shock,4,2.406560958543383e-06
compound_v3_eth_usds,basket_return,liquidation_shock,5,4.9810806232433616e-08
compound_v3_eth_usds,basket_return,liquidation_shock,6,-1.2735450295103416e-08
compound_v3_eth_usds,basket_return,liquidation_shock,7,2.160881330243568e-10
compound_v3_eth_usds,basket_return,liquidation_shock,8,5.0681193101751025e-11
compound_v3_eth_usds,basket_return,liquidation_shock,9,-2.7536519144358837e-12
compound_v3_eth_usds,basket_return,liquidation_shock,10,-1.357017545763451e-13
compound_v3_eth_usds,basket_return,liquidation_shock,11,1.7314753818382043e-14
compound_v3_eth_usds,basket_return,liquidation_shock,12,1.6934918780608645e-17
compound_v3_eth_usds,basket_return,liquidation_shock,13,-7.973168274681029e-17
compound_v3_eth_usds,basket_return,liquidation_shock,14,2.7008114242786103e-18
compound_v3_eth_usds,basket_return,liquidation_shock,15,2.703257894574519e-19
compound_v3_eth_usds,basket_return,liquidation_shock,16,-2.1764150351078615e-20
compound_v3_eth_usds,basket_return,liquidation_shock,17,-4.772317914000327e-22
compound_v3_eth_usds,basket_return,liquidation_shock,18,1.161076591524177e-22
compound_v3_eth_usds,basket_return,liquidation_shock,19,-1.8644102324378176e-24
compound_v3_eth_usds,basket_return,liquidation_shock,20,-4.657357122043214e-25
compound_v3_eth_usds,basket_return,liquidation_shock,21,2.4750137231480945e-26
compound_v3_eth_usds,basket_return,liquidation_shock,22,1.2663582911698046e-27
compound_v3_eth_usds,basket_return,liquidation_shock,23,-1.5725267031021237e-28
compound_v3_eth_usds,basket_return,liquidation_shock,24,-3.0881742097010392e-31
compound_v3_eth_usds,basket_return,liquidation_shock,25,7.295249052098218e-31
compound_v3_eth_usds,basket_return,liquidation_shock,26,-2.4008457393300863e-32
compound_v3_eth_usds,basket_return,liquidation_shock,27,-2.4979190335038354e-33
compound_v3_eth_usds,basket_return,liquidation_shock,28,1.967758444282132e-34
compound_v3_eth_usds,basket_return,liquidation_shock,29,4.560818257630524e-36
compound_v3_eth_usds,basket_return,liquidation_shock,30,-1.0583350450128304e-36
compound_v3_eth_usds,liquidation,return_shock,0,-0.18144333998585177
compound_v3_eth_usds,liquidation,return_shock,1,-0.16172953182382072
compound_v3_eth_usds,liquidation,return_shock,2,0.0064647314240541985
compound_v3_eth_usds,liquidation,return_shock,3,0.0005139661121797688
compound_v3_eth_usds,liquidation,return_shock,4,-4.7457671533491056e-05
compound_v3_eth_usds,liquidation,return_shock,5,-6.955734352402972e-07
compound_v3_eth_usds,liquidation,return_shock,6,2.411546131684847e-07
compound_v3_eth_usds,liquidation,return_shock,7,-5.2236312844801405e-09
compound_v3_eth_usds,liquidation,return_shock,8,-9.202447471633136e-10
compound_v3_eth_usds,liquidation,return_shock,9,5.5941507859485544e-11
compound_v3_eth_usds,liquidation,return_shock,10,2.256960066550943e-12
compound_v3_eth_usds,liquidation,return_shock,11,-3.3433805615969747e-13
compound_v3_eth_usds,liquidation,return_shock,12,1.333844759514085e-15
compound_v3_eth_usds,liquidation,return_shock,13,1.4817019187565594e-15
compound_v3_eth_usds,liquidation,return_shock,14,-5.772596381321554e-17
compound_v3_eth_usds,liquidation,return_shock,15,-4.761067707401288e-18
compound_v3_eth_usds,liquidation,return_shock,16,4.2974895230314495e-19
compound_v3_eth_usds,liquidation,return_shock,17,6.7872790422012e-21
compound_v3_eth_usds,liquidation,return_shock,18,-2.2007794092971524e-21
compound_v3_eth_usds,liquidation,return_shock,19,4.5662204108177953e-23
compound_v3_eth_usds,liquidation,return_shock,20,8.46815531266461e-24
compound_v3_eth_usds,liquidation,return_shock,21,-5.037803013199505e-25
compound_v3_eth_usds,liquidation,return_shock,22,-2.1151897444061088e-26
compound_v3_eth_usds,liquidation,return_shock,23,3.0396880485321705e-27
compound_v3_eth_usds,liquidation,return_shock,24,-9.236391840854061e-30
compound_v3_eth_usds,liquidation,return_shock,25,-1.3571847851802105e-29
compound_v3_eth_usds,liquidation,return_shock,26,5.151226533545291e-31
compound_v3_eth_usds,liquidation,return_shock,27,4.408443417637946e-32
compound_v3_eth_usds,liquidation,return_shock,28,-3.8906058004579465e-33
compound_v3_eth_usds,liquidation,return_shock,29,-6.593287053855851e-35
compound_v3_eth_usds,liquidation,return_shock,30,2.0080430359246005e-35
compound_v3_eth_usds,liquidation,liquidation_shock,0,0.36004459218471196
compound_v3_eth_usds,liquidation,liquidation_shock,1,-0.002410614956992097
compound_v3_eth_usds,liquidation,liquidation_shock,2,-0.0015616807342225963
compound_v3_eth_usds,liquidation,liquidation_shock,3,6.543445060554571e-05
compound_v3_eth_usds,liquidation,liquidation_shock,4,4.858032743641391e-06
compound_v3_eth_usds,liquidation,liquidation_shock,5,-4.683613049890015e-07
compound_v3_eth_usds,liquidation,liquidation_shock,6,-5.8850518427748075e-09
compound_v3_eth_usds,liquidation,liquidation_shock,7,2.345829498846803e-09
compound_v3_eth_usds,liquidation,liquidation_shock,8,-5.4840277782066854e-11
compound_v3_eth_usds,liquidation,liquidation_shock,9,-8.811338421968258e-12
compound_v3_eth_usds,liquidation,liquidation_shock,10,5.576891486458569e-13
compound_v3_eth_usds,liquidation,liquidation_shock,11,2.0842074175868317e-14
compound_v3_eth_usds,liquidation,liquidation_shock,12,-3.275296816722841e-15
compound_v3_eth_usds,liquidation,liquidation_shock,13,1.886220802277898e-17
compound_v3_eth_usds,liquidation,liquidation_shock,14,1.431335159243447e-17
compound_v3_eth_usds,liquidation,liquidation_shock,15,-5.849573389697749e-19
compound_v3_eth_usds,liquidation,liquidation_shock,16,-4.504030998887816e-20
compound_v3_eth_usds,liquidation,liquidation_shock,17,4.2431105120948865e-21
compound_v3_eth_usds,liquidation,liquidation_shock,18,5.801907182339361e-23
compound_v3_eth_usds,liquidation,liquidation_shock,19,-2.141589198666e-23
compound_v3_eth_usds,liquidation,liquidation_shock,20,4.810364492935513e-25
compound_v3_eth_usds,liquidation,liquidation_shock,21,8.11254006008944e-26
compound_v3_eth_usds,liquidation,liquidation_shock,22,-5.0254827896306314e-27
compound_v3_eth_usds,liquidation,liquidation_shock,23,-1.9569394597894554e-28
compound_v3_eth_usds,liquidation,liquidation_shock,24,2.9789151247013636e-29
compound_v3_eth_usds,liquidation,liquidation_shock,25,-1.4352026406916037e-31
compound_v3_eth_usds,liquidation,liquidation_shock,26,-1.311581724228155e-31
compound_v3_eth_usds,liquidation,liquidation_shock,27,5.226147993160135e-33
compound_v3_eth_usds,liquidation,liquidation_shock,28,4.17389668159411e-34
compound_v3_eth_usds,liquidation,liquidation_shock,29,-3.843123783536872e-35
compound_v3_eth_usds,liquidation,liquidation_shock,30,-5.686679186599958e-37
compound_v3_eth_usdt,basket_return,return_shock,0,0.9712506691410349
compound_v3_eth_usdt,basket_return,return_shock,1,-0.06702430320077371
compound_v3_eth_usdt,basket_return,return_shock,2,0.00415970360224931
compound_v3_eth_usdt,basket_return,return_shock,3,-0.0003281491707805671
compound_v3_eth_usdt,basket_return,return_shock,4,1.4187530942156627e-05
compound_v3_eth_usdt,basket_return,return_shock,5,-2.152009504752178e-06
compound_v3_eth_usdt,basket_return,return_shock,6,-4.278220764070777e-08
compound_v3_eth_usdt,basket_return,return_shock,7,-2.61031216969654e-08
compound_v3_eth_usdt,basket_return,return_shock,8,-2.7481630676771134e-09
compound_v3_eth_usdt,basket_return,return_shock,9,-5.134119403074136e-10
compound_v3_eth_usdt,basket_return,return_shock,10,-7.383391325256407e-11
compound_v3_eth_usdt,basket_return,return_shock,11,-1.1844341315957582e-11
compound_v3_eth_usdt,basket_return,return_shock,12,-1.8115893398318704e-12
compound_v3_eth_usdt,basket_return,return_shock,13,-2.8280341675689354e-13
compound_v3_eth_usdt,basket_return,return_shock,14,-4.3759773672224764e-14
compound_v3_eth_usdt,basket_return,return_shock,15,-6.7969883896628025e-15
compound_v3_eth_usdt,basket_return,return_shock,16,-1.054013239419762e-15
compound_v3_eth_usdt,basket_return,return_shock,17,-1.6356199268976808e-16
compound_v3_eth_usdt,basket_return,return_shock,18,-2.5373856548311926e-17
compound_v3_eth_usdt,basket_return,return_shock,19,-3.9368381641043934e-18
compound_v3_eth_usdt,basket_return,return_shock,20,-6.107789744644927e-19
compound_v3_eth_usdt,basket_return,return_shock,21,-9.476133766817513e-20
compound_v3_eth_usdt,basket_return,return_shock,22,-1.4701908766754885e-20
compound_v3_eth_usdt,basket_return,return_shock,23,-2.2809629500144646e-21
compound_v3_eth_usdt,basket_return,return_shock,24,-3.5388478501657514e-22
compound_v3_eth_usdt,basket_return,return_shock,25,-5.49042440306274e-23
compound_v3_eth_usdt,basket_return,return_shock,26,-8.51823827151025e-24
compound_v3_eth_usdt,basket_return,return_shock,27,-1.3215807971191726e-24
compound_v3_eth_usdt,basket_return,return_shock,28,-2.050395433873144e-25
compound_v3_eth_usdt,basket_return,return_shock,29,-3.1811309353768025e-26
compound_v3_eth_usdt,basket_return,return_shock,30,-4.93543525028926e-27
compound_v3_eth_usdt,basket_return,liquidation_shock,0,0.0
compound_v3_eth_usdt,basket_return,liquidation_shock,1,0.0006345910464460745
compound_v3_eth_usdt,basket_return,liquidation_shock,2,5.601993320655402e-05
compound_v3_eth_usdt,basket_return,liquidation_shock,3,1.1528968114171429e-05
compound_v3_eth_usdt,basket_return,liquidation_shock,4,1.5989345839947206e-06
compound_v3_eth_usdt,basket_return,liquidation_shock,5,2.6075894756532764e-07
compound_v3_eth_usdt,basket_return,liquidation_shock,6,3.960752246257428e-08
compound_v3_eth_usdt,basket_return,liquidation_shock,7,6.201734705778174e-09
compound_v3_eth_usdt,basket_return,liquidation_shock,8,9.583875880827958e-10
compound_v3_eth_usdt,basket_return,liquidation_shock,9,1.4894485476251549e-10
compound_v3_eth_usdt,basket_return,liquidation_shock,10,2.30914099476014e-11
compound_v3_eth_usdt,basket_return,liquidation_shock,11,3.5837018775474554e-12
compound_v3_eth_usdt,basket_return,liquidation_shock,12,5.559254133836176e-13
compound_v3_eth_usdt,basket_return,liquidation_shock,13,8.625533898460006e-14
compound_v3_eth_usdt,basket_return,liquidation_shock,14,1.3381934266223124e-14
compound_v3_eth_usdt,basket_return,liquidation_shock,15,2.076192187930895e-15
compound_v3_eth_usdt,basket_return,liquidation_shock,16,3.2211386775505753e-16
compound_v3_eth_usdt,basket_return,liquidation_shock,17,4.997516300412646e-17
compound_v3_eth_usdt,basket_return,liquidation_shock,18,7.753499346394917e-18
compound_v3_eth_usdt,basket_return,liquidation_shock,19,1.2029340928711662e-18
compound_v3_eth_usdt,basket_return,liquidation_shock,20,1.866318144034533e-19
compound_v3_eth_usdt,basket_return,liquidation_shock,21,2.895540367047544e-20
compound_v3_eth_usdt,basket_return,liquidation_shock,22,4.492349390480592e-21
compound_v3_eth_usdt,basket_return,liquidation_shock,23,6.969753952566597e-22
compound_v3_eth_usdt,basket_return,liquidation_shock,24,1.08133773739174e-22
compound_v3_eth_usdt,basket_return,liquidation_shock,25,1.6776651222550832e-23
compound_v3_eth_usdt,basket_return,liquidation_shock,26,2.602850298634619e-24
compound_v3_eth_usdt,basket_return,liquidation_shock,27,4.038249110225723e-25
compound_v3_eth_usdt,basket_return,liquidation_shock,28,6.265230034287338e-26
compound_v3_eth_usdt,basket_return,liquidation_shock,29,9.720328370533369e-27
compound_v3_eth_usdt,basket_return,liquidation_shock,30,1.5080816363108037e-27
compound_v3_eth_usdt,liquidation,return_shock,0,-0.2650658454554637
compound_v3_eth_usdt,liquidation,return_shock,1,-0.37791440851110447
compound_v3_eth_usdt,liquidation,return_shock,2,-0.03611120872292711
compound_v3_eth_usdt,liquidation,return_shock,3,-0.0071085412138365625
compound_v3_eth_usdt,liquidation,return_shock,4,-0.0010021647809154634
compound_v3_eth_usdt,liquidation,return_shock,5,-0.0001622172182999121
compound_v3_eth_usdt,liquidation,return_shock,6,-2.4717232019727457e-05
compound_v3_eth_usdt,liquidation,return_shock,7,-3.864921561523463e-06
compound_v3_eth_usdt,liquidation,return_shock,8,-5.976181020714841e-07
compound_v3_eth_usdt,liquidation,return_shock,9,-9.285342012542354e-08
compound_v3_eth_usdt,liquidation,return_shock,10,-1.439694316479769e-08
compound_v3_eth_usdt,liquidation,return_shock,11,-2.2342473851924697e-09
compound_v3_eth_usdt,liquidation,return_shock,12,-3.4659694184368533e-10
compound_v3_eth_usdt,liquidation,return_shock,13,-5.377623408447756e-11
compound_v3_eth_usdt,liquidation,return_shock,14,-8.343051590017611e-12
compound_v3_eth_usdt,liquidation,return_shock,15,-1.2944130526126266e-12
compound_v3_eth_usdt,liquidation,return_shock,16,-2.0082374326151394e-13
compound_v3_eth_usdt,liquidation,return_shock,17,-3.11572933649162e-14
compound_v3_eth_usdt,liquidation,return_shock,18,-4.8339629258656735e-15
compound_v3_eth_usdt,liquidation,return_shock,19,-7.499760071259848e-16
compound_v3_eth_usdt,liquidation,return_shock,20,-1.1635665426894543e-16
compound_v3_eth_usdt,liquidation,return_shock,21,-1.8052409069530886e-17
compound_v3_eth_usdt,liquidation,return_shock,22,-2.800780474944357e-18
compound_v3_eth_usdt,liquidation,return_shock,23,-4.345332264025718e-19
compound_v3_eth_usdt,liquidation,return_shock,24,-6.741660888597759e-20
compound_v3_eth_usdt,liquidation,return_shock,25,-1.0459497475863552e-20
compound_v3_eth_usdt,liquidation,return_shock,26,-1.6227616448414925e-21
compound_v3_eth_usdt,liquidation,return_shock,27,-2.517669099674862e-22
compound_v3_eth_usdt,liquidation,return_shock,28,-3.906092870841376e-23
compound_v3_eth_usdt,liquidation,return_shock,29,-6.060193343599282e-24
compound_v3_eth_usdt,liquidation,return_shock,30,-9.402219704561729e-25
compound_v3_eth_usdt,liquidation,liquidation_shock,0,0.5400964446828523
compound_v3_eth_usdt,liquidation,liquidation_shock,1,0.08477613231431776
compound_v3_eth_usdt,liquidation,liquidation_shock,2,0.013087133401170903
compound_v3_eth_usdt,liquidation,liquidation_shock,3,0.0020348216793995393
compound_v3_eth_usdt,liquidation,liquidation_shock,4,0.0003154033272652709
compound_v3_eth_usdt,liquidation,liquidation_shock,5,4.895356902552882e-05
compound_v3_eth_usdt,liquidation,liquidation_shock,6,7.593696105910533e-06
compound_v3_eth_usdt,liquidation,liquidation_shock,7,1.1782283882357533e-06
compound_v3_eth_usdt,liquidation,liquidation_shock,8,1.8279295471423325e-07
compound_v3_eth_usdt,liquidation,liquidation_shock,9,2.836020583104688e-08
compound_v3_eth_usdt,liquidation,liquidation_shock,10,4.3999800082080586e-09
compound_v3_eth_usdt,liquidation,liquidation_shock,11,6.826462910777192e-10
compound_v3_eth_usdt,liquidation,liquidation_shock,12,1.0591053673278033e-10
compound_v3_eth_usdt,liquidation,liquidation_shock,13,1.6431730054652875e-11
compound_v3_eth_usdt,liquidation,liquidation_shock,14,2.5493362264605335e-12
compound_v3_eth_usdt,liquidation,liquidation_shock,15,3.9552238798908516e-13
compound_v3_eth_usdt,liquidation,liquidation_shock,16,6.136418488659497e-14
compound_v3_eth_usdt,liquidation,liquidation_shock,17,9.520481032699132e-15
compound_v3_eth_usdt,liquidation,liquidation_shock,18,1.4770758728998924e-15
compound_v3_eth_usdt,liquidation,liquidation_shock,19,2.2916417237624764e-16
compound_v3_eth_usdt,liquidation,liquidation_shock,20,3.555417743550582e-17
compound_v3_eth_usdt,liquidation,liquidation_shock,21,5.516130738915192e-18
compound_v3_eth_usdt,liquidation,liquidation_shock,22,8.558121857616595e-19
compound_v3_eth_usdt,liquidation,liquidation_shock,23,1.327768561372307e-19
compound_v3_eth_usdt,liquidation,liquidation_shock,24,2.0599956177687443e-20
compound_v3_eth_usdt,liquidation,liquidation_shock,25,3.1960253232062273e-21
compound_v3_eth_usdt,liquidation,liquidation_shock,26,4.958543493093602e-22
compound_v3_eth_usdt,liquidation,liquidation_shock,27,7.693040913872655e-23
compound_v3_eth_usdt,liquidation,liquidation_shock,28,1.1935536833475666e-23
compound_v3_eth_usdt,liquidation,liquidation_shock,29,1.8517650055218833e-24
compound_v3_eth_usdt,liquidation,liquidation_shock,30,2.872961378707916e-25
euler_v2_sonic,basket_return,return_shock,0,0.6845572384982314
euler_v2_sonic,basket_return,return_shock,1,-0.049147095612607127
euler_v2_sonic,basket_return,return_shock,2,0.003749630633678181
euler_v2_sonic,basket_return,return_shock,3,-0.00025861963764806935
euler_v2_sonic,basket_return,return_shock,4,2.104467627613707e-05
euler_v2_sonic,basket_return,return_shock,5,-1.298052228002029e-06
euler_v2_sonic,basket_return,return_shock,6,1.2545374904294877e-07
euler_v2_sonic,basket_return,return_shock,7,-5.566519651258881e-09
euler_v2_sonic,basket_return,return_shock,8,8.517637051342095e-10
euler_v2_sonic,basket_return,return_shock,9,-8.859256860601975e-12
euler_v2_sonic,basket_return,return_shock,10,7.167346053815892e-12
euler_v2_sonic,basket_return,return_shock,11,2.6395493798362366e-13
euler_v2_sonic,basket_return,return_shock,12,7.65063536180113e-14
euler_v2_sonic,basket_return,return_shock,13,6.012794384104029e-15
euler_v2_sonic,basket_return,return_shock,14,9.695240803029455e-16
euler_v2_sonic,basket_return,return_shock,15,9.997356633874297e-17
euler_v2_sonic,basket_return,return_shock,16,1.3423819881910862e-17
euler_v2_sonic,basket_return,return_shock,17,1.533241894569819e-18
euler_v2_sonic,basket_return,return_shock,18,1.9299340742016073e-19
euler_v2_sonic,basket_return,return_shock,19,2.289826653307742e-20
euler_v2_sonic,basket_return,return_shock,20,2.815557628260097e-21
euler_v2_sonic,basket_return,return_shock,21,3.387834614702206e-22
euler_v2_sonic,basket_return,return_shock,22,4.1301816463576166e-23
euler_v2_sonic,basket_return,return_shock,23,4.9953796768834025e-24
euler_v2_sonic,basket_return,return_shock,24,6.07092619161478e-25
euler_v2_sonic,basket_return,return_shock,25,7.356599931767556e-26
euler_v2_sonic,basket_return,return_shock,26,8.930275742508563e-27
euler_v2_sonic,basket_return,return_shock,27,1.0829014557673053e-27
euler_v2_sonic,basket_return,return_shock,28,1.313995234369701e-28
euler_v2_sonic,basket_return,return_shock,29,1.59378080326099e-29
euler_v2_sonic,basket_return,return_shock,30,1.9335988354676403e-30
euler_v2_sonic,basket_return,liquidation_shock,0,0.0
euler_v2_sonic,basket_return,liquidation_shock,1,-0.0006017389162899374
euler_v2_sonic,basket_return,liquidation_shock,2,-2.8789354228249186e-05
euler_v2_sonic,basket_return,liquidation_shock,3,-6.740285976916846e-06
euler_v2_sonic,basket_return,liquidation_shock,4,-5.790599389978904e-07
euler_v2_sonic,basket_return,liquidation_shock,5,-8.777600719242493e-08
euler_v2_sonic,basket_return,liquidation_shock,6,-9.360296954104358e-09
euler_v2_sonic,basket_return,liquidation_shock,7,-1.23011958935012e-09
euler_v2_sonic,basket_return,liquidation_shock,8,-1.4227546224074454e-10
euler_v2_sonic,basket_return,liquidation_shock,9,-1.777020961324971e-11
euler_v2_sonic,basket_return,liquidation_shock,10,-2.1181975447943224e-12
euler_v2_sonic,basket_return,liquidation_shock,11,-2.597162777288183e-13
euler_v2_sonic,basket_return,liquidation_shock,12,-3.130385025232759e-14
euler_v2_sonic,basket_return,liquidation_shock,13,-3.8123676617769586e-15
euler_v2_sonic,basket_return,liquidation_shock,14,-4.61387829716751e-16
euler_v2_sonic,basket_return,liquidation_shock,15,-5.605155690952787e-17
euler_v2_sonic,basket_return,liquidation_shock,16,-6.793751702756277e-18
euler_v2_sonic,basket_return,liquidation_shock,17,-8.245878559994016e-19
euler_v2_sonic,basket_return,liquidation_shock,18,-9.999945045361273e-20
euler_v2_sonic,basket_return,liquidation_shock,19,-1.2133337867270351e-20
euler_v2_sonic,basket_return,liquidation_shock,20,-1.4717312810289261e-21
euler_v2_sonic,basket_return,liquidation_shock,21,-1.7854930843541536e-22
euler_v2_sonic,basket_return,liquidation_shock,22,-2.1659005594841e-23
euler_v2_sonic,basket_return,liquidation_shock,23,-2.627536256548414e-24
euler_v2_sonic,basket_return,liquidation_shock,24,-3.18743132221022e-25
euler_v2_sonic,basket_return,liquidation_shock,25,-3.866730529044767e-26
euler_v2_sonic,basket_return,liquidation_shock,26,-4.690729027860918e-27
euler_v2_sonic,basket_return,liquidation_shock,27,-5.69037386154627e-28
euler_v2_sonic,basket_return,liquidation_shock,28,-6.903015098206227e-29
euler_v2_sonic,basket_return,liquidation_shock,29,-8.374103399942765e-30
euler_v2_sonic,basket_return,liquidation_shock,30,-1.015867163595035e-30
euler_v2_sonic,liquidation,return_shock,0,-0.12141627079940132
euler_v2_sonic,liquidation,return_shock,1,-0.09638254970496397
euler_v2_sonic,liquidation,return_shock,2,-0.0056933905322304156
euler_v2_sonic,liquidation,return_shock,3,-0.0011313859992335955
euler_v2_sonic,liquidation,return_shock,4,-0.00010487098815137217
euler_v2_sonic,liquidation,return_shock,5,-1.5100698047621694e-05
euler_v2_sonic,liquidation,return_shock,6,-1.6571172490348778e-06
euler_v2_sonic,liquidation,return_shock,7,-2.1386495246392275e-07
euler_v2_sonic,liquidation,return_shock,8,-2.5000855168106285e-08
euler_v2_sonic,liquidation,return_shock,9,-3.102167264593973e-09
euler_v2_sonic,liquidation,return_shock,10,-3.712348748780137e-10
euler_v2_sonic,liquidation,return_shock,11,-4.540877033636141e-11
euler_v2_sonic,liquidation,return_shock,12,-5.4810890395807485e-12
euler_v2_sonic,liquidation,return_shock,13,-6.669332571384433e-13
euler_v2_sonic,liquidation,return_shock,14,-8.075779597455216e-14
euler_v2_sonic,liquidation,return_shock,15,-9.807677066437755e-15
euler_v2_sonic,liquidation,return_shock,16,-1.1889752030764143e-15
euler_v2_sonic,liquidation,return_shock,17,-1.4429416891380237e-16
euler_v2_sonic,liquidation,return_shock,18,-1.7500099185777804e-17
euler_v2_sonic,liquidation,return_shock,19,-2.1232658835384814e-18
euler_v2_sonic,liquidation,return_shock,20,-2.5755145026021986e-19
euler_v2_sonic,liquidation,return_shock,21,-3.1245447859726277e-20
euler_v2_sonic,liquidation,return_shock,22,-3.7902798103487365e-21
euler_v2_sonic,liquidation,return_shock,23,-4.598105656777796e-22
euler_v2_sonic,liquidation,return_shock,24,-5.577924055967746e-23
euler_v2_sonic,liquidation,return_shock,25,-6.766666001165435e-24
euler_v2_sonic,liquidation,return_shock,26,-8.208650036595719e-25
euler_v2_sonic,liquidation,return_shock,27,-9.957993891921691e-26
euler_v2_sonic,liquidation,return_shock,28,-1.208008761363146e-26
euler_v2_sonic,liquidation,return_shock,29,-1.4654447693867937e-27
euler_v2_sonic,liquidation,return_shock,30,-1.7777395492589458e-28
euler_v2_sonic,liquidation,liquidation_shock,0,0.2859521015623988
euler_v2_sonic,liquidation,liquidation_shock,1,0.03431734669558936
euler_v2_sonic,liquidation,liquidation_shock,2,0.004190366661939571
euler_v2_sonic,liquidation,liquidation_shock,3,0.000506329955938963
euler_v2_sonic,liquidation,liquidation_shock,4,6.15706041769019e-05
euler_v2_sonic,liquidation,liquidation_shock,5,7.458342128672496e-06
euler_v2_sonic,liquidation,liquidation_shock,6,9.05571859000549e-07
euler_v2_sonic,liquidation,liquidation_shock,7,1.0979706997763251e-07
euler_v2_sonic,liquidation,liquidation_shock,8,1.3323847914482649e-08
euler_v2_sonic,liquidation,liquidation_shock,9,1.6160092462045546e-09
euler_v2_sonic,liquidation,liquidation_shock,10,1.9606231142350636e-10
euler_v2_sonic,liquidation,liquidation_shock,11,2.378274442953015e-11
euler_v2_sonic,liquidation,liquidation_shock,12,2.885225337521404e-12
euler_v2_sonic,liquidation,liquidation_shock,13,3.499993799289176e-13
euler_v2_sonic,liquidation,liquidation_shock,14,4.245932841560682e-14
euler_v2_sonic,liquidation,liquidation_shock,15,5.150719251871149e-15
euler_v2_sonic,liquidation,liquidation_shock,16,6.248407592234024e-16
euler_v2_sonic,liquidation,liquidation_shock,17,7.579957274478435e-17
euler_v2_sonic,liquidation,liquidation_shock,18,9.195315326189733e-18
euler_v2_sonic,liquidation,liquidation_shock,19,1.115488260813064e-18
euler_v2_sonic,liquidation,liquidation_shock,20,1.3532071536489647e-19
euler_v2_sonic,liquidation,liquidation_shock,21,1.6415836531512397e-20
euler_v2_sonic,liquidation,liquidation_shock,22,1.9914164203286184e-21
euler_v2_sonic,liquidation,liquidation_shock,23,2.415799840313529e-22
euler_v2_sonic,liquidation,liquidation_shock,24,2.930622868041391e-23
euler_v2_sonic,liquidation,liquidation_shock,25,3.555157507755849e-24
euler_v2_sonic,liquidation,liquidation_shock,26,4.312784950828014e-25
euler_v2_sonic,liquidation,liquidation_shock,27,5.231867458946696e-26
euler_v2_sonic,liquidation,liquidation_shock,28,6.346812662858452e-27
euler_v2_sonic,liquidation,liquidation_shock,29,7.699359812807029e-28
euler_v2_sonic,liquidation,liquidation_shock,30,9.340143705862496e-29
fluid_lending_arbitrum,basket_return,return_shock,0,0.6816659208289615
fluid_lending_arbitrum,basket_return,return_shock,1,0.06618233971355889
fluid_lending_arbitrum,basket_return,return_shock,2,0.05093940723669194
fluid_lending_arbitrum,basket_return,return_shock,3,-0.03354803285398739
fluid_lending_arbitrum,basket_return,return_shock,4,0.06638081220175508
fluid_lending_arbitrum,basket_return,return_shock,5,-0.06752056247706942
fluid_lending_arbitrum,basket_return,return_shock,6,-0.05816024056611031
fluid_lending_arbitrum,basket_return,return_shock,7,0.007289860777326064
fluid_lending_arbitrum,basket_return,return_shock,8,-0.009914444555832591
fluid_lending_arbitrum,basket_return,return_shock,9,-0.04584769071757069
fluid_lending_arbitrum,basket_return,return_shock,10,0.07186537713593959
fluid_lending_arbitrum,basket_return,return_shock,11,-0.03841054727701141
fluid_lending_arbitrum,basket_return,return_shock,12,-0.054591936902109256
fluid_lending_arbitrum,basket_return,return_shock,13,0.004622480463637595
fluid_lending_arbitrum,basket_return,return_shock,14,0.10433995603896822
fluid_lending_arbitrum,basket_return,return_shock,15,-0.013971598676956569
fluid_lending_arbitrum,basket_return,return_shock,16,-0.025520450335148766
fluid_lending_arbitrum,basket_return,return_shock,17,0.08823277426333329
fluid_lending_arbitrum,basket_return,return_shock,18,0.020008400824622487
fluid_lending_arbitrum,basket_return,return_shock,19,0.01854611610397368
fluid_lending_arbitrum,basket_return,return_shock,20,-0.007371774622192197
fluid_lending_arbitrum,basket_return,return_shock,21,0.00877831730739801
fluid_lending_arbitrum,basket_return,return_shock,22,0.0009838328801709832
fluid_lending_arbitrum,basket_return,return_shock,23,0.026393559420539878
fluid_lending_arbitrum,basket_return,return_shock,24,0.03770082301293858
fluid_lending_arbitrum,basket_return,return_shock,25,0.05021234366889323
fluid_lending_arbitrum,basket_return,return_shock,26,0.022105916219669224
fluid_lending_arbitrum,basket_return,return_shock,27,0.07464793417557912
fluid_lending_arbitrum,basket_return,return_shock,28,0.014715409109796096
fluid_lending_arbitrum,basket_return,return_shock,29,-0.0696224175464975
fluid_lending_arbitrum,basket_return,return_shock,30,-0.023762290483309512
fluid_lending_arbitrum,basket_return,liquidation_shock,0,0.0
fluid_lending_arbitrum,basket_return,liquidation_shock,1,0.019404046696543803
fluid_lending_arbitrum,basket_return,liquidation_shock,2,0.027439751589191805
fluid_lending_arbitrum,basket_return,liquidation_shock,3,0.0020847395423176664
fluid_lending_arbitrum,basket_return,liquidation_shock,4,-0.002811714042622827
fluid_lending_arbitrum,basket_return,liquidation_shock,5,-0.007066387742104295
fluid_lending_arbitrum,basket_return,liquidation_shock,6,0.015644280890929015
fluid_lending_arbitrum,basket_return,liquidation_shock,7,0.02072844745876693
fluid_lending_arbitrum,basket_return,liquidation_shock,8,-0.00613202287832902
fluid_lending_arbitrum,basket_return,liquidation_shock,9,0.021961937564955108
fluid_lending_arbitrum,basket_return,liquidation_shock,10,-0.010182565302494862
fluid_lending_arbitrum,basket_return,liquidation_shock,11,0.014168897836369586
fluid_lending_arbitrum,basket_return,liquidation_shock,12,0.007747057493972302
fluid_lending_arbitrum,basket_return,liquidation_shock,13,-0.008874540664409835
fluid_lending_arbitrum,basket_return,liquidation_shock,14,-0.023205245782132383
fluid_lending_arbitrum,basket_return,liquidation_shock,15,-0.0014249560757851045
fluid_lending_arbitrum,basket_return,liquidation_shock,16,-0.00943010800293459
fluid_lending_arbitrum,basket_return,liquidation_shock,17,0.0068357968705302224
fluid_lending_arbitrum,basket_return,liquidation_shock,18,-0.012003308834786548
fluid_lending_arbitrum,basket_return,liquidation_shock,19,-0.002119264751559851
fluid_lending_arbitrum,basket_return,liquidation_shock,20,0.012882588367007957
fluid_lending_arbitrum,basket_return,liquidation_shock,21,0.017828209270653952
fluid_lending_arbitrum,basket_return,liquidation_shock,22,-0.008006237119129853
fluid_lending_arbitrum,basket_return,liquidation_shock,23,0.003094737421145119
fluid_lending_arbitrum,basket_return,liquidation_shock,24,-0.009854004954571048
fluid_lending_arbitrum,basket_return,liquidation_shock,25,-0.0008549504304733369
fluid_lending_arbitrum,basket_return,liquidation_shock,26,-0.002657922605761201
fluid_lending_arbitrum,basket_return,liquidation_shock,27,0.005266792622301163
fluid_lending_arbitrum,basket_return,liquidation_shock,28,-0.01353300989086763
fluid_lending_arbitrum,basket_return,liquidation_shock,29,-0.009246109685217302
fluid_lending_arbitrum,basket_return,liquidation_shock,30,0.014237207164585668
fluid_lending_arbitrum,liquidation,return_shock,0,-0.002079517600762818
fluid_lending_arbitrum,liquidation,return_shock,1,0.07495453546777735
fluid_lending_arbitrum,liquidation,return_shock,2,0.09357427720041933
fluid_lending_arbitrum,liquidation,return_shock,3,0.050052610122792364
fluid_lending_arbitrum,liquidation,return_shock,4,0.03864125454021942
fluid_lending_arbitrum,liquidation,return_shock,5,0.03617017528197509
fluid_lending_arbitrum,liquidation,return_shock,6,-0.0036842953390113908
fluid_lending_arbitrum,liquidation,return_shock,7,-0.018952710853864782
fluid_lending_arbitrum,liquidation,return_shock,8,0.038083968134468224
fluid_lending_arbitrum,liquidation,return_shock,9,-0.02168512207105108
fluid_lending_arbitrum,liquidation,return_shock,10,-0.02029169038760531
fluid_lending_arbitrum,liquidation,return_shock,11,-0.031135662222481673
fluid_lending_arbitrum,liquidation,return_shock,12,0.016010056055174186
fluid_lending_arbitrum,liquidation,return_shock,13,-0.03668655840878588
fluid_lending_arbitrum,liquidation,return_shock,14,0.016029820189357252
fluid_lending_arbitrum,liquidation,return_shock,15,0.043881184403678886
fluid_lending_arbitrum,liquidation,return_shock,16,0.07544446702627661
fluid_lending_arbitrum,liquidation,return_shock,17,-0.038835266478048115
fluid_lending_arbitrum,liquidation,return_shock,18,-0.06051020122531486
fluid_lending_arbitrum,liquidation,return_shock,19,-0.027489444299377663
fluid_lending_arbitrum,liquidation,return_shock,20,0.02374765260470009
fluid_lending_arbitrum,liquidation,return_shock,21,0.04613202057219742
fluid_lending_arbitrum,liquidation,return_shock,22,0.05404864126097244
fluid_lending_arbitrum,liquidation,return_shock,23,0.04718903695061684
fluid_lending_arbitrum,liquidation,return_shock,24,0.010850891658979967
fluid_lending_arbitrum,liquidation,return_shock,25,0.02154017035301409
fluid_lending_arbitrum,liquidation,return_shock,26,0.011304336755394547
fluid_lending_arbitrum,liquidation,return_shock,27,-0.11229691917678783
fluid_lending_arbitrum,liquidation,return_shock,28,-0.054387847120908245
fluid_lending_arbitrum,liquidation,return_shock,29,0.01579247205629326
fluid_lending_arbitrum,liquidation,return_shock,30,0.10539465242344152
fluid_lending_arbitrum,liquidation,liquidation_shock,0,0.16405077769817944
fluid_lending_arbitrum,liquidation,liquidation_shock,1,0.051276210434853406
fluid_lending_arbitrum,liquidation,liquidation_shock,2,0.023381713788922075
fluid_lending_arbitrum,liquidation,liquidation_shock,3,0.013996153958577654
fluid_lending_arbitrum,liquidation,liquidation_shock,4,-0.00113984132746732
fluid_lending_arbitrum,liquidation,liquidation_shock,5,0.0005225794875697166
fluid_lending_arbitrum,liquidation,liquidation_shock,6,0.002481308224900548
fluid_lending_arbitrum,liquidation,liquidation_shock,7,0.030150313786419344
fluid_lending_arbitrum,liquidation,liquidation_shock,8,0.03395372189338222
fluid_lending_arbitrum,liquidation,liquidation_shock,9,0.04479306950964751
fluid_lending_arbitrum,liquidation,liquidation_shock,10,0.014363655284873204
fluid_lending_arbitrum,liquidation,liquidation_shock,11,-0.0022096319895350417
fluid_lending_arbitrum,liquidation,liquidation_shock,12,0.015527610816173291
fluid_lending_arbitrum,liquidation,liquidation_shock,13,-0.0018917886019502372
fluid_lending_arbitrum,liquidation,liquidation_shock,14,0.024650281934801416
fluid_lending_arbitrum,liquidation,liquidation_shock,15,0.005352634507142585
fluid_lending_arbitrum,liquidation,liquidation_shock,16,0.02097161643832238
fluid_lending_arbitrum,liquidation,liquidation_shock,17,0.0020998630873989856
fluid_lending_arbitrum,liquidation,liquidation_shock,18,-0.01180102377016624
fluid_lending_arbitrum,liquidation,liquidation_shock,19,-0.003009438795616857
fluid_lending_arbitrum,liquidation,liquidation_shock,20,0.021895440208110347
fluid_lending_arbitrum,liquidation,liquidation_shock,21,0.012135823263603282
fluid_lending_arbitrum,liquidation,liquidation_shock,22,0.021231274126722717
fluid_lending_arbitrum,liquidation,liquidation_shock,23,0.0100931689006194
fluid_lending_arbitrum,liquidation,liquidation_shock,24,0.013890671688395733
fluid_lending_arbitrum,liquidation,liquidation_shock,25,0.0035662575478195213
fluid_lending_arbitrum,liquidation,liquidation_shock,26,-0.001971499179380528
fluid_lending_arbitrum,liquidation,liquidation_shock,27,-0.008115875099275168
fluid_lending_arbitrum,liquidation,liquidation_shock,28,-0.007037979288496864
fluid_lending_arbitrum,liquidation,liquidation_shock,29,0.021891628102316048
fluid_lending_arbitrum,liquidation,liquidation_shock,30,0.0017366337179947472
fluid_lending_ethereum,basket_return,return_shock,0,0.6458004527702712
fluid_lending_ethereum,basket_return,return_shock,1,-0.05305306186963736
fluid_lending_ethereum,basket_return,return_shock,2,0.0772640052337591
fluid_lending_ethereum,basket_return,return_shock,3,-0.011911246703117367
fluid_lending_ethereum,basket_return,return_shock,4,0.009688764247089327
fluid_lending_ethereum,basket_return,return_shock,5,-0.001996738499788045
fluid_lending_ethereum,basket_return,return_shock,6,0.0012659690719603065
fluid_lending_ethereum,basket_return,return_shock,7,-0.00028993954513435624
fluid_lending_ethereum,basket_return,return_shock,8,0.00017316354658381323
fluid_lending_ethereum,basket_return,return_shock,9,-3.642554250307227e-05
fluid_lending_ethereum,basket_return,return_shock,10,2.5427444580549386e-05
fluid_lending_ethereum,basket_return,return_shock,11,-3.3181849398846653e-06
fluid_lending_ethereum,basket_return,return_shock,12,4.215995105542626e-06
fluid_lending_ethereum,basket_return,return_shock,13,9.871941116632667e-08
fluid_lending_ethereum,basket_return,return_shock,14,8.333099166091974e-07
fluid_lending_ethereum,basket_return,return_shock,15,1.8353815075884319e-07
fluid_lending_ethereum,basket_return,return_shock,16,1.9808797632875695e-07
fluid_lending_ethereum,basket_return,return_shock,17,7.686894460393246e-08
fluid_lending_ethereum,basket_return,return_shock,18,5.3960377488895505e-08
fluid_lending_ethereum,basket_return,return_shock,19,2.633475200125791e-08
fluid_lending_ethereum,basket_return,return_shock,20,1.5849978802813016e-08
fluid_lending_ethereum,basket_return,return_shock,21,8.463876189930521e-09
fluid_lending_ethereum,basket_return,return_shock,22,4.8187059694022125e-09
fluid_lending_ethereum,basket_return,return_shock,23,2.6579140795588893e-09
fluid_lending_ethereum,basket_return,return_shock,24,1.4854642633384012e-09
fluid_lending_ethereum,basket_return,return_shock,25,8.2767110340853e-10
fluid_lending_ethereum,basket_return,return_shock,26,4.6024321497876923e-10
fluid_lending_ethereum,basket_return,return_shock,27,2.57005428279274e-10
fluid_lending_ethereum,basket_return,return_shock,28,1.4282585101873846e-10
fluid_lending_ethereum,basket_return,return_shock,29,7.974091625946178e-11
fluid_lending_ethereum,basket_return,return_shock,30,4.43390626189524e-11
fluid_lending_ethereum,basket_return,liquidation_shock,0,0.0
fluid_lending_ethereum,basket_return,liquidation_shock,1,0.0036733542176542546
fluid_lending_ethereum,basket_return,liquidation_shock,2,-7.68356689593168e-05
fluid_lending_ethereum,basket_return,liquidation_shock,3,0.0012452545288512925
fluid_lending_ethereum,basket_return,liquidation_shock,4,8.046760015610332e-05
fluid_lending_ethereum,basket_return,liquidation_shock,5,0.0003426824139539677
fluid_lending_ethereum,basket_return,liquidation_shock,6,5.839035585068355e-05
fluid_lending_ethereum,basket_return,liquidation_shock,7,9.173481567707416e-05
fluid_lending_ethereum,basket_return,liquidation_shock,8,2.5733404908330856e-05
fluid_lending_ethereum,basket_return,liquidation_shock,9,2.5188749656595247e-05
fluid_lending_ethereum,basket_return,liquidation_shock,10,9.495557158823855e-06
fluid_lending_ethereum,basket_return,liquidation_shock,11,7.1789491293213006e-06
fluid_lending_ethereum,basket_return,liquidation_shock,12,3.2237585788918357e-06
fluid_lending_ethereum,basket_return,liquidation_shock,13,2.1128561339733185e-06
fluid_lending_ethereum,basket_return,liquidation_shock,14,1.0487402002168353e-06
fluid_lending_ethereum,basket_return,liquidation_shock,15,6.359371751053051e-07
fluid_lending_ethereum,basket_return,liquidation_shock,16,3.3358093645928864e-07
fluid_lending_ethereum,basket_return,liquidation_shock,17,1.94075856416333e-07
fluid_lending_ethereum,basket_return,liquidation_shock,18,1.0484959241015215e-07
fluid_lending_ethereum,basket_return,liquidation_shock,19,5.969918368967897e-08
fluid_lending_ethereum,basket_return,liquidation_shock,20,3.275083140678629e-08
fluid_lending_ethereum,basket_return,liquidation_shock,21,1.844316397938079e-08
fluid_lending_ethereum,basket_return,liquidation_shock,22,1.0197078937632768e-08
fluid_lending_ethereum,basket_return,liquidation_shock,23,5.710629429935648e-09
fluid_lending_ethereum,basket_return,liquidation_shock,24,3.169674646513684e-09
fluid_lending_ethereum,basket_return,liquidation_shock,25,1.7702489388666186e-09
fluid_lending_ethereum,basket_return,liquidation_shock,26,9.844530519143708e-10
fluid_lending_ethereum,basket_return,liquidation_shock,27,5.490804672311665e-10
fluid_lending_ethereum,basket_return,liquidation_shock,28,3.0563146737248456e-10
fluid_lending_ethereum,basket_return,liquidation_shock,29,1.7035751567043737e-10
fluid_lending_ethereum,basket_return,liquidation_shock,30,9.48669087696166e-11
fluid_lending_ethereum,liquidation,return_shock,0,-0.021537940142950643
fluid_lending_ethereum,liquidation,return_shock,1,0.0011627908672326756
fluid_lending_ethereum,liquidation,return_shock,2,0.014448282895254187
fluid_lending_ethereum,liquidation,return_shock,3,0.0017022733987141474
fluid_lending_ethereum,liquidation,return_shock,4,0.005596472725129308
fluid_lending_ethereum,liquidation,return_shock,5,0.0010335968067138716
fluid_lending_ethereum,liquidation,return_shock,6,0.0016475046465683808
fluid_lending_ethereum,liquidation,return_shock,7,0.00045138942568664935
fluid_lending_ethereum,liquidation,return_shock,8,0.0004649518705825741
fluid_lending_ethereum,liquidation,return_shock,9,0.0001683461395844747
fluid_lending_ethereum,liquidation,return_shock,10,0.00013303365664628223
fluid_lending_ethereum,liquidation,return_shock,11,5.776272387763413e-05
fluid_lending_ethereum,liquidation,return_shock,12,3.9030231568324565e-05
fluid_lending_ethereum,liquidation,return_shock,13,1.8934005213924333e-05
fluid_lending_ethereum,liquidation,return_shock,14,1.1700269395340132e-05
fluid_lending_ethereum,liquidation,return_shock,15,6.051631482684067e-06
fluid_lending_ethereum,liquidation,return_shock,16,3.5596678611987556e-06
fluid_lending_ethereum,liquidation,return_shock,17,1.9076163063752185e-06
fluid_lending_ethereum,liquidation,return_shock,18,1.0927999712798603e-06
fluid_lending_ethereum,liquidation,return_shock,19,5.968461532784208e-07
fluid_lending_ethereum,liquidation,return_shock,20,3.37208488907959e-07
fluid_lending_ethereum,liquidation,return_shock,21,1.8599902179868824e-07
fluid_lending_ethereum,liquidation,return_shock,22,1.0434310766700916e-07
fluid_lending_ethereum,liquidation,return_shock,23,5.7844382027889587e-08
fluid_lending_ethereum,liquidation,return_shock,24,3.233422179420917e-08
fluid_lending_ethereum,liquidation,return_shock,25,1.7970172289733774e-08
fluid_lending_ethereum,liquidation,return_shock,26,1.0027324395307916e-08
fluid_lending_ethereum,liquidation,return_shock,27,5.5797154227889694e-09
fluid_lending_ethereum,liquidation,return_shock,28,3.1107860411877068e-09
fluid_lending_ethereum,liquidation,return_shock,29,1.7320375069090498e-09
fluid_lending_ethereum,liquidation,return_shock,30,9.652398534713536e-10
fluid_lending_ethereum,liquidation,liquidation_shock,0,0.14718493820372988
fluid_lending_ethereum,liquidation,liquidation_shock,1,0.025038425829590455
fluid_lending_ethereum,liquidation,liquidation_shock,2,0.03578590326957652
fluid_lending_ethereum,liquidation,liquidation_shock,3,0.011555160226084403
fluid_lending_ethereum,liquidation,liquidation_shock,4,0.009631262571297289
fluid_lending_ethereum,liquidation,liquidation_shock,5,0.004149076388810616
fluid_lending_ethereum,liquidation,liquidation_shock,6,0.0027719674586860967
fluid_lending_ethereum,liquidation,liquidation_shock,7,0.0013701520241583291
fluid_lending_ethereum,liquidation,liquidation_shock,8,0.00082873900796127
fluid_lending_ethereum,liquidation,liquidation_shock,9,0.00043713496248045075
fluid_lending_ethereum,liquidation,liquidation_shock,10,0.00025267727697156583
fluid_lending_ethereum,liquidation,liquidation_shock,11,0.0001373575279231088
fluid_lending_ethereum,liquidation,liquidation_shock,12,7.777884990270555e-05
fluid_lending_ethereum,liquidation,liquidation_shock,13,4.286539935807294e-05
fluid_lending_ethereum,liquidation,liquidation_shock,14,2.4049421691788418e-05
fluid_lending_ethereum,liquidation,liquidation_shock,15,1.3335633814361479e-05
fluid_lending_ethereum,liquidation,liquidation_shock,16,7.451434007499933e-06
fluid_lending_ethereum,liquidation,liquidation_shock,17,4.143016141820766e-06
fluid_lending_ethereum,liquidation,liquidation_shock,18,2.3108683189062548e-06
fluid_lending_ethereum,liquidation,liquidation_shock,19,1.2863311253757072e-06
fluid_lending_ethereum,liquidation,liquidation_shock,20,7.169458994647676e-07
fluid_lending_ethereum,liquidation,liquidation_shock,21,3.9927595173939686e-07
fluid_lending_ethereum,liquidation,liquidation_shock,22,2.224708768681465e-07
fluid_lending_ethereum,liquidation,liquidation_shock,23,1.239208575498702e-07
fluid_lending_ethereum,liquidation,liquidation_shock,24,6.903854164823219e-08
fluid_lending_ethereum,liquidation,liquidation_shock,25,3.845877221008664e-08
fluid_lending_ethereum,liquidation,liquidation_shock,26,2.142510114425229e-08
fluid_lending_ethereum,liquidation,liquidation_shock,27,1.1935438575574779e-08
fluid_lending_ethereum,liquidation,liquidation_shock,28,6.6490427090134265e-09
fluid_lending_ethereum,liquidation,liquidation_shock,29,3.704062678195924e-09
fluid_lending_ethereum,liquidation,liquidation_shock,30,2.0634652680063764e-09
keom_lending_polygon,basket_return,return_shock,0,0.8366532307850434
keom_lending_polygon,basket_return,return_shock,1,-0.016799803946172705
keom_lending_polygon,basket_return,return_shock,2,-0.053101482565176376
keom_lending_polygon,basket_return,return_shock,3,-0.024627016287527823
keom_lending_polygon,basket_return,return_shock,4,-0.03362410448418234
keom_lending_polygon,basket_return,return_shock,5,0.023519261023908163
keom_lending_polygon,basket_return,return_shock,6,-0.07275659156434906
keom_lending_polygon,basket_return,return_shock,7,0.08425325184638904
keom_lending_polygon,basket_return,return_shock,8,-0.007432579593918441
keom_lending_polygon,basket_return,return_shock,9,-0.00930988358008926
keom_lending_polygon,basket_return,return_shock,10,0.00915201801669828
keom_lending_polygon,basket_return,return_shock,11,-0.02063444976025171
keom_lending_polygon,basket_return,return_shock,12,0.010545311137823568
keom_lending_polygon,basket_return,return_shock,13,-0.008931950239887045
keom_lending_polygon,basket_return,return_shock,14,0.0119021405570515
keom_lending_polygon,basket_return,return_shock,15,-0.001695569106903082
keom_lending_polygon,basket_return,return_shock,16,-0.0038446825450094927
keom_lending_polygon,basket_return,return_shock,17,0.005455158765232365
keom_lending_polygon,basket_return,return_shock,18,-0.00599472713450652
keom_lending_polygon,basket_return,return_shock,19,0.001828207411368194
keom_lending_polygon,basket_return,return_shock,20,-0.00065631675539536
keom_lending_polygon,basket_return,return_shock,21,0.0014807089260113757
keom_lending_polygon,basket_return,return_shock,22,0.00013080265202511054
keom_lending_polygon,basket_return,return_shock,23,-0.0012617405663128212
keom_lending_polygon,basket_return,return_shock,24,0.0015508589313962583
keom_lending_polygon,basket_return,return_shock,25,-0.0013434187067109542
keom_lending_polygon,basket_return,return_shock,26,0.00024555379634821054
keom_lending_polygon,basket_return,return_shock,27,0.00013809237064468566
keom_lending_polygon,basket_return,return_shock,28,1.682828308197562e-05
keom_lending_polygon,basket_return,return_shock,29,0.0001669251539066744
keom_lending_polygon,basket_return,return_shock,30,-0.00030461086559395846
keom_lending_polygon,basket_return,liquidation_shock,0,0.0
keom_lending_polygon,basket_return,liquidation_shock,1,-0.03398598153585027
keom_lending_polygon,basket_return,liquidation_shock,2,0.03877564245379296
keom_lending_polygon,basket_return,liquidation_shock,3,-0.0267150676105549
keom_lending_polygon,basket_return,liquidation_shock,4,0.029597714195418037
keom_lending_polygon,basket_return,liquidation_shock,5,-0.01839810533595875
keom_lending_polygon,basket_return,liquidation_shock,6,-0.04417167544520255
keom_lending_polygon,basket_return,liquidation_shock,7,0.036810795148125026
keom_lending_polygon,basket_return,liquidation_shock,8,-0.007025134554547122
keom_lending_polygon,basket_return,liquidation_shock,9,0.0065461586469914585
keom_lending_polygon,basket_return,liquidation_shock,10,-0.006540386397132827
keom_lending_polygon,basket_return,liquidation_shock,11,0.006478513189804559
keom_lending_polygon,basket_return,liquidation_shock,12,-0.00027038480946316526
keom_lending_polygon,basket_return,liquidation_shock,13,-0.012964737622693059
keom_lending_polygon,basket_return,liquidation_shock,14,0.009048287930831752
keom_lending_polygon,basket_return,liquidation_shock,15,-0.002077499686257995
keom_lending_polygon,basket_return,liquidation_shock,16,0.00044247666937523365
keom_lending_polygon,basket_return,liquidation_shock,17,-8.028870706077106e-05
keom_lending_polygon,basket_return,liquidation_shock,18,0.0001543201260033861
keom_lending_polygon,basket_return,liquidation_shock,19,0.00039904084103735546
keom_lending_polygon,basket_return,liquidation_shock,20,-0.0027649103626442586
keom_lending_polygon,basket_return,liquidation_shock,21,0.0019411016340773997
keom_lending_polygon,basket_return,liquidation_shock,22,-0.000561172223663398
keom_lending_polygon,basket_return,liquidation_shock,23,-0.00029365448632875116
keom_lending_polygon,basket_return,liquidation_shock,24,0.00039936948427388554
keom_lending_polygon,basket_return,liquidation_shock,25,-0.0002703142714263328
keom_lending_polygon,basket_return,liquidation_shock,26,7.961596296598191e-05
keom_lending_polygon,basket_return,liquidation_shock,27,-0.0005298738444387225
keom_lending_polygon,basket_return,liquidation_shock,28,0.0003499844394084215
keom_lending_polygon,basket_return,liquidation_shock,29,-0.00012202848005776397
keom_lending_polygon,basket_return,liquidation_shock,30,-0.00016523538614469666
keom_lending_polygon,liquidation,return_shock,0,-0.12167199767326392
keom_lending_polygon,liquidation,return_shock,1,-0.17068382889513742
keom_lending_polygon,liquidation,return_shock,2,-0.04630123782327679
keom_lending_polygon,liquidation,return_shock,3,0.029423403080072547
keom_lending_polygon,liquidation,return_shock,4,-0.03822623573959616
keom_lending_polygon,liquidation,return_shock,5,0.052143414131706714
keom_lending_polygon,liquidation,return_shock,6,0.061525926399841474
keom_lending_polygon,liquidation,return_shock,7,-0.0028681771294243007
keom_lending_polygon,liquidation,return_shock,8,-0.031929315288516495
keom_lending_polygon,liquidation,return_shock,9,-0.008298698963676538
keom_lending_polygon,liquidation,return_shock,10,0.008886774794823854
keom_lending_polygon,liquidation,return_shock,11,-0.011718775714168263
keom_lending_polygon,liquidation,return_shock,12,0.009718819022488114
keom_lending_polygon,liquidation,return_shock,13,0.013068624810691395
keom_lending_polygon,liquidation,return_shock,14,-0.0013535674259641897
keom_lending_polygon,liquidation,return_shock,15,-0.0037390165873766095
keom_lending_polygon,liquidation,return_shock,16,-0.0005405292931999821
keom_lending_polygon,liquidation,return_shock,17,0.0015766111746135915
keom_lending_polygon,liquidation,return_shock,18,-0.002159943974321856
keom_lending_polygon,liquidation,return_shock,19,0.002491085005649361
keom_lending_polygon,liquidation,return_shock,20,0.0028092096685502677
keom_lending_polygon,liquidation,return_shock,21,-0.0006870153391771588
keom_lending_polygon,liquidation,return_shock,22,-4.0279987097443095e-05
keom_lending_polygon,liquidation,return_shock,23,0.00030850024782175836
keom_lending_polygon,liquidation,return_shock,24,0.0002474814240555784
keom_lending_polygon,liquidation,return_shock,25,-0.00024773726078671995
keom_lending_polygon,liquidation,return_shock,26,0.0006967811824381105
keom_lending_polygon,liquidation,return_shock,27,0.0006719859629944259
keom_lending_polygon,liquidation,return_shock,28,-0.0001485293759141737
keom_lending_polygon,liquidation,return_shock,29,0.00018961699320888022
keom_lending_polygon,liquidation,return_shock,30,0.0001933652605300999
keom_lending_polygon,liquidation,liquidation_shock,0,0.4315464136681059
keom_lending_polygon,liquidation,liquidation_shock,1,0.08314256323434809
keom_lending_polygon,liquidation,liquidation_shock,2,0.053427232927585666
keom_lending_polygon,liquidation,liquidation_shock,3,0.07237878913643435
keom_lending_polygon,liquidation,liquidation_shock,4,0.05956848947909608
keom_lending_polygon,liquidation,liquidation_shock,5,0.03402888126619014
keom_lending_polygon,liquidation,liquidation_shock,6,0.052193702543852014
keom_lending_polygon,liquidation,liquidation_shock,7,0.0923726748512305
keom_lending_polygon,liquidation,liquidation_shock,8,0.037218589611231735
keom_lending_polygon,liquidation,liquidation_shock,9,0.03413406251987996
keom_lending_polygon,liquidation,liquidation_shock,10,0.04147008816704391
keom_lending_polygon,liquidation,liquidation_shock,11,0.02646560204640393
keom_lending_polygon,liquidation,liquidation_shock,12,0.023000837547669576
keom_lending_polygon,liquidation,liquidation_shock,13,0.02871726830307428
keom_lending_polygon,liquidation,liquidation_shock,14,0.030318463637368908
keom_lending_polygon,liquidation,liquidation_shock,15,0.01838662984207267
keom_lending_polygon,liquidation,liquidation_shock,16,0.017866589504229792
keom_lending_polygon,liquidation,liquidation_shock,17,0.019057104504750913
keom_lending_polygon,liquidation,liquidation_shock,18,0.013152795773872204
keom_lending_polygon,liquidation,liquidation_shock,19,0.012399788982004615
keom_lending_polygon,liquidation,liquidation_shock,20,0.013191835243549005
keom_lending_polygon,liquidation,liquidation_shock,21,0.01193940149676887
keom_lending_polygon,liquidation,liquidation_shock,22,0.009177085870643906
keom_lending_polygon,liquidation,liquidation_shock,23,0.008727103064211565
keom_lending_polygon,liquidation,liquidation_shock,24,0.008429485676500167
keom_lending_polygon,liquidation,liquidation_shock,25,0.006521240534623378
keom_lending_polygon,liquidation,liquidation_shock,26,0.006158637774567341
keom_lending_polygon,liquidation,liquidation_shock,27,0.005982267662866048
keom_lending_polygon,liquidation,liquidation_shock,28,0.005192596910563948
keom_lending_polygon,liquidation,liquidation_shock,29,0.0044515339138543044
keom_lending_polygon,liquidation,liquidation_shock,30,0.004132799550286939
layerbank_lending_scroll,basket_return,return_shock,0,0.6049732904536924
layerbank_lending_scroll,basket_return,return_shock,1,0.41788282800854815
layerbank_lending_scroll,basket_return,return_shock,2,0.008691300338938482
layerbank_lending_scroll,basket_return,return_shock,3,-0.015063204164015511
layerbank_lending_scroll,basket_return,return_shock,4,-0.01220909527083622
layerbank_lending_scroll,basket_return,return_shock,5,-0.0029521765768200843
layerbank_lending_scroll,basket_return,return_shock,6,-0.03396815075014045
layerbank_lending_scroll,basket_return,return_shock,7,0.0396823992260492
layerbank_lending_scroll,basket_return,return_shock,8,0.011615530038076388
layerbank_lending_scroll,basket_return,return_shock,9,-0.0034319595027487776
layerbank_lending_scroll,basket_return,return_shock,10,0.03310552870101825
layerbank_lending_scroll,basket_return,return_shock,11,-0.0054414026872822
layerbank_lending_scroll,basket_return,return_shock,12,-0.011498377917187387
layerbank_lending_scroll,basket_return,return_shock,13,-0.002902095050446933
layerbank_lending_scroll,basket_return,return_shock,14,0.009759150074177826
layerbank_lending_scroll,basket_return,return_shock,15,0.00021734513343137896
layerbank_lending_scroll,basket_return,return_shock,16,-0.0053651201168510056
layerbank_lending_scroll,basket_return,return_shock,17,0.002765793293834374
layerbank_lending_scroll,basket_return,return_shock,18,-0.006904721425960866
layerbank_lending_scroll,basket_return,return_shock,19,-0.002931304724346321
layerbank_lending_scroll,basket_return,return_shock,20,0.0007535411485103127
layerbank_lending_scroll,basket_return,return_shock,21,0.0005137685972243048
layerbank_lending_scroll,basket_return,return_shock,22,0.0009043597323143085
layerbank_lending_scroll,basket_return,return_shock,23,0.0011046033710354008
layerbank_lending_scroll,basket_return,return_shock,24,0.0018331969409944966
layerbank_lending_scroll,basket_return,return_shock,25,-0.001958549923313875
layerbank_lending_scroll,basket_return,return_shock,26,-0.0016018517892512202
layerbank_lending_scroll,basket_return,return_shock,27,-0.0011761881859900076
layerbank_lending_scroll,basket_return,return_shock,28,-0.0016321878651131196
layerbank_lending_scroll,basket_return,return_shock,29,-0.0004304893860245075
layerbank_lending_scroll,basket_return,return_shock,30,2.1965189631802927e-05
layerbank_lending_scroll,basket_return,liquidation_shock,0,0.0
layerbank_lending_scroll,basket_return,liquidation_shock,1,-0.011609178778378745
layerbank_lending_scroll,basket_return,liquidation_shock,2,-0.013992259286993805
layerbank_lending_scroll,basket_return,liquidation_shock,3,0.0015910571320525964
layerbank_lending_scroll,basket_return,liquidation_shock,4,0.021342502719341162
layerbank_lending_scroll,basket_return,liquidation_shock,5,0.01963497824334586
layerbank_lending_scroll,basket_return,liquidation_shock,6,0.013188137188319921
layerbank_lending_scroll,basket_return,liquidation_shock,7,-0.004770549843934845
layerbank_lending_scroll,basket_return,liquidation_shock,8,-0.022387039631686857
layerbank_lending_scroll,basket_return,liquidation_shock,9,-0.020629498532499884
layerbank_lending_scroll,basket_return,liquidation_shock,10,-0.007005048550448947
layerbank_lending_scroll,basket_return,liquidation_shock,11,-0.002711573346478455
layerbank_lending_scroll,basket_return,liquidation_shock,12,-0.0005822577346244077
layerbank_lending_scroll,basket_return,liquidation_shock,13,0.004976654306372856
layerbank_lending_scroll,basket_return,liquidation_shock,14,0.00583043611434972
layerbank_lending_scroll,basket_return,liquidation_shock,15,0.0015812152633513383
layerbank_lending_scroll,basket_return,liquidation_shock,16,-0.0018915021873039015
layerbank_lending_scroll,basket_return,liquidation_shock,17,-0.0054335010182704055
layerbank_lending_scroll,basket_return,liquidation_shock,18,-0.007076317809936039
layerbank_lending_scroll,basket_return,liquidation_shock,19,-0.005114510810296828
layerbank_lending_scroll,basket_return,liquidation_shock,20,-0.002278991012582849
layerbank_lending_scroll,basket_return,liquidation_shock,21,-0.001512715171315347
layerbank_lending_scroll,basket_return,liquidation_shock,22,-0.0006808756732780014
layerbank_lending_scroll,basket_return,liquidation_shock,23,0.0002695755776746986
layerbank_lending_scroll,basket_return,liquidation_shock,24,-8.051560980859497e-05
layerbank_lending_scroll,basket_return,liquidation_shock,25,-0.001090621708154101
layerbank_lending_scroll,basket_return,liquidation_shock,26,-0.0017888642841616279
layerbank_lending_scroll,basket_return,liquidation_shock,27,-0.002325962848470276
layerbank_lending_scroll,basket_return,liquidation_shock,28,-0.0024458671197601905
layerbank_lending_scroll,basket_return,liquidation_shock,29,-0.0019994449163796037
layerbank_lending_scroll,basket_return,liquidation_shock,30,-0.0014859964391666378
layerbank_lending_scroll,liquidation,return_shock,0,-0.11859506930619233
layerbank_lending_scroll,liquidation,return_shock,1,-0.08771632074327773
layerbank_lending_scroll,liquidation,return_shock,2,0.00359405499931908
layerbank_lending_scroll,liquidation,return_shock,3,-0.013381844718960782
layerbank_lending_scroll,liquidation,return_shock,4,-0.015581470274088254
layerbank_lending_scroll,liquidation,return_shock,5,0.005737389986271124
layerbank_lending_scroll,liquidation,return_shock,6,-0.01585610195719492
layerbank_lending_scroll,liquidation,return_shock,7,0.022377708778440353
layerbank_lending_scroll,liquidation,return_shock,8,0.01741038412407566
layerbank_lending_scroll,liquidation,return_shock,9,0.031755357320982315
layerbank_lending_scroll,liquidation,return_shock,10,0.024537967526401094
layerbank_lending_scroll,liquidation,return_shock,11,0.010590281165357221
layerbank_lending_scroll,liquidation,return_shock,12,0.007636922756907243
layerbank_lending_scroll,liquidation,return_shock,13,-0.0017169059157716706
layerbank_lending_scroll,liquidation,return_shock,14,0.0012225610427188053
layerbank_lending_scroll,liquidation,return_shock,15,0.003783352161596902
layerbank_lending_scroll,liquidation,return_shock,16,0.007920673982246667
layerbank_lending_scroll,liquidation,return_shock,17,0.015297147178145539
layerbank_lending_scroll,liquidation,return_shock,18,0.01375016127311665
layerbank_lending_scroll,liquidation,return_shock,19,0.015098940327202007
layerbank_lending_scroll,liquidation,return_shock,20,0.0101670157068957
layerbank_lending_scroll,liquidation,return_shock,21,0.0071075667766747124
layerbank_lending_scroll,liquidation,return_shock,22,0.004991801758004678
layerbank_lending_scroll,liquidation,return_shock,23,0.00440692432577004
layerbank_lending_scroll,liquidation,return_shock,24,0.005237937824156106
layerbank_lending_scroll,liquidation,return_shock,25,0.005859387119485164
layerbank_lending_scroll,liquidation,return_shock,26,0.007429892872889627
layerbank_lending_scroll,liquidation,return_shock,27,0.007939079235736743
layerbank_lending_scroll,liquidation,return_shock,28,0.007687127670903216
layerbank_lending_scroll,liquidation,return_shock,29,0.0072589653994289205
layerbank_lending_scroll,liquidation,return_shock,30,0.006061331499850013
layerbank_lending_scroll,liquidation,liquidation_shock,0,0.3218296348054432
layerbank_lending_scroll,liquidation,liquidation_shock,1,0.053998075652427424
layerbank_lending_scroll,liquidation,liquidation_shock,2,0.05428403459873665
layerbank_lending_scroll,liquidation,liquidation_shock,3,0.04125494360184205
layerbank_lending_scroll,liquidation,liquidation_shock,4,0.024456562751816135
layerbank_lending_scroll,liquidation,liquidation_shock,5,0.004916937206263567
layerbank_lending_scroll,liquidation,liquidation_shock,6,0.0347555910532193
layerbank_lending_scroll,liquidation,liquidation_shock,7,0.019660697591867435
layerbank_lending_scroll,liquidation,liquidation_shock,8,0.05430028372441386
layerbank_lending_scroll,liquidation,liquidation_shock,9,0.05931001166899718
layerbank_lending_scroll,liquidation,liquidation_shock,10,0.07348666604116884
layerbank_lending_scroll,liquidation,liquidation_shock,11,0.041938520052868196
layerbank_lending_scroll,liquidation,liquidation_shock,12,0.04075019515975167
layerbank_lending_scroll,liquidation,liquidation_shock,13,0.03092586616145741
layerbank_lending_scroll,liquidation,liquidation_shock,14,0.028410766160762813
layerbank_lending_scroll,liquidation,liquidation_shock,15,0.024178825825103174
layerbank_lending_scroll,liquidation,liquidation_shock,16,0.0294418728783705
layerbank_lending_scroll,liquidation,liquidation_shock,17,0.02856483145772774
layerbank_lending_scroll,liquidation,liquidation_shock,18,0.03501688865643647
layerbank_lending_scroll,liquidation,liquidation_shock,19,0.03450716126600558
layerbank_lending_scroll,liquidation,liquidation_shock,20,0.03415105680794974
layerbank_lending_scroll,liquidation,liquidation_shock,21,0.029182524504892917
layerbank_lending_scroll,liquidation,liquidation_shock,22,0.0275730916114799
layerbank_lending_scroll,liquidation,liquidation_shock,23,0.024296926502457437
layerbank_lending_scroll,liquidation,liquidation_shock,24,0.023136823286365904
layerbank_lending_scroll,liquidation,liquidation_shock,25,0.021864573803258625
layerbank_lending_scroll,liquidation,liquidation_shock,26,0.02240452291475642
layerbank_lending_scroll,liquidation,liquidation_shock,27,0.022271328234556513
layerbank_lending_scroll,liquidation,liquidation_shock,28,0.022914212887693405
layerbank_lending_scroll,liquidation,liquidation_shock,29,0.022263253202322603
layerbank_lending_scroll,liquidation,liquidation_shock,30,0.021521335321551514
lodestar_lending_arbitrum,basket_return,return_shock,0,0.967298834623245
lodestar_lending_arbitrum,basket_return,return_shock,1,-0.023930045120147403
lodestar_lending_arbitrum,basket_return,return_shock,2,0.04020189573950837
lodestar_lending_arbitrum,basket_return,return_shock,3,-0.08389715664861591
lodestar_lending_arbitrum,basket_return,return_shock,4,0.008718362069036615
lodestar_lending_arbitrum,basket_return,return_shock,5,-0.009331027287695127
lodestar_lending_arbitrum,basket_return,return_shock,6,0.013845229343838538
lodestar_lending_arbitrum,basket_return,return_shock,7,-0.0006934132491086051
lodestar_lending_arbitrum,basket_return,return_shock,8,0.0017883486120398066
lodestar_lending_arbitrum,basket_return,return_shock,9,-0.0008493641177811605
lodestar_lending_arbitrum,basket_return,return_shock,10,0.0004573957210689443
lodestar_lending_arbitrum,basket_return,return_shock,11,-0.00018368267051483854
lodestar_lending_arbitrum,basket_return,return_shock,12,0.0002587849993483556
lodestar_lending_arbitrum,basket_return,return_shock,13,4.687584072631896e-06
lodestar_lending_arbitrum,basket_return,return_shock,14,5.5023408150271045e-05
lodestar_lending_arbitrum,basket_return,return_shock,15,-7.040041692851149e-07
lodestar_lending_arbitrum,basket_return,return_shock,16,1.8478403103681404e-05
lodestar_lending_arbitrum,basket_return,return_shock,17,1.5623899703267982e-07
lodestar_lending_arbitrum,basket_return,return_shock,18,7.068599661415378e-06
lodestar_lending_arbitrum,basket_return,return_shock,19,1.6284977489206279e-06
lodestar_lending_arbitrum,basket_return,return_shock,20,2.0532402114038746e-06
lodestar_lending_arbitrum,basket_return,return_shock,21,6.245078488998233e-07
lodestar_lending_arbitrum,basket_return,return_shock,22,7.829008946636788e-07
lodestar_lending_arbitrum,basket_return,return_shock,23,2.3750152981755775e-07
lodestar_lending_arbitrum,basket_return,return_shock,24,2.762641003868101e-07
lodestar_lending_arbitrum,basket_return,return_shock,25,1.222678835340367e-07
lodestar_lending_arbitrum,basket_return,return_shock,26,9.54619947662917e-08
lodestar_lending_arbitrum,basket_return,return_shock,27,4.624335575880132e-08
lodestar_lending_arbitrum,basket_return,return_shock,28,3.7158439528486876e-08
lodestar_lending_arbitrum,basket_return,return_shock,29,1.784882650733018e-08
lodestar_lending_arbitrum,basket_return,return_shock,30,1.3394049055674928e-08
lodestar_lending_arbitrum,basket_return,liquidation_shock,0,0.0
lodestar_lending_arbitrum,basket_return,liquidation_shock,1,0.009642500796842132
lodestar_lending_arbitrum,basket_return,liquidation_shock,2,0.02273800303280184
lodestar_lending_arbitrum,basket_return,liquidation_shock,3,-0.024846799243859113
lodestar_lending_arbitrum,basket_return,liquidation_shock,4,-0.0009684790509360338
lodestar_lending_arbitrum,basket_return,liquidation_shock,5,-0.0002289837954465514
lodestar_lending_arbitrum,basket_return,liquidation_shock,6,-0.0011912697103223394
lodestar_lending_arbitrum,basket_return,liquidation_shock,7,-0.000646419957196694
lodestar_lending_arbitrum,basket_return,liquidation_shock,8,0.0004216992972756848
lodestar_lending_arbitrum,basket_return,liquidation_shock,9,-0.0005301008704329912
lodestar_lending_arbitrum,basket_return,liquidation_shock,10,-0.00011295207865496855
lodestar_lending_arbitrum,basket_return,liquidation_shock,11,-3.121677728708583e-05
lodestar_lending_arbitrum,basket_return,liquidation_shock,12,-5.236668323516425e-05
lodestar_lending_arbitrum,basket_return,liquidation_shock,13,-3.9890576596832074e-05
lodestar_lending_arbitrum,basket_return,liquidation_shock,14,-3.331947568714893e-07
lodestar_lending_arbitrum,basket_return,liquidation_shock,15,-1.5529223032113706e-05
lodestar_lending_arbitrum,basket_return,liquidation_shock,16,-7.106404957773233e-06
lodestar_lending_arbitrum,basket_return,liquidation_shock,17,-2.8377017631380783e-06
lodestar_lending_arbitrum,basket_return,liquidation_shock,18,-2.428524678872563e-06
lodestar_lending_arbitrum,basket_return,liquidation_shock,19,-1.931437382186714e-06
lodestar_lending_arbitrum,basket_return,liquidation_shock,20,-5.826548150484076e-07
lodestar_lending_arbitrum,basket_return,liquidation_shock,21,-6.340568548041706e-07
lodestar_lending_arbitrum,basket_return,liquidation_shock,22,-3.8638376039826846e-07
lodestar_lending_arbitrum,basket_return,liquidation_shock,23,-1.9384418268478452e-07
lodestar_lending_arbitrum,basket_return,liquidation_shock,24,-1.2859845227257618e-07
lodestar_lending_arbitrum,basket_return,liquidation_shock,25,-9.48162638775433e-08
lodestar_lending_arbitrum,basket_return,liquidation_shock,26,-4.474948402768509e-08
lodestar_lending_arbitrum,basket_return,liquidation_shock,27,-3.1916519615050624e-08
lodestar_lending_arbitrum,basket_return,liquidation_shock,28,-2.060995192393806e-08
lodestar_lending_arbitrum,basket_return,liquidation_shock,29,-1.1677122880275248e-08
lodestar_lending_arbitrum,basket_return,liquidation_shock,30,-7.2000450032721894e-09
lodestar_lending_arbitrum,liquidation,return_shock,0,-0.14072507196454778
lodestar_lending_arbitrum,liquidation,return_shock,1,-0.13173978927790403
lodestar_lending_arbitrum,liquidation,return_shock,2,-0.07494812576172986
lodestar_lending_arbitrum,liquidation,return_shock,3,-0.10805576215101198
lodestar_lending_arbitrum,liquidation,return_shock,4,-0.028177668857953045
lodestar_lending_arbitrum,liquidation,return_shock,5,-0.016194852534906566
lodestar_lending_arbitrum,liquidation,return_shock,6,-0.013193409252790647
lodestar_lending_arbitrum,liquidation,return_shock,7,-0.008234820185043559
lodestar_lending_arbitrum,liquidation,return_shock,8,-0.00397023503422517
lodestar_lending_arbitrum,liquidation,return_shock,9,-0.003933945270924584
lodestar_lending_arbitrum,liquidation,return_shock,10,-0.0018751665523261028
lodestar_lending_arbitrum,liquidation,return_shock,11,-0.0010782384000943047
lodestar_lending_arbitrum,liquidation,return_shock,12,-0.0007463202168456632
lodestar_lending_arbitrum,liquidation,return_shock,13,-0.00046975910754628317
lodestar_lending_arbitrum,liquidation,return_shock,14,-0.00024993701768705797
lodestar_lending_arbitrum,liquidation,return_shock,15,-0.0001854012779697425
lodestar_lending_arbitrum,liquidation,return_shock,16,-0.00010765572135767497
lodestar_lending_arbitrum,liquidation,return_shock,17,-6.340655528069645e-05
lodestar_lending_arbitrum,liquidation,return_shock,18,-4.0883799108126636e-05
lodestar_lending_arbitrum,liquidation,return_shock,19,-2.5878306244060274e-05
lodestar_lending_arbitrum,liquidation,return_shock,20,-1.4882028457300861e-05
lodestar_lending_arbitrum,liquidation,return_shock,21,-9.781673789813935e-06
lodestar_lending_arbitrum,liquidation,return_shock,22,-6.000860750292593e-06
lodestar_lending_arbitrum,liquidation,return_shock,23,-3.6161464865287246e-06
lodestar_lending_arbitrum,liquidation,return_shock,24,-2.2624810356866564e-06
lodestar_lending_arbitrum,liquidation,return_shock,25,-1.4231630153436368e-06
lodestar_lending_arbitrum,liquidation,return_shock,26,-8.528837528961479e-07
lodestar_lending_arbitrum,liquidation,return_shock,27,-5.368358197540319e-07
lodestar_lending_arbitrum,liquidation,return_shock,28,-3.3298847442109257e-07
lodestar_lending_arbitrum,liquidation,return_shock,29,-2.0351910466176439e-07
lodestar_lending_arbitrum,liquidation,return_shock,30,-1.2601223840978395e-07
lodestar_lending_arbitrum,liquidation,liquidation_shock,0,0.3807900713936149
lodestar_lending_arbitrum,liquidation,liquidation_shock,1,0.054081880331556136
lodestar_lending_arbitrum,liquidation,liquidation_shock,2,0.01117363986597286
lodestar_lending_arbitrum,liquidation,liquidation_shock,3,0.059662006329168064
lodestar_lending_arbitrum,liquidation,liquidation_shock,4,0.01804211112459436
lodestar_lending_arbitrum,liquidation,liquidation_shock,5,0.0049968179666028765
lodestar_lending_arbitrum,liquidation,liquidation_shock,6,0.012312420015166577
lodestar_lending_arbitrum,liquidation,liquidation_shock,7,0.0049027633245738176
lodestar_lending_arbitrum,liquidation,liquidation_shock,8,0.0018025884907261606
lodestar_lending_arbitrum,liquidation,liquidation_shock,9,0.0023513830015449
lodestar_lending_arbitrum,liquidation,liquidation_shock,10,0.0012194144805960407
lodestar_lending_arbitrum,liquidation,liquidation_shock,11,0.0005024449086264399
lodestar_lending_arbitrum,liquidation,liquidation_shock,12,0.0005091967012239034
lodestar_lending_arbitrum,liquidation,liquidation_shock,13,0.00028861406859741846
lodestar_lending_arbitrum,liquidation,liquidation_shock,14,0.0001371118694178923
lodestar_lending_arbitrum,liquidation,liquidation_shock,15,0.00011022651009267266
lodestar_lending_arbitrum,liquidation,liquidation_shock,16,6.796725185736825e-05
lodestar_lending_arbitrum,liquidation,liquidation_shock,17,3.457884039306266e-05
lodestar_lending_arbitrum,liquidation,liquidation_shock,18,2.5156177024414832e-05
lodestar_lending_arbitrum,liquidation,liquidation_shock,19,1.577533419496241e-05
lodestar_lending_arbitrum,liquidation,liquidation_shock,20,8.622428841235183e-06
lodestar_lending_arbitrum,liquidation,liquidation_shock,21,5.778067817909164e-06
lodestar_lending_arbitrum,liquidation,liquidation_shock,22,3.6841742541082133e-06
lodestar_lending_arbitrum,liquidation,liquidation_shock,23,2.0902508458233707e-06
lodestar_lending_arbitrum,liquidation,liquidation_shock,24,1.35255495498376e-06
lodestar_lending_arbitrum,liquidation,liquidation_shock,25,8.582536456293054e-07
lodestar_lending_arbitrum,liquidation,liquidation_shock,26,5.036464666427853e-07
lodestar_lending_arbitrum,liquidation,liquidation_shock,27,3.1734793804220247e-07
lodestar_lending_arbitrum,liquidation,liquidation_shock,28,2.0101013288829235e-07
lodestar_lending_arbitrum,liquidation,liquidation_shock,29,1.2008327297750825e-07
lodestar_lending_arbitrum,liquidation,liquidation_shock,30,7.489189026284106e-08
mendi_lending_linea,basket_return,return_shock,0,0.9671794061185137
mendi_lending_linea,basket_return,return_shock,1,-0.060143951120607934
mendi_lending_linea,basket_return,return_shock,2,0.058127880304522116
mendi_lending_linea,basket_return,return_shock,3,-0.0153011679062563
mendi_lending_linea,basket_return,return_shock,4,0.005655071468469467
mendi_lending_linea,basket_return,return_shock,5,-0.002218861157943572
mendi_lending_linea,basket_return,return_shock,6,0.0006157189182917055
mendi_lending_linea,basket_return,return_shock,7,-0.0003056650922898311
mendi_lending_linea,basket_return,return_shock,8,6.380659358526386e-05
mendi_lending_linea,basket_return,return_shock,9,-4.368104046845872e-05
mendi_lending_linea,basket_return,return_shock,10,5.2320176643503055e-06
mendi_lending_linea,basket_return,return_shock,11,-6.6981803692046024e-06
mendi_lending_linea,basket_return,return_shock,12,4.208359723333128e-08
mendi_lending_linea,basket_return,return_shock,13,-1.1212067233717417e-06
mendi_lending_linea,basket_return,return_shock,14,-1.3298480747599163e-07
mendi_lending_linea,basket_return,return_shock,15,-2.05141780582759e-07
mendi_lending_linea,basket_return,return_shock,16,-4.7982720095301666e-08
mendi_lending_linea,basket_return,return_shock,17,-4.0486917911665135e-08
mendi_lending_linea,basket_return,return_shock,18,-1.312474454915025e-08
mendi_lending_linea,basket_return,return_shock,19,-8.44696910404977e-09
mendi_lending_linea,basket_return,return_shock,20,-3.2618639680798287e-09
mendi_lending_linea,basket_return,return_shock,21,-1.827721680941202e-09
mendi_lending_linea,basket_return,return_shock,22,-7.767445620646566e-10
mendi_lending_linea,basket_return,return_shock,23,-4.043370183114588e-10
mendi_lending_linea,basket_return,return_shock,24,-1.8110665427564476e-10
mendi_lending_linea,basket_return,return_shock,25,-9.060726699485118e-11
mendi_lending_linea,basket_return,return_shock,26,-4.176887399572053e-11
mendi_lending_linea,basket_return,return_shock,27,-2.0452038294777755e-11
mendi_lending_linea,basket_return,return_shock,28,-9.577654718592586e-12
mendi_lending_linea,basket_return,return_shock,29,-4.635144125964055e-12
mendi_lending_linea,basket_return,return_shock,30,-2.189357227994497e-12
mendi_lending_linea,basket_return,liquidation_shock,0,0.0
mendi_lending_linea,basket_return,liquidation_shock,1,-0.0029908602464244097
mendi_lending_linea,basket_return,liquidation_shock,2,0.028103218245502076
mendi_lending_linea,basket_return,liquidation_shock,3,0.006197495094984506
mendi_lending_linea,basket_return,liquidation_shock,4,0.006095360786671812
mendi_lending_linea,basket_return,liquidation_shock,5,0.0018970382724707961
mendi_lending_linea,basket_return,liquidation_shock,6,0.0012773535710384114
mendi_lending_linea,basket_return,liquidation_shock,7,0.00048104113751445564
mendi_lending_linea,basket_return,liquidation_shock,8,0.00027527610332728176
mendi_lending_linea,basket_return,liquidation_shock,9,0.00011533360563374957
mendi_lending_linea,basket_return,liquidation_shock,10,6.0702434109584e-05
mendi_lending_linea,basket_return,liquidation_shock,11,2.6976193967770645e-05
mendi_lending_linea,basket_return,liquidation_shock,12,1.3576403929980096e-05
mendi_lending_linea,basket_return,liquidation_shock,13,6.231630132369052e-06
mendi_lending_linea,basket_return,liquidation_shock,14,3.061135178805884e-06
mendi_lending_linea,basket_return,liquidation_shock,15,1.4301496589930953e-06
mendi_lending_linea,basket_return,liquidation_shock,16,6.933385652275281e-07
mendi_lending_linea,basket_return,liquidation_shock,17,3.2706947875332346e-07
mendi_lending_linea,basket_return,liquidation_shock,18,1.5743194291099688e-07
mendi_lending_linea,basket_return,liquidation_shock,19,7.465811370578112e-08
mendi_lending_linea,basket_return,liquidation_shock,20,3.5796087034038307e-08
mendi_lending_linea,basket_return,liquidation_shock,21,1.702426722816889e-08
mendi_lending_linea,basket_return,liquidation_shock,22,8.145239716692612e-09
mendi_lending_linea,basket_return,liquidation_shock,23,3.879873973232671e-09
mendi_lending_linea,basket_return,liquidation_shock,24,1.8541720185634126e-09
mendi_lending_linea,basket_return,liquidation_shock,25,8.839648005583475e-10
mendi_lending_linea,basket_return,liquidation_shock,26,4.2217568413540843e-10
mendi_lending_linea,basket_return,liquidation_shock,27,2.013633923279895e-10
mendi_lending_linea,basket_return,liquidation_shock,28,9.61367275357607e-11
mendi_lending_linea,basket_return,liquidation_shock,29,4.586558567324109e-11
mendi_lending_linea,basket_return,liquidation_shock,30,2.189345545760343e-11
mendi_lending_linea,liquidation,return_shock,0,-0.10510497168268093
mendi_lending_linea,liquidation,return_shock,1,-0.1334116544210807
mendi_lending_linea,liquidation,return_shock,2,0.01722578453000834
mendi_lending_linea,liquidation,return_shock,3,-0.015455048090900978
mendi_lending_linea,liquidation,return_shock,4,0.0019377945456792109
mendi_lending_linea,liquidation,return_shock,5,-0.0022070778436760596
mendi_lending_linea,liquidation,return_shock,6,7.511860018288392e-05
mendi_lending_linea,liquidation,return_shock,7,-0.000357679378516712
mendi_lending_linea,liquidation,return_shock,8,-3.137690045192201e-05
mendi_lending_linea,liquidation,return_shock,9,-6.395313011073442e-05
mendi_lending_linea,liquidation,return_shock,10,-1.3245531709529756e-05
mendi_lending_linea,liquidation,return_shock,11,-1.240493266203809e-05
mendi_lending_linea,liquidation,return_shock,12,-3.776023058864691e-06
mendi_lending_linea,liquidation,return_shock,13,-2.5573804566025827e-06
mendi_lending_linea,liquidation,return_shock,14,-9.543160311661717e-07
mendi_lending_linea,liquidation,return_shock,15,-5.492026961880645e-07
mendi_lending_linea,liquidation,return_shock,16,-2.2905728033155196e-07
mendi_lending_linea,liquidation,return_shock,17,-1.2095472146036728e-07
mendi_lending_linea,liquidation,return_shock,18,-5.3621838526598825e-08
mendi_lending_linea,liquidation,return_shock,19,-2.7035240920526853e-08
mendi_lending_linea,liquidation,return_shock,20,-1.239289901936451e-08
mendi_lending_linea,liquidation,return_shock,21,-6.093698278982556e-09
mendi_lending_linea,liquidation,return_shock,22,-2.8448971999173294e-09
mendi_lending_linea,liquidation,return_shock,23,-1.3799487614326903e-09
mendi_lending_linea,liquidation,return_shock,24,-6.507087324244048e-10
mendi_lending_linea,liquidation,return_shock,25,-3.133041038417366e-10
mendi_lending_linea,liquidation,return_shock,26,-1.485446354606881e-10
mendi_lending_linea,liquidation,return_shock,27,-7.123353364232147e-11
mendi_lending_linea,liquidation,return_shock,28,-3.3874001359331036e-11
mendi_lending_linea,liquidation,return_shock,29,-1.620837691645304e-11
mendi_lending_linea,liquidation,return_shock,30,-7.72014658589345e-12
mendi_lending_linea,liquidation,liquidation_shock,0,0.4909327680004498
mendi_lending_linea,liquidation,liquidation_shock,1,0.1475979023741501
mendi_lending_linea,liquidation,liquidation_shock,2,0.08448180383406627
mendi_lending_linea,liquidation,liquidation_shock,3,0.03422023771647759
mendi_lending_linea,liquidation,liquidation_shock,4,0.018212995183607427
mendi_lending_linea,liquidation,liquidation_shock,5,0.007989154812577228
mendi_lending_linea,liquidation,liquidation_shock,6,0.00405358997038492
mendi_lending_linea,liquidation,liquidation_shock,7,0.0018485420402494085
mendi_lending_linea,liquidation,liquidation_shock,8,0.000912294325501877
mendi_lending_linea,liquidation,liquidation_shock,9,0.000424738240387851
mendi_lending_linea,liquidation,liquidation_shock,10,0.00020644223986850417
mendi_lending_linea,liquidation,liquidation_shock,11,9.720115566173904e-05
mendi_lending_linea,liquidation,liquidation_shock,12,4.685239428287285e-05
mendi_lending_linea,liquidation,liquidation_shock,13,2.219566158272792e-05
mendi_lending_linea,liquidation,liquidation_shock,14,1.0650199317396927e-05
mendi_lending_linea,liquidation,liquidation_shock,15,5.062283168864364e-06
mendi_lending_linea,liquidation,liquidation_shock,16,2.4230496246505145e-06
mendi_lending_linea,liquidation,liquidation_shock,17,1.153832947293568e-06
mendi_lending_linea,liquidation,liquidation_shock,18,5.515357562797737e-07
mendi_lending_linea,liquidation,liquidation_shock,19,2.6289725456760816e-07
mendi_lending_linea,liquidation,liquidation_shock,20,1.2557346823876116e-07
mendi_lending_linea,liquidation,liquidation_shock,21,5.98888029249861e-08
mendi_lending_linea,liquidation,liquidation_shock,22,2.8594575906283646e-08
mendi_lending_linea,liquidation,liquidation_shock,23,1.3641423885687503e-08
mendi_lending_linea,liquidation,liquidation_shock,24,6.511829109898282e-09
mendi_lending_linea,liquidation,liquidation_shock,25,3.1070552513706353e-09
mendi_lending_linea,liquidation,liquidation_shock,26,1.4829982172596533e-09
mendi_lending_linea,liquidation,liquidation_shock,27,7.076601373185151e-10
mendi_lending_linea,liquidation,liquidation_shock,28,3.377444635959061e-10
mendi_lending_linea,liquidation,liquidation_shock,29,1.6117330883223597e-10
mendi_lending_linea,liquidation,liquidation_shock,30,7.692035611841597e-11
moonwell_lending_base,basket_return,return_shock,0,0.9642209425510957
moonwell_lending_base,basket_return,return_shock,1,-0.09871242401246323
moonwell_lending_base,basket_return,return_shock,2,0.010191671379980421
moonwell_lending_base,basket_return,return_shock,3,-0.0010266555501735376
moonwell_lending_base,basket_return,return_shock,4,0.00011097680950425923
moonwell_lending_base,basket_return,return_shock,5,-9.709258756036766e-06
moonwell_lending_base,basket_return,return_shock,6,1.494359098380979e-06
moonwell_lending_base,basket_return,return_shock,7,-5.293781066867965e-09
moonwell_lending_base,basket_return,return_shock,8,4.452400501378706e-08
moonwell_lending_base,basket_return,return_shock,9,8.49939332898924e-09
moonwell_lending_base,basket_return,return_shock,10,3.0105549958992853e-09
moonwell_lending_base,basket_return,return_shock,11,8.447041685390169e-10
moonwell_lending_base,basket_return,return_shock,12,2.560842278889281e-10
moonwell_lending_base,basket_return,return_shock,13,7.556305934225377e-11
moonwell_lending_base,basket_return,return_shock,14,2.250487659195248e-11
moonwell_lending_base,basket_return,return_shock,15,6.6810769048192555e-12
moonwell_lending_base,basket_return,return_shock,16,1.985631038530466e-12
moonwell_lending_base,basket_return,return_shock,17,5.899077196797579e-13
moonwell_lending_base,basket_return,return_shock,18,1.7527788182346187e-13
moonwell_lending_base,basket_return,return_shock,19,5.2077519910980766e-14
moonwell_lending_base,basket_return,return_shock,20,1.547320675435503e-14
moonwell_lending_base,basket_return,return_shock,21,4.597354524722081e-15
moonwell_lending_base,basket_return,return_shock,22,1.3659552772109407e-15
moonwell_lending_base,basket_return,return_shock,23,4.0584918917797413e-16
moonwell_lending_base,basket_return,return_shock,24,1.2058491524934425e-16
moonwell_lending_base,basket_return,return_shock,25,3.582789135993613e-17
moonwell_lending_base,basket_return,return_shock,26,1.0645094629039065e-17
moonwell_lending_base,basket_return,return_shock,27,3.162844206353443e-18
moonwell_lending_base,basket_return,return_shock,28,9.39736456480916e-19
moonwell_lending_base,basket_return,return_shock,29,2.792121739325291e-19
moonwell_lending_base,basket_return,return_shock,30,8.29588312384333e-20
moonwell_lending_base,basket_return,liquidation_shock,0,0.0
moonwell_lending_base,basket_return,liquidation_shock,1,-0.0002417284952584049
moonwell_lending_base,basket_return,liquidation_shock,2,-4.7020801292696604e-05
moonwell_lending_base,basket_return,liquidation_shock,3,-1.651524588839852e-05
moonwell_lending_base,basket_return,liquidation_shock,4,-4.645902997123888e-06
moonwell_lending_base,basket_return,liquidation_shock,5,-1.4071641950380916e-06
moonwell_lending_base,basket_return,liquidation_shock,6,-4.1534505141713854e-07
moonwell_lending_base,basket_return,liquidation_shock,7,-1.2368824598735905e-07
moonwell_lending_base,basket_return,liquidation_shock,8,-3.6721018339863666e-08
moonwell_lending_base,basket_return,liquidation_shock,9,-1.0913426174327982e-08
moonwell_lending_base,basket_return,liquidation_shock,10,-3.242265713824197e-09
moonwell_lending_base,basket_return,liquidation_shock,11,-9.633652195962465e-10
moonwell_lending_base,basket_return,liquidation_shock,12,-2.8622948836242434e-10
moonwell_lending_base,basket_return,liquidation_shock,13,-8.504412722040015e-11
moonwell_lending_base,basket_return,liquidation_shock,14,-2.5268067208249065e-11
moonwell_lending_base,basket_return,liquidation_shock,15,-7.507589157355622e-12
moonwell_lending_base,basket_return,liquidation_shock,16,-2.230635985211106e-12
moonwell_lending_base,basket_return,liquidation_shock,17,-6.627610888223888e-13
moonwell_lending_base,basket_return,liquidation_shock,18,-1.9691793339582854e-13
moonwell_lending_base,basket_return,liquidation_shock,19,-5.850777020152088e-14
moonwell_lending_base,basket_return,liquidation_shock,20,-1.7383684079603118e-14
moonwell_lending_base,basket_return,liquidation_shock,21,-5.164997265473906e-15
moonwell_lending_base,basket_return,liquidation_shock,22,-1.534611225223392e-15
moonwell_lending_base,basket_return,liquidation_shock,23,-4.55959895502643e-16
moonwell_lending_base,basket_return,liquidation_shock,24,-1.3547367754360408e-16
moonwell_lending_base,basket_return,liquidation_shock,25,-4.0251604338471495e-17
moonwell_lending_base,basket_return,liquidation_shock,26,-1.1959457225741496e-17
moonwell_lending_base,basket_return,liquidation_shock,27,-3.553364381016132e-18
moonwell_lending_base,basket_return,liquidation_shock,28,-1.0557668450934906e-18
moonwell_lending_base,basket_return,liquidation_shock,29,-3.136868363836645e-19
moonwell_lending_base,basket_return,liquidation_shock,30,-9.320185775644193e-20
moonwell_lending_base,liquidation,return_shock,0,-0.05519187895443933
moonwell_lending_base,liquidation,return_shock,1,-0.04777689285651739
moonwell_lending_base,liquidation,return_shock,2,-0.010975974899699804
moonwell_lending_base,liquidation,return_shock,3,-0.003591457719467924
moonwell_lending_base,liquidation,return_shock,4,-0.0010331964455719267
moonwell_lending_base,liquidation,return_shock,5,-0.0003104576931076539
moonwell_lending_base,liquidation,return_shock,6,-9.188569623771049e-05
moonwell_lending_base,liquidation,return_shock,7,-2.7337450616336494e-05
moonwell_lending_base,liquidation,return_shock,8,-8.118680719521023e-06
moonwell_lending_base,liquidation,return_shock,9,-2.412587618926278e-06
moonwell_lending_base,liquidation,return_shock,10,-7.167825447755014e-07
moonwell_lending_base,liquidation,return_shock,11,-2.1297271410383097e-07
moonwell_lending_base,liquidation,return_shock,12,-6.327751050967521e-08
moonwell_lending_base,liquidation,return_shock,13,-1.8800900263574348e-08
moonwell_lending_base,liquidation,return_shock,14,-5.586072652424563e-09
moonwell_lending_base,liquidation,return_shock,15,-1.6597205535675567e-09
moonwell_lending_base,liquidation,return_shock,16,-4.931320238681159e-10
moonwell_lending_base,liquidation,return_shock,17,-1.4651817321180265e-10
moonwell_lending_base,liquidation,return_shock,18,-4.3533117116464594e-11
moonwell_lending_base,liquidation,return_shock,19,-1.2934452244085666e-11
moonwell_lending_base,liquidation,return_shock,20,-3.843052486696847e-12
moonwell_lending_base,liquidation,return_shock,21,-1.1418382598051164e-12
moonwell_lending_base,liquidation,return_shock,22,-3.3926016240029445e-13
moonwell_lending_base,liquidation,return_shock,23,-1.0080014120043802e-13
moonwell_lending_base,liquidation,return_shock,24,-2.994948889192428e-14
moonwell_lending_base,liquidation,return_shock,25,-8.89851813924251e-15
moonwell_lending_base,liquidation,return_shock,26,-2.6439057227144913e-15
moonwell_lending_base,liquidation,return_shock,27,-7.855507356664982e-16
moonwell_lending_base,liquidation,return_shock,28,-2.334008936112766e-16
moonwell_lending_base,liquidation,return_shock,29,-6.934749681361086e-17
moonwell_lending_base,liquidation,return_shock,30,-2.060435690671589e-17
moonwell_lending_base,liquidation,liquidation_shock,0,0.15025024238600942
moonwell_lending_base,liquidation,liquidation_shock,1,0.044622289521536296
moonwell_lending_base,liquidation,liquidation_shock,2,0.013260084700290515
moonwell_lending_base,liquidation,liquidation_shock,3,0.003939596323736841
moonwell_lending_base,liquidation,liquidation_shock,4,0.0011705443920913914
moonwell_lending_base,liquidation,liquidation_shock,5,0.00034778707564119124
moonwell_lending_base,liquidation,liquidation_shock,6,0.00010333386044898354
moonwell_lending_base,liquidation,liquidation_shock,7,3.0702278327454723e-05
moonwell_lending_base,liquidation,liquidation_shock,8,9.122187432703052e-06
moonwell_lending_base,liquidation,liquidation_shock,9,2.710361548773751e-06
moonwell_lending_base,liquidation,liquidation_shock,10,8.052959513080263e-07
moonwell_lending_base,liquidation,liquidation_shock,11,2.392675407505235e-07
moonwell_lending_base,liquidation,liquidation_shock,12,7.109058077718274e-08
moonwell_lending_base,liquidation,liquidation_shock,13,2.112225768030266e-08
moonwell_lending_base,liquidation,liquidation_shock,14,6.275793015008687e-09
moonwell_lending_base,liquidation,liquidation_shock,15,1.8646481138592796e-09
moonwell_lending_base,liquidation,liquidation_shock,16,5.540196403723424e-10
moonwell_lending_base,liquidation,liquidation_shock,17,1.646089466507776e-10
moonwell_lending_base,liquidation,liquidation_shock,18,4.8908203506874435e-11
moonwell_lending_base,liquidation,liquidation_shock,19,1.453148458160373e-11
moonwell_lending_base,liquidation,liquidation_shock,20,4.317558793921291e-12
moonwell_lending_base,liquidation,liquidation_shock,21,1.2828224008541835e-12
moonwell_lending_base,liquidation,liquidation_shock,22,3.811490220933999e-13
moonwell_lending_base,liquidation,liquidation_shock,23,1.1324605568627803e-13
moonwell_lending_base,liquidation,liquidation_shock,24,3.364738825266473e-14
moonwell_lending_base,liquidation,liquidation_shock,25,9.9972288603313e-15
moonwell_lending_base,liquidation,liquidation_shock,26,2.9703519374323614e-15
moonwell_lending_base,liquidation,liquidation_shock,27,8.825436283866149e-16
moonwell_lending_base,liquidation,liquidation_shock,28,2.6221918224245713e-16
moonwell_lending_base,liquidation,liquidation_shock,29,7.79099155263311e-17
moonwell_lending_base,liquidation,liquidation_shock,30,2.314840159827649e-17
morpho_ethereum,basket_return,return_shock,0,0.8015232908525378
morpho_ethereum,basket_return,return_shock,1,-0.0034919476771292945
morpho_ethereum,basket_return,return_shock,2,0.016228080444837856
morpho_ethereum,basket_return,return_shock,3,-0.0015440184703534787
morpho_ethereum,basket_return,return_shock,4,-0.0008493290381685159
morpho_ethereum,basket_return,return_shock,5,-0.00028608695192213726
morpho_ethereum,basket_return,return_shock,6,-0.00016728541068367496
morpho_ethereum,basket_return,return_shock,7,-3.8858905425779436e-05
morpho_ethereum,basket_return,return_shock,8,-1.858107353343308e-05
morpho_ethereum,basket_return,return_shock,9,-4.521270473263623e-06
morpho_ethereum,basket_return,return_shock,10,-1.8254421308662255e-06
morpho_ethereum,basket_return,return_shock,11,-4.826052563612703e-07
morpho_ethereum,basket_return,return_shock,12,-1.7349536685738304e-07
morpho_ethereum,basket_return,return_shock,13,-4.9013207111006745e-08
morpho_ethereum,basket_return,return_shock,14,-1.6398402828125774e-08
morpho_ethereum,basket_return,return_shock,15,-4.837086258174123e-09
morpho_ethereum,basket_return,return_shock,16,-1.5534455059800717e-09
morpho_ethereum,basket_return,return_shock,17,-4.697342416280815e-10
morpho_ethereum,basket_return,return_shock,18,-1.4764044285695017e-10
morpho_ethereum,basket_return,return_shock,19,-4.521999605804004e-11
morpho_ethereum,basket_return,return_shock,20,-1.4065209243050943e-11
morpho_ethereum,basket_return,return_shock,21,-4.333662177090045e-12
morpho_ethereum,basket_return,return_shock,22,-1.3417609804934281e-12
morpho_ethereum,basket_return,return_shock,23,-4.1440956367829894e-13
morpho_ethereum,basket_return,return_shock,24,-1.2808094410945752e-13
morpho_ethereum,basket_return,return_shock,25,-3.9589013722163756e-14
morpho_ethereum,basket_return,return_shock,26,-1.2229327968756252e-14
morpho_ethereum,basket_return,return_shock,27,-3.780443161676875e-15
morpho_ethereum,basket_return,return_shock,28,-1.1677458243415045e-15
morpho_ethereum,basket_return,return_shock,29,-3.609507071149183e-16
morpho_ethereum,basket_return,return_shock,30,-1.115039660736862e-16
morpho_ethereum,basket_return,liquidation_shock,0,0.0
morpho_ethereum,basket_return,liquidation_shock,1,-0.0011087170325892062
morpho_ethereum,basket_return,liquidation_shock,2,0.0050035471356760855
morpho_ethereum,basket_return,liquidation_shock,3,0.0002967117865735707
morpho_ethereum,basket_return,liquidation_shock,4,0.0005944195701451678
morpho_ethereum,basket_return,liquidation_shock,5,7.153397407159051e-05
morpho_ethereum,basket_return,liquidation_shock,6,5.631694894435895e-05
morpho_ethereum,basket_return,liquidation_shock,7,1.0024401739435595e-05
morpho_ethereum,basket_return,liquidation_shock,8,5.08786356695946e-06
morpho_ethereum,basket_return,liquidation_shock,9,1.157101020566427e-06
morpho_ethereum,basket_return,liquidation_shock,10,4.6130865424490865e-07
morpho_ethereum,basket_return,liquidation_shock,11,1.2171630658778488e-07
morpho_ethereum,basket_return,liquidation_shock,12,4.25225552849784e-08
morpho_ethereum,basket_return,liquidation_shock,13,1.2200665706052377e-08
morpho_ethereum,basket_return,liquidation_shock,14,3.97969565848417e-09
morpho_ethereum,basket_return,liquidation_shock,15,1.1924686712704996e-09
morpho_ethereum,basket_return,liquidation_shock,16,3.7627258994410507e-10
morpho_ethereum,basket_return,liquidation_shock,17,1.1505848040628391e-10
morpho_ethereum,basket_return,liquidation_shock,18,3.577906446934458e-11
morpho_ethereum,basket_return,liquidation_shock,19,1.1032718516633242e-11
morpho_ethereum,basket_return,liquidation_shock,20,3.4115644846867933e-12
morpho_ethereum,basket_return,liquidation_shock,21,1.0549398442618786e-12
morpho_ethereum,basket_return,liquidation_shock,22,3.2566762333844013e-13
morpho_ethereum,basket_return,liquidation_shock,23,1.0075787339216552e-13
morpho_ethereum,basket_return,liquidation_shock,24,3.109967311268402e-14
morpho_ethereum,basket_return,liquidation_shock,25,9.619720747105858e-15
morpho_ethereum,basket_return,liquidation_shock,26,2.9700183288962858e-15
morpho_ethereum,basket_return,liquidation_shock,27,9.18352271854081e-16
morpho_ethereum,basket_return,liquidation_shock,28,2.836221879478197e-16
morpho_ethereum,basket_return,liquidation_shock,29,8.767247340698028e-17
morpho_ethereum,basket_return,liquidation_shock,30,2.7082768372195538e-17
morpho_ethereum,liquidation,return_shock,0,-0.17604593088228265
morpho_ethereum,liquidation,return_shock,1,-0.09891926343073354
morpho_ethereum,liquidation,return_shock,2,-0.07745089414803677
morpho_ethereum,liquidation,return_shock,3,-0.01716867514925349
morpho_ethereum,liquidation,return_shock,4,-0.009333896125207491
morpho_ethereum,liquidation,return_shock,5,-0.0021692791508779825
morpho_ethereum,liquidation,return_shock,6,-0.0009368389093485946
morpho_ethereum,liquidation,return_shock,7,-0.00024010470525159743
morpho_ethereum,liquidation,return_shock,8,-8.952259983011108e-05
morpho_ethereum,liquidation,return_shock,9,-2.4821850069925592e-05
morpho_ethereum,liquidation,return_shock,10,-8.466210450749502e-06
morpho_ethereum,liquidation,return_shock,11,-2.47183953826176e-06
morpho_ethereum,liquidation,return_shock,12,-8.015457470532088e-07
morpho_ethereum,liquidation,return_shock,13,-2.411412360625907e-07
morpho_ethereum,liquidation,return_shock,14,-7.613495795697817e-08
morpho_ethereum,liquidation,return_shock,15,-2.3266308866690124e-08
morpho_ethereum,liquidation,return_shock,16,-7.250608232216201e-09
morpho_ethereum,liquidation,return_shock,17,-2.232097775700812e-09
morpho_ethereum,liquidation,return_shock,18,-6.915721679116709e-10
morpho_ethereum,liquidation,return_shock,19,-2.1354652596417522e-10
morpho_ethereum,liquidation,return_shock,20,-6.601290490304725e-11
morpho_ethereum,liquidation,return_shock,21,-2.0404254844978255e-11
morpho_ethereum,liquidation,return_shock,22,-6.303035367740764e-12
morpho_ethereum,liquidation,return_shock,23,-1.948581079784891e-12
morpho_ethereum,liquidation,return_shock,24,-6.018723605739935e-13
morpho_ethereum,liquidation,return_shock,25,-1.8605089650086292e-13
morpho_ethereum,liquidation,return_shock,26,-5.747182889580136e-14
morpho_ethereum,liquidation,return_shock,27,-1.7763199290156953e-14
morpho_ethereum,liquidation,return_shock,28,-5.487714164098472e-15
morpho_ethereum,liquidation,return_shock,29,-1.6959324755166866e-15
morpho_ethereum,liquidation,return_shock,30,-5.239798459687916e-16
morpho_ethereum,liquidation,liquidation_shock,0,0.30349504902628255
morpho_ethereum,liquidation,liquidation_shock,1,0.027169144880093813
morpho_ethereum,liquidation,liquidation_shock,2,0.029496980626303442
morpho_ethereum,liquidation,liquidation_shock,3,0.00460779654810061
morpho_ethereum,liquidation,liquidation_shock,4,0.002668095659561301
morpho_ethereum,liquidation,liquidation_shock,5,0.0005666009229340079
morpho_ethereum,liquidation,liquidation_shock,6,0.0002406755853279789
morpho_ethereum,liquidation,liquidation_shock,7,6.125636295144781e-05
morpho_ethereum,liquidation,liquidation_shock,8,2.2068411277262717e-05
morpho_ethereum,liquidation,liquidation_shock,9,6.220225967833333e-06
morpho_ethereum,liquidation,liquidation_shock,10,2.057923414627657e-06
morpho_ethereum,liquidation,liquidation_shock,11,6.117270356353119e-07
morpho_ethereum,liquidation,liquidation_shock,12,1.9418261970730592e-07
morpho_ethereum,liquidation,liquidation_shock,13,5.9193942078226625e-08
morpho_ethereum,liquidation,liquidation_shock,14,1.844725017033453e-08
morpho_ethereum,liquidation,liquidation_shock,15,5.683105249563456e-09
morpho_ethereum,liquidation,liquidation_shock,16,1.7583450812300383e-09
morpho_ethereum,liquidation,liquidation_shock,17,5.436829254492644e-10
morpho_ethereum,liquidation,liquidation_shock,18,1.6783751297173626e-10
morpho_ethereum,liquidation,liquidation_shock,19,5.193592048174301e-11
morpho_ethereum,liquidation,liquidation_shock,20,1.6027934670272116e-11
morpho_ethereum,liquidation,liquidation_shock,21,4.958676556070932e-12
morpho_ethereum,liquidation,liquidation_shock,22,1.5307299045167123e-12
morpho_ethereum,liquidation,liquidation_shock,23,4.733789645468358e-13
morpho_ethereum,liquidation,liquidation_shock,24,1.461825363443474e-13
morpho_ethereum,liquidation,liquidation_shock,25,4.5191413375952205e-14
morpho_ethereum,liquidation,liquidation_shock,26,1.395916339888783e-14
morpho_ethereum,liquidation,liquidation_shock,27,4.31439772270351e-15
morpho_ethereum,liquidation,liquidation_shock,28,1.3328980732955102e-15
morpho_ethereum,liquidation,liquidation_shock,29,4.119076913538013e-16
morpho_ethereum,liquidation,liquidation_shock,30,1.2726742490438361e-16
sparklend_ethereum,basket_return,return_shock,0,0.9623473209152928
sparklend_ethereum,basket_return,return_shock,1,-0.06458731669432018
sparklend_ethereum,basket_return,return_shock,2,0.06115797528458326
sparklend_ethereum,basket_return,return_shock,3,-0.05080611981762846
sparklend_ethereum,basket_return,return_shock,4,-0.0035693556290148625
sparklend_ethereum,basket_return,return_shock,5,-0.014404556445699641
sparklend_ethereum,basket_return,return_shock,6,-0.0015788890684156974
sparklend_ethereum,basket_return,return_shock,7,-0.0027632975593694506
sparklend_ethereum,basket_return,return_shock,8,-9.095250080027514e-05
sparklend_ethereum,basket_return,return_shock,9,-0.0003924769278990012
sparklend_ethereum,basket_return,return_shock,10,6.577404994300004e-05
sparklend_ethereum,basket_return,return_shock,11,-3.981844820603673e-05
sparklend_ethereum,basket_return,return_shock,12,2.8430220041997946e-05
sparklend_ethereum,basket_return,return_shock,13,-2.5609549777729766e-06
sparklend_ethereum,basket_return,return_shock,14,7.186653988697738e-06
sparklend_ethereum,basket_return,return_shock,15,-2.408800120510773e-07
sparklend_ethereum,basket_return,return_shock,16,1.3750692456234697e-06
sparklend_ethereum,basket_return,return_shock,17,-1.3677681191212627e-07
sparklend_ethereum,basket_return,return_shock,18,2.1374607316679554e-07
sparklend_ethereum,basket_return,return_shock,19,-5.848651681247497e-08
sparklend_ethereum,basket_return,return_shock,20,2.8465529494142935e-08
sparklend_ethereum,basket_return,return_shock,21,-1.7194805932528612e-08
sparklend_ethereum,basket_return,return_shock,22,3.754658692945534e-09
sparklend_ethereum,basket_return,return_shock,23,-3.948960834461696e-09
sparklend_ethereum,basket_return,return_shock,24,6.643292838210086e-10
sparklend_ethereum,basket_return,return_shock,25,-7.589005008762486e-10
sparklend_ethereum,basket_return,return_shock,26,1.6719992090199861e-10
sparklend_ethereum,basket_return,return_shock,27,-1.2827843373792722e-10
sparklend_ethereum,basket_return,return_shock,28,4.490358252845662e-11
sparklend_ethereum,basket_return,return_shock,29,-2.0362531681902744e-11
sparklend_ethereum,basket_return,return_shock,30,1.0943889776237495e-11
sparklend_ethereum,basket_return,liquidation_shock,0,0.0
sparklend_ethereum,basket_return,liquidation_shock,1,-0.012958626419426907
sparklend_ethereum,basket_return,liquidation_shock,2,0.05398348337209547
sparklend_ethereum,basket_return,liquidation_shock,3,0.0061162768183264556
sparklend_ethereum,basket_return,liquidation_shock,4,0.014064179950104685
sparklend_ethereum,basket_return,liquidation_shock,5,0.0013445844375169654
sparklend_ethereum,basket_return,liquidation_shock,6,0.0024829378494517045
sparklend_ethereum,basket_return,liquidation_shock,7,-2.6007832438509265e-05
sparklend_ethereum,basket_return,liquidation_shock,8,0.0003238858727560929
sparklend_ethereum,basket_return,liquidation_shock,9,-8.777819075505666e-05
sparklend_ethereum,basket_return,liquidation_shock,10,2.95112782796192e-05
sparklend_ethereum,basket_return,liquidation_shock,11,-3.0448641435671224e-05
sparklend_ethereum,basket_return,liquidation_shock,12,1.7767696643524324e-06
sparklend_ethereum,basket_return,liquidation_shock,13,-7.008961134596034e-06
sparklend_ethereum,basket_return,liquidation_shock,14,3.179561736631458e-07
sparklend_ethereum,basket_return,liquidation_shock,15,-1.2580002882423065e-06
sparklend_ethereum,basket_return,liquidation_shock,16,1.7559931006356717e-07
sparklend_ethereum,basket_return,liquidation_shock,17,-1.862441481805116e-07
sparklend_ethereum,basket_return,liquidation_shock,18,6.54426599605319e-08
sparklend_ethereum,basket_return,liquidation_shock,19,-2.4318119352593854e-08
sparklend_ethereum,basket_return,liquidation_shock,20,1.767959869839483e-08
sparklend_ethereum,basket_return,liquidation_shock,21,-3.401803164900783e-09
sparklend_ethereum,basket_return,liquidation_shock,22,3.832492422993146e-09
sparklend_ethereum,basket_return,liquidation_shock,23,-6.786034311085346e-10
sparklend_ethereum,basket_return,liquidation_shock,24,7.066242663314427e-10
sparklend_ethereum,basket_return,liquidation_shock,25,-1.781542885390048e-10
sparklend_ethereum,basket_return,liquidation_shock,26,1.1657411756221983e-10
sparklend_ethereum,basket_return,liquidation_shock,27,-4.670039528837354e-11
sparklend_ethereum,basket_return,liquidation_shock,28,1.855690769327092e-11
sparklend_ethereum,basket_return,liquidation_shock,29,-1.0959969463823366e-11
sparklend_ethereum,basket_return,liquidation_shock,30,3.189858321926161e-12
sparklend_ethereum,liquidation,return_shock,0,-0.3085812580697115
sparklend_ethereum,liquidation,return_shock,1,-0.3403047771312739
sparklend_ethereum,liquidation,return_shock,2,-0.1194249247052218
sparklend_ethereum,liquidation,return_shock,3,-0.08352292444218509
sparklend_ethereum,liquidation,return_shock,4,-0.021265243235151488
sparklend_ethereum,liquidation,return_shock,5,-0.012738677407340714
sparklend_ethereum,liquidation,return_shock,6,-0.0015092429641514148
sparklend_ethereum,liquidation,return_shock,7,-0.0011040201822082913
sparklend_ethereum,liquidation,return_shock,8,0.00034840430868722923
sparklend_ethereum,liquidation,return_shock,9,3.859174227504171e-05
sparklend_ethereum,liquidation,return_shock,10,0.00015876488670367014
sparklend_ethereum,liquidation,return_shock,11,3.2839819177271e-05
sparklend_ethereum,liquidation,return_shock,12,3.577019127035413e-05
sparklend_ethereum,liquidation,return_shock,13,5.456266130752787e-06
sparklend_ethereum,liquidation,return_shock,14,5.555687754561202e-06
sparklend_ethereum,liquidation,return_shock,15,5.546094451952324e-08
sparklend_ethereum,liquidation,return_shock,16,5.717841623418879e-07
sparklend_ethereum,liquidation,return_shock,17,-2.2700912989634613e-07
sparklend_ethereum,liquidation,return_shock,18,2.0256016180535598e-08
sparklend_ethereum,liquidation,return_shock,19,-7.696458155027959e-08
sparklend_ethereum,liquidation,return_shock,20,-4.631232356155663e-09
sparklend_ethereum,liquidation,return_shock,21,-1.6576304517022466e-08
sparklend_ethereum,liquidation,return_shock,22,-4.140036080017562e-10
sparklend_ethereum,liquidation,return_shock,23,-2.684347732470757e-09
sparklend_ethereum,liquidation,return_shock,24,3.0798829562797447e-10
sparklend_ethereum,liquidation,return_shock,25,-3.356350572729063e-10
sparklend_ethereum,liquidation,return_shock,26,1.485353398987388e-10
sparklend_ethereum,liquidation,return_shock,27,-3.2983068677918513e-11
sparklend_ethereum,liquidation,return_shock,28,4.0829279038726477e-11
sparklend_ethereum,liquidation,return_shock,29,-3.5980160134485792e-12
sparklend_ethereum,liquidation,return_shock,30,8.486885993376335e-12
sparklend_ethereum,liquidation,liquidation_shock,0,0.4353124849565124
sparklend_ethereum,liquidation,liquidation_shock,1,0.10671490844686363
sparklend_ethereum,liquidation,liquidation_shock,2,0.07920514764753736
sparklend_ethereum,liquidation,liquidation_shock,3,0.01695226688316791
sparklend_ethereum,liquidation,liquidation_shock,4,0.010428446440692053
sparklend_ethereum,liquidation,liquidation_shock,5,0.0004968068013218334
sparklend_ethereum,liquidation,liquidation_shock,6,0.0006642752170163117
sparklend_ethereum,liquidation,liquidation_shock,7,-0.0004896341518092575
sparklend_ethereum,liquidation,liquidation_shock,8,-8.558835275316043e-05
sparklend_ethereum,liquidation,liquidation_shock,9,-0.00016520446537268872
sparklend_ethereum,liquidation,liquidation_shock,10,-3.237705820899389e-05
sparklend_ethereum,liquidation,liquidation_shock,11,-3.312682399723345e-05
sparklend_ethereum,liquidation,liquidation_shock,12,-4.000413093574073e-06
sparklend_ethereum,liquidation,liquidation_shock,13,-4.6434723572525345e-06
sparklend_ethereum,liquidation,liquidation_shock,14,3.0000719837812064e-07
sparklend_ethereum,liquidation,liquidation_shock,15,-4.056013765884576e-07
sparklend_ethereum,liquidation,liquidation_shock,16,2.744609732937898e-07
sparklend_ethereum,liquidation,liquidation_shock,17,-2.68389859711589e-09
sparklend_ethereum,liquidation,liquidation_shock,18,7.834876521208966e-08
sparklend_ethereum,liquidation,liquidation_shock,19,4.520852246498154e-09
sparklend_ethereum,liquidation,liquidation_shock,20,1.543091290082826e-08
sparklend_ethereum,liquidation,liquidation_shock,21,-9.319191438027511e-11
sparklend_ethereum,liquidation,liquidation_shock,22,2.3233640503872808e-09
sparklend_ethereum,liquidation,liquidation_shock,23,-4.2895497834634406e-10
sparklend_ethereum,liquidation,liquidation_shock,24,2.711359011206708e-10
sparklend_ethereum,liquidation,liquidation_shock,25,-1.6344314553449196e-10
sparklend_ethereum,liquidation,liquidation_shock,26,2.6024781810603268e-11
sparklend_ethereum,liquidation,liquidation_shock,27,-4.079804632558596e-11
sparklend_ethereum,liquidation,liquidation_shock,28,3.5361730270299214e-12
sparklend_ethereum,liquidation,liquidation_shock,29,-7.96703562483083e-12
sparklend_ethereum,liquidation,liquidation_shock,30,1.1026399857170595e-12
sparklend_gnosis,basket_return,return_shock,0,0.9172303140414146
sparklend_gnosis,basket_return,return_shock,1,-0.04153103198206281
sparklend_gnosis,basket_return,return_shock,2,0.03770895502360462
sparklend_gnosis,basket_return,return_shock,3,-0.05665796992754183
sparklend_gnosis,basket_return,return_shock,4,0.035129355042238686
sparklend_gnosis,basket_return,return_shock,5,-0.003972676509782723
sparklend_gnosis,basket_return,return_shock,6,0.004751441218176562
sparklend_gnosis,basket_return,return_shock,7,-3.0922878684185622e-06
sparklend_gnosis,basket_return,return_shock,8,0.0029139906427329823
sparklend_gnosis,basket_return,return_shock,9,0.00016931827162261593
sparklend_gnosis,basket_return,return_shock,10,0.0007514437559151721
sparklend_gnosis,basket_return,return_shock,11,0.00037326811396991706
sparklend_gnosis,basket_return,return_shock,12,0.00035764968319182606
sparklend_gnosis,basket_return,return_shock,13,0.00015477002416430636
sparklend_gnosis,basket_return,return_shock,14,0.0001530151339683627
sparklend_gnosis,basket_return,return_shock,15,9.367762255807781e-05
sparklend_gnosis,basket_return,return_shock,16,6.78923245616998e-05
sparklend_gnosis,basket_return,return_shock,17,4.339922997505534e-05
sparklend_gnosis,basket_return,return_shock,18,3.2653130944045104e-05
sparklend_gnosis,basket_return,return_shock,19,2.1513078159571462e-05
sparklend_gnosis,basket_return,return_shock,20,1.5053901114375636e-05
sparklend_gnosis,basket_return,return_shock,21,1.029740941686086e-05
sparklend_gnosis,basket_return,return_shock,22,7.228792458132022e-06
sparklend_gnosis,basket_return,return_shock,23,4.919840007421502e-06
sparklend_gnosis,basket_return,return_shock,24,3.4171163864455662e-06
sparklend_gnosis,basket_return,return_shock,25,2.3562724443730983e-06
sparklend_gnosis,basket_return,return_shock,26,1.6306374044442172e-06
sparklend_gnosis,basket_return,return_shock,27,1.122173823165336e-06
sparklend_gnosis,basket_return,return_shock,28,7.76544709822565e-07
sparklend_gnosis,basket_return,return_shock,29,5.358753895513544e-07
sparklend_gnosis,basket_return,return_shock,30,3.7008784451842055e-07
sparklend_gnosis,basket_return,liquidation_shock,0,0.0
sparklend_gnosis,basket_return,liquidation_shock,1,-0.009596017553140374
sparklend_gnosis,basket_return,liquidation_shock,2,0.05079126203609925
sparklend_gnosis,basket_return,liquidation_shock,3,-0.0409575773526978
sparklend_gnosis,basket_return,liquidation_shock,4,-0.009869554624297769
sparklend_gnosis,basket_return,liquidation_shock,5,-0.0013433531123366869
sparklend_gnosis,basket_return,liquidation_shock,6,-0.0011782144560136157
sparklend_gnosis,basket_return,liquidation_shock,7,-0.004278693391095451
sparklend_gnosis,basket_return,liquidation_shock,8,-0.0011021612484471309
sparklend_gnosis,basket_return,liquidation_shock,9,-0.0008484434171353894
sparklend_gnosis,basket_return,liquidation_shock,10,-0.0007619803756840824
sparklend_gnosis,basket_return,liquidation_shock,11,-0.0005906175240473568
sparklend_gnosis,basket_return,liquidation_shock,12,-0.00029301758349873974
sparklend_gnosis,basket_return,liquidation_shock,13,-0.0002386058322153035
sparklend_gnosis,basket_return,liquidation_shock,14,-0.00017137999334923418
sparklend_gnosis,basket_return,liquidation_shock,15,-0.0001147717218899023
sparklend_gnosis,basket_return,liquidation_shock,16,-7.524216516171273e-05
sparklend_gnosis,basket_return,liquidation_shock,17,-5.514663048596758e-05
sparklend_gnosis,basket_return,liquidation_shock,18,-3.766009998566026e-05
sparklend_gnosis,basket_return,liquidation_shock,19,-2.5669421354225583e-05
sparklend_gnosis,basket_return,liquidation_shock,20,-1.772575392698205e-05
sparklend_gnosis,basket_return,liquidation_shock,21,-1.240040566683703e-05
sparklend_gnosis,basket_return,liquidation_shock,22,-8.489992849002793e-06
sparklend_gnosis,basket_return,liquidation_shock,23,-5.856932390817014e-06
sparklend_gnosis,basket_return,liquidation_shock,24,-4.053645819515703e-06
sparklend_gnosis,basket_return,liquidation_shock,25,-2.8026096533163874e-06
sparklend_gnosis,basket_return,liquidation_shock,26,-1.9300394298419905e-06
sparklend_gnosis,basket_return,liquidation_shock,27,-1.3338375570206032e-06
sparklend_gnosis,basket_return,liquidation_shock,28,-9.215056661623041e-07
sparklend_gnosis,basket_return,liquidation_shock,29,-6.361274887986553e-07
sparklend_gnosis,basket_return,liquidation_shock,30,-4.390341264686712e-07
sparklend_gnosis,liquidation,return_shock,0,-0.13955540631860688
sparklend_gnosis,liquidation,return_shock,1,-0.27835574999035095
sparklend_gnosis,liquidation,return_shock,2,-0.0505694569538917
sparklend_gnosis,liquidation,return_shock,3,-0.041920183115420936
sparklend_gnosis,liquidation,return_shock,4,-0.04524159603679316
sparklend_gnosis,liquidation,return_shock,5,-0.033407294584492334
sparklend_gnosis,liquidation,return_shock,6,-0.015522707733293709
sparklend_gnosis,liquidation,return_shock,7,-0.013409484245047294
sparklend_gnosis,liquidation,return_shock,8,-0.009739231357963176
sparklend_gnosis,liquidation,return_shock,9,-0.0063477295031954695
sparklend_gnosis,liquidation,return_shock,10,-0.004163559191604774
sparklend_gnosis,liquidation,return_shock,11,-0.003097677908283187
sparklend_gnosis,liquidation,return_shock,12,-0.002104401742422002
sparklend_gnosis,liquidation,return_shock,13,-0.0014265195049793968
sparklend_gnosis,liquidation,return_shock,14,-0.000989116444446036
sparklend_gnosis,liquidation,return_shock,15,-0.0006931482887110485
sparklend_gnosis,liquidation,return_shock,16,-0.0004732917535655192
sparklend_gnosis,liquidation,return_shock,17,-0.0003265120242116948
sparklend_gnosis,liquidation,return_shock,18,-0.0002262767307412113
sparklend_gnosis,liquidation,return_shock,19,-0.00015638815757901427
sparklend_gnosis,liquidation,return_shock,20,-0.00010763518664499518
sparklend_gnosis,liquidation,return_shock,21,-7.441373089641565e-05
sparklend_gnosis,liquidation,return_shock,22,-5.1418740033052255e-05
sparklend_gnosis,liquidation,return_shock,23,-3.548693273384909e-05
sparklend_gnosis,liquidation,return_shock,24,-2.449130377204417e-05
sparklend_gnosis,liquidation,return_shock,25,-1.6920435027738202e-05
sparklend_gnosis,liquidation,return_shock,26,-1.16827134963936e-05
sparklend_gnosis,liquidation,return_shock,27,-8.065250271513483e-06
sparklend_gnosis,liquidation,return_shock,28,-5.569032491323382e-06
sparklend_gnosis,liquidation,return_shock,29,-3.845828471983304e-06
sparklend_gnosis,liquidation,return_shock,30,-2.6552778309874838e-06
sparklend_gnosis,liquidation,liquidation_shock,0,0.4518304631173567
sparklend_gnosis,liquidation,liquidation_shock,1,0.15097148022478254
sparklend_gnosis,liquidation,liquidation_shock,2,0.04351868616467202
sparklend_gnosis,liquidation,liquidation_shock,3,0.07556507131277349
sparklend_gnosis,liquidation,liquidation_shock,4,0.062086684867245355
sparklend_gnosis,liquidation,liquidation_shock,5,0.0280386216881755
sparklend_gnosis,liquidation,liquidation_shock,6,0.020860193334451018
sparklend_gnosis,liquidation,liquidation_shock,7,0.017222373584561093
sparklend_gnosis,liquidation,liquidation_shock,8,0.011156660304441146
sparklend_gnosis,liquidation,liquidation_shock,9,0.007077317761767371
sparklend_gnosis,liquidation,liquidation_shock,10,0.00524081597843648
sparklend_gnosis,liquidation,liquidation_shock,11,0.003673881570121303
sparklend_gnosis,liquidation,liquidation_shock,12,0.002451098392669549
sparklend_gnosis,liquidation,liquidation_shock,13,0.001691439968403901
sparklend_gnosis,liquidation,liquidation_shock,14,0.0011913145821503342
sparklend_gnosis,liquidation,liquidation_shock,15,0.0008167888658935518
sparklend_gnosis,liquidation,liquidation_shock,16,0.0005601217451288011
sparklend_gnosis,liquidation,liquidation_shock,17,0.0003886613308235811
sparklend_gnosis,liquidation,liquidation_shock,18,0.0002690388915873377
sparklend_gnosis,liquidation,liquidation_shock,19,0.00018510354130733814
sparklend_gnosis,liquidation,liquidation_shock,20,0.00012781653563851317
sparklend_gnosis,liquidation,liquidation_shock,21,8.83989466606541e-05
sparklend_gnosis,liquidation,liquidation_shock,22,6.101453519380828e-05
sparklend_gnosis,liquidation,liquidation_shock,23,4.209629716173999e-05
sparklend_gnosis,liquidation,liquidation_shock,24,2.9081035353504407e-05
sparklend_gnosis,liquidation,liquidation_shock,25,2.0084288092947365e-05
sparklend_gnosis,liquidation,liquidation_shock,26,1.3863970456635341e-05
sparklend_gnosis,liquidation,liquidation_shock,27,9.572437405849468e-06
sparklend_gnosis,liquidation,liquidation_shock,28,6.610736942286358e-06
sparklend_gnosis,liquidation,liquidation_shock,29,4.5644369550700236e-06
sparklend_gnosis,liquidation,liquidation_shock,30,3.151458713987262e-06
venus_core_pool_binance,basket_return,return_shock,0,0.6588123078375523
venus_core_pool_binance,basket_return,return_shock,1,0.18436098132020412
venus_core_pool_binance,basket_return,return_shock,2,-0.011081746376093495
venus_core_pool_binance,basket_return,return_shock,3,-0.004184841418431434
venus_core_pool_binance,basket_return,return_shock,4,-0.008815144799494799
venus_core_pool_binance,basket_return,return_shock,5,-0.06276857213488973
venus_core_pool_binance,basket_return,return_shock,6,-0.0553147274640309
venus_core_pool_binance,basket_return,return_shock,7,0.04886413172757033
venus_core_pool_binance,basket_return,return_shock,8,-0.020812997337172925
venus_core_pool_binance,basket_return,return_shock,9,-0.03261113267611052
venus_core_pool_binance,basket_return,return_shock,10,0.022184716278768283
venus_core_pool_binance,basket_return,return_shock,11,-0.008961089363028012
venus_core_pool_binance,basket_return,return_shock,12,-0.0252864301182858
venus_core_pool_binance,basket_return,return_shock,13,0.02825148066279773
venus_core_pool_binance,basket_return,return_shock,14,0.01793407559347408
venus_core_pool_binance,basket_return,return_shock,15,-0.0640642391679582
venus_core_pool_binance,basket_return,return_shock,16,-0.0634254977641186
venus_core_pool_binance,basket_return,return_shock,17,0.04915596668599559
venus_core_pool_binance,basket_return,return_shock,18,0.01808594459361992
venus_core_pool_binance,basket_return,return_shock,19,-0.011380242191959652
venus_core_pool_binance,basket_return,return_shock,20,0.009086347224737824
venus_core_pool_binance,basket_return,return_shock,21,0.002729289227842302
venus_core_pool_binance,basket_return,return_shock,22,0.01456565815824802
venus_core_pool_binance,basket_return,return_shock,23,0.03384781818910453
venus_core_pool_binance,basket_return,return_shock,24,0.029103888220865015
venus_core_pool_binance,basket_return,return_shock,25,0.06409942363035535
venus_core_pool_binance,basket_return,return_shock,26,0.03217646716592003
venus_core_pool_binance,basket_return,return_shock,27,0.02220392102705661
venus_core_pool_binance,basket_return,return_shock,28,-0.00804134084197414
venus_core_pool_binance,basket_return,return_shock,29,-0.03408793787160666
venus_core_pool_binance,basket_return,return_shock,30,-0.014185902767071592
venus_core_pool_binance,basket_return,liquidation_shock,0,0.0
venus_core_pool_binance,basket_return,liquidation_shock,1,-0.006257044375632961
venus_core_pool_binance,basket_return,liquidation_shock,2,0.013118752243850035
venus_core_pool_binance,basket_return,liquidation_shock,3,0.004164418569126502
venus_core_pool_binance,basket_return,liquidation_shock,4,-0.025107496217106298
venus_core_pool_binance,basket_return,liquidation_shock,5,-0.014802977983296564
venus_core_pool_binance,basket_return,liquidation_shock,6,0.010562132826540501
venus_core_pool_binance,basket_return,liquidation_shock,7,0.018757113577845614
venus_core_pool_binance,basket_return,liquidation_shock,8,0.012156273834420316
venus_core_pool_binance,basket_return,liquidation_shock,9,-0.005492759025744973
venus_core_pool_binance,basket_return,liquidation_shock,10,-0.0018119371052635514
venus_core_pool_binance,basket_return,liquidation_shock,11,0.001139497614517421
venus_core_pool_binance,basket_return,liquidation_shock,12,0.01833617134143982
venus_core_pool_binance,basket_return,liquidation_shock,13,-0.005635823643455235
venus_core_pool_binance,basket_return,liquidation_shock,14,-0.00867681310099912
venus_core_pool_binance,basket_return,liquidation_shock,15,-0.0005925375542226264
venus_core_pool_binance,basket_return,liquidation_shock,16,0.009193204783278293
venus_core_pool_binance,basket_return,liquidation_shock,17,-0.006483562281938995
venus_core_pool_binance,basket_return,liquidation_shock,18,-0.01875076186346388
venus_core_pool_binance,basket_return,liquidation_shock,19,-0.023364919125059554
venus_core_pool_binance,basket_return,liquidation_shock,20,-0.005501642105810862
venus_core_pool_binance,basket_return,liquidation_shock,21,0.008594085952132829
venus_core_pool_binance,basket_return,liquidation_shock,22,0.011817552528065487
venus_core_pool_binance,basket_return,liquidation_shock,23,-0.002702403915111898
venus_core_pool_binance,basket_return,liquidation_shock,24,-0.003565833623838437
venus_core_pool_binance,basket_return,liquidation_shock,25,-0.013052453174637987
venus_core_pool_binance,basket_return,liquidation_shock,26,-0.004143431090736624
venus_core_pool_binance,basket_return,liquidation_shock,27,-0.01730080580135498
venus_core_pool_binance,basket_return,liquidation_shock,28,-0.015147566344493558
venus_core_pool_binance,basket_return,liquidation_shock,29,-0.004435197623371894
venus_core_pool_binance,basket_return,liquidation_shock,30,-0.0010487837922277814
venus_core_pool_binance,liquidation,return_shock,0,-0.08676070009234331
venus_core_pool_binance,liquidation,return_shock,1,-0.03005551707454624
venus_core_pool_binance,liquidation,return_shock,2,-0.02818759691632931
venus_core_pool_binance,liquidation,return_shock,3,-0.04584936483099557
venus_core_pool_binance,liquidation,return_shock,4,0.03409037158788836
venus_core_pool_binance,liquidation,return_shock,5,0.012794848136635463
venus_core_pool_binance,liquidation,return_shock,6,-0.026632336839546557
venus_core_pool_binance,liquidation,return_shock,7,-0.03646357441916797
venus_core_pool_binance,liquidation,return_shock,8,0.04198111349599796
venus_core_pool_binance,liquidation,return_shock,9,0.059049211138344944
venus_core_pool_binance,liquidation,return_shock,10,0.03178809791820225
venus_core_pool_binance,liquidation,return_shock,11,0.09732446078086814
venus_core_pool_binance,liquidation,return_shock,12,0.04281834061039026
venus_core_pool_binance,liquidation,return_shock,13,0.007567587535959984
venus_core_pool_binance,liquidation,return_shock,14,-0.003865982066317003
venus_core_pool_binance,liquidation,return_shock,15,0.016791254876637497
venus_core_pool_binance,liquidation,return_shock,16,0.05716825648977856
venus_core_pool_binance,liquidation,return_shock,17,-0.05635354147989866
venus_core_pool_binance,liquidation,return_shock,18,-0.04700629966616602
venus_core_pool_binance,liquidation,return_shock,19,-0.029882137481934797
venus_core_pool_binance,liquidation,return_shock,20,-0.014329829461663921
venus_core_pool_binance,liquidation,return_shock,21,-0.009468831406509611
venus_core_pool_binance,liquidation,return_shock,22,0.032629312876094045
venus_core_pool_binance,liquidation,return_shock,23,0.029598359048533366
venus_core_pool_binance,liquidation,return_shock,24,-0.026499891486029586
venus_core_pool_binance,liquidation,return_shock,25,-0.007926954846111967
venus_core_pool_binance,liquidation,return_shock,26,0.05272761731542435
venus_core_pool_binance,liquidation,return_shock,27,0.002045731331224826
venus_core_pool_binance,liquidation,return_shock,28,0.0025160302970720252
venus_core_pool_binance,liquidation,return_shock,29,0.026166584999114995
venus_core_pool_binance,liquidation,return_shock,30,0.005123556985632735
venus_core_pool_binance,liquidation,liquidation_shock,0,0.1794225528141568
venus_core_pool_binance,liquidation,liquidation_shock,1,0.048407310419751506
venus_core_pool_binance,liquidation,liquidation_shock,2,0.004785597092268388
venus_core_pool_binance,liquidation,liquidation_shock,3,0.010005653317214399
venus_core_pool_binance,liquidation,liquidation_shock,4,0.014938447550379074
venus_core_pool_binance,liquidation,liquidation_shock,5,0.0324984317317598
venus_core_pool_binance,liquidation,liquidation_shock,6,-0.00528830053049372
venus_core_pool_binance,liquidation,liquidation_shock,7,0.005396946889910345
venus_core_pool_binance,liquidation,liquidation_shock,8,-0.004877762346808705
venus_core_pool_binance,liquidation,liquidation_shock,9,-0.008217844232878012
venus_core_pool_binance,liquidation,liquidation_shock,10,0.02042571146009491
venus_core_pool_binance,liquidation,liquidation_shock,11,0.004732805834630935
venus_core_pool_binance,liquidation,liquidation_shock,12,0.0036393703014397268
venus_core_pool_binance,liquidation,liquidation_shock,13,-0.011220467484577367
venus_core_pool_binance,liquidation,liquidation_shock,14,0.00921664464202793
venus_core_pool_binance,liquidation,liquidation_shock,15,-0.01593219339214722
venus_core_pool_binance,liquidation,liquidation_shock,16,0.008274539083925959
venus_core_pool_binance,liquidation,liquidation_shock,17,0.03866221935368355
venus_core_pool_binance,liquidation,liquidation_shock,18,0.028723343468061296
venus_core_pool_binance,liquidation,liquidation_shock,19,0.0380563134108995
venus_core_pool_binance,liquidation,liquidation_shock,20,-0.005359061994270318
venus_core_pool_binance,liquidation,liquidation_shock,21,-0.0026991466453035917
venus_core_pool_binance,liquidation,liquidation_shock,22,-0.0061397753783605305
venus_core_pool_binance,liquidation,liquidation_shock,23,0.0029523470266713692
venus_core_pool_binance,liquidation,liquidation_shock,24,0.016299778688952316
venus_core_pool_binance,liquidation,liquidation_shock,25,0.021935659638088113
venus_core_pool_binance,liquidation,liquidation_shock,26,-0.007583772131913693
venus_core_pool_binance,liquidation,liquidation_shock,27,0.03335031352804337
venus_core_pool_binance,liquidation,liquidation_shock,28,0.03440866396070348
venus_core_pool_binance,liquidation,liquidation_shock,29,0.01238871311762842
venus_core_pool_binance,liquidation,liquidation_shock,30,0.009377682487681373
zerolend_base,basket_return,return_shock,0,0.9289015932911134
zerolend_base,basket_return,return_shock,1,-0.05945471772127496
zerolend_base,basket_return,return_shock,2,-0.004672252582508741
zerolend_base,basket_return,return_shock,3,-0.002315050872496396
zerolend_base,basket_return,return_shock,4,-0.0007825597806782764
zerolend_base,basket_return,return_shock,5,-0.00027534889124705166
zerolend_base,basket_return,return_shock,6,-9.641265461787274e-05
zerolend_base,basket_return,return_shock,7,-3.377829822746683e-05
zerolend_base,basket_return,return_shock,8,-1.1833444187459888e-05
zerolend_base,basket_return,return_shock,9,-4.145607690211762e-06
zerolend_base,basket_return,return_shock,10,-1.4523283010146536e-06
zerolend_base,basket_return,return_shock,11,-5.087933796257993e-07
zerolend_base,basket_return,return_shock,12,-1.7824530393296736e-07
zerolend_base,basket_return,return_shock,13,-6.244457907907869e-08
zerolend_base,basket_return,return_shock,14,-2.187617496516957e-08
zerolend_base,basket_return,return_shock,15,-7.663868316135415e-09
zerolend_base,basket_return,return_shock,16,-2.68487876241644e-09
zerolend_base,basket_return,return_shock,17,-9.40592096774491e-10
zerolend_base,basket_return,return_shock,18,-3.295171107533875e-10
zerolend_base,basket_return,return_shock,19,-1.154395477610455e-10
zerolend_base,basket_return,return_shock,20,-4.0441873130066875e-11
zerolend_base,basket_return,return_shock,21,-1.4167979119720116e-11
zerolend_base,basket_return,return_shock,22,-4.9634603147891635e-12
zerolend_base,basket_return,return_shock,23,-1.7388463159291856e-12
zerolend_base,basket_return,return_shock,24,-6.091690713052343e-13
zerolend_base,basket_return,return_shock,25,-2.1340986494058518e-13
zerolend_base,basket_return,return_shock,26,-7.476376034058096e-14
zerolend_base,basket_return,return_shock,27,-2.619194694593906e-14
zerolend_base,basket_return,return_shock,28,-9.175810335031038e-15
zerolend_base,basket_return,return_shock,29,-3.2145565764257365e-15
zerolend_base,basket_return,return_shock,30,-1.1261538333668054e-15
zerolend_base,basket_return,liquidation_shock,0,0.0
zerolend_base,basket_return,liquidation_shock,1,0.021655325826468643
zerolend_base,basket_return,liquidation_shock,2,0.006677442733545132
zerolend_base,basket_return,liquidation_shock,3,0.002377465519749455
zerolend_base,basket_return,liquidation_shock,4,0.000831294260849921
zerolend_base,basket_return,liquidation_shock,5,0.00029129410633284546
zerolend_base,basket_return,liquidation_shock,6,0.00010204608080674841
zerolend_base,basket_return,liquidation_shock,7,3.5749865735449156e-05
zerolend_base,basket_return,liquidation_shock,8,1.2524225781226019e-05
zerolend_base,basket_return,liquidation_shock,9,4.387605322667218e-06
zerolend_base,basket_return,liquidation_shock,10,1.5371073452183076e-06
zerolend_base,basket_return,liquidation_shock,11,5.384939692744423e-07
zerolend_base,basket_return,liquidation_shock,12,1.8865029539095875e-07
zerolend_base,basket_return,liquidation_shock,13,6.6089753989838e-08
zerolend_base,basket_return,liquidation_shock,14,2.3153187082677906e-08
zerolend_base,basket_return,liquidation_shock,15,8.111243267278848e-09
zerolend_base,basket_return,liquidation_shock,16,2.8416073824319697e-09
zerolend_base,basket_return,liquidation_shock,17,9.954987478264756e-10
zerolend_base,basket_return,liquidation_shock,18,3.4875252754865905e-10
zerolend_base,basket_return,liquidation_shock,19,1.2217828072324118e-10
zerolend_base,basket_return,liquidation_shock,20,4.2802649733927425e-11
zerolend_base,basket_return,liquidation_shock,21,1.4995028685951833e-11
zerolend_base,basket_return,liquidation_shock,22,5.253200133408816e-12
zerolend_base,basket_return,liquidation_shock,23,1.8403507068645998e-12
zerolend_base,basket_return,liquidation_shock,24,6.447290486264548e-13
zerolend_base,basket_return,liquidation_shock,25,2.2586757219277992e-13
zerolend_base,basket_return,liquidation_shock,26,7.912806205482228e-14
zerolend_base,basket_return,liquidation_shock,27,2.7720890359629732e-14
zerolend_base,basket_return,liquidation_shock,28,9.711444238305865e-15
zerolend_base,basket_return,liquidation_shock,29,3.402204906487134e-15
zerolend_base,basket_return,liquidation_shock,30,1.1918925693944318e-15
zerolend_base,liquidation,return_shock,0,-0.0872771346107121
zerolend_base,liquidation,return_shock,1,-0.19564263658348444
zerolend_base,liquidation,return_shock,2,-0.061610135570101594
zerolend_base,liquidation,return_shock,3,-0.02187472320330841
zerolend_base,liquidation,return_shock,4,-0.007651149116609667
zerolend_base,liquidation,return_shock,5,-0.0026809354337305295
zerolend_base,liquidation,return_shock,6,-0.0009391891152668689
zerolend_base,liquidation,return_shock,7,-0.0003290265082785522
zerolend_base,liquidation,return_shock,8,-0.00011526763734894892
zerolend_base,liquidation,return_shock,9,-4.0381649441881185e-05
zerolend_base,liquidation,return_shock,10,-1.4146880921419147e-05
zerolend_base,liquidation,return_shock,11,-4.956068997413852e-06
zerolend_base,liquidation,return_shock,12,-1.7362569196698757e-06
zerolend_base,liquidation,return_shock,13,-6.082619295460803e-07
zerolend_base,liquidation,return_shock,14,-2.130920664679631e-07
zerolend_base,liquidation,return_shock,15,-7.465242617686519e-08
zerolend_base,liquidation,return_shock,16,-2.615294330973807e-08
zerolend_base,liquidation,return_shock,17,-9.162146212661855e-09
zerolend_base,liquidation,return_shock,18,-3.2097696319686075e-09
zerolend_base,liquidation,return_shock,19,-1.124476825753984e-09
zerolend_base,liquidation,return_shock,20,-3.939373464887099e-10
zerolend_base,liquidation,return_shock,21,-1.3800785343398263e-10
zerolend_base,liquidation,return_shock,22,-4.834821521549109e-11
zerolend_base,liquidation,return_shock,23,-1.6937803584066573e-11
zerolend_base,liquidation,return_shock,24,-5.9338113924937e-12
zerolend_base,liquidation,return_shock,25,-2.078788874066899e-12
zerolend_base,liquidation,return_shock,26,-7.282609603013115e-13
zerolend_base,liquidation,return_shock,27,-2.551312607621357e-13
zerolend_base,liquidation,return_shock,28,-8.937999393946047e-14
zerolend_base,liquidation,return_shock,29,-3.1312444005307926e-14
zerolend_base,liquidation,return_shock,30,-1.0969671247120952e-14
zerolend_base,liquidation,liquidation_shock,0,0.5140178066446022
zerolend_base,liquidation,liquidation_shock,1,0.18936317502850486
zerolend_base,liquidation,liquidation_shock,2,0.06594961825451827
zerolend_base,liquidation,liquidation_shock,3,0.02312045987648614
zerolend_base,liquidation,liquidation_shock,4,0.00809909092523452
zerolend_base,liquidation,liquidation_shock,5,0.0028373788998864906
zerolend_base,liquidation,liquidation_shock,6,0.0009940161751794301
zerolend_base,liquidation,liquidation_shock,7,0.00034823318951322373
zerolend_base,liquidation,liquidation_shock,8,0.0001219963391821209
zerolend_base,liquidation,liquidation_shock,9,4.2738910343682655e-05
zerolend_base,liquidation,liquidation_shock,10,1.4972698896744736e-05
zerolend_base,liquidation,liquidation_shock,11,5.245377350823206e-06
zerolend_base,liquidation,liquidation_shock,12,1.837610155747135e-06
zerolend_base,liquidation,liquidation_shock,13,6.437689528645042e-07
zerolend_base,liquidation,liquidation_shock,14,2.2553122237374526e-07
zerolend_base,liquidation,liquidation_shock,15,7.901022880813615e-08
zerolend_base,liquidation,liquidation_shock,16,2.767960990327477e-08
zerolend_base,liquidation,liquidation_shock,17,9.696982478787241e-09
zerolend_base,liquidation,liquidation_shock,18,3.397138526247146e-09
zerolend_base,liquidation,liquidation_shock,19,1.190117667197843e-09
zerolend_base,liquidation,liquidation_shock,20,4.1693326628664914e-10
zerolend_base,liquidation,liquidation_shock,21,1.4606400134009281e-10
zerolend_base,liquidation,liquidation_shock,22,5.1170521070416696e-11
zerolend_base,liquidation,liquidation_shock,23,1.7926540438401872e-11
zerolend_base,liquidation,liquidation_shock,24,6.280195029623149e-12
zerolend_base,liquidation,liquidation_shock,25,2.2001372627154494e-12
zerolend_base,liquidation,liquidation_shock,26,7.707728744021979e-13
zerolend_base,liquidation,liquidation_shock,27,2.7002443619403487e-13
zerolend_base,liquidation,liquidation_shock,28,9.45975118785245e-14
zerolend_base,liquidation,liquidation_shock,29,3.314029418869784e-14
zerolend_base,liquidation,liquidation_shock,30,1.1610020994249543e-14
zerolend_ethereum,basket_return,return_shock,0,0.8353105337936563
zerolend_ethereum,basket_return,return_shock,1,0.20402789994134685
zerolend_ethereum,basket_return,return_shock,2,0.045592528445599884
zerolend_ethereum,basket_return,return_shock,3,0.011112576344515282
zerolend_ethereum,basket_return,return_shock,4,0.0023020728944462827
zerolend_ethereum,basket_return,return_shock,5,0.000554240209127353
zerolend_ethereum,basket_return,return_shock,6,7.185186777696892e-05
zerolend_ethereum,basket_return,return_shock,7,3.2906190841373422e-06
zerolend_ethereum,basket_return,return_shock,8,-1.5711731443786747e-05
zerolend_ethereum,basket_return,return_shock,9,-1.1533522035253253e-05
zerolend_ethereum,basket_return,return_shock,10,-8.625144903090359e-06
zerolend_ethereum,basket_return,return_shock,11,-5.5003927580226785e-06
zerolend_ethereum,basket_return,return_shock,12,-3.617369805975316e-06
zerolend_ethereum,basket_return,return_shock,13,-2.3012333146721507e-06
zerolend_ethereum,basket_return,return_shock,14,-1.4806103060040293e-06
zerolend_ethereum,basket_return,return_shock,15,-9.448234624579059e-07
zerolend_ethereum,basket_return,return_shock,16,-6.050578991492086e-07
zerolend_ethereum,basket_return,return_shock,17,-3.8663428170767324e-07
zerolend_ethereum,basket_return,return_shock,18,-2.473183787981515e-07
zerolend_ethereum,basket_return,return_shock,19,-1.5810858571292352e-07
zerolend_ethereum,basket_return,return_shock,20,-1.0110775077019161e-07
zerolend_ethereum,basket_return,return_shock,21,-6.46460974773021e-08
zerolend_ethereum,basket_return,return_shock,22,-4.133681790254399e-08
zerolend_ethereum,basket_return,return_shock,23,-2.6430898790047576e-08
zerolend_ethereum,basket_return,return_shock,24,-1.690040938242802e-08
zerolend_ethereum,basket_return,return_shock,25,-1.0806298619805237e-08
zerolend_ethereum,basket_return,return_shock,26,-6.909707011937812e-09
zerolend_ethereum,basket_return,return_shock,27,-4.418152920882212e-09
zerolend_ethereum,basket_return,return_shock,28,-2.8250274866238974e-09
zerolend_ethereum,basket_return,return_shock,29,-1.8063594477665976e-09
zerolend_ethereum,basket_return,return_shock,30,-1.1550104230223593e-09
zerolend_ethereum,basket_return,liquidation_shock,0,0.0
zerolend_ethereum,basket_return,liquidation_shock,1,-0.0020328348413376613
zerolend_ethereum,basket_return,liquidation_shock,2,0.0002944722575049095
zerolend_ethereum,basket_return,liquidation_shock,3,-0.00013390939239403727
zerolend_ethereum,basket_return,liquidation_shock,4,7.442534935780834e-05
zerolend_ethereum,basket_return,liquidation_shock,5,5.218221666762428e-06
zerolend_ethereum,basket_return,liquidation_shock,6,2.045964806081405e-05
zerolend_ethereum,basket_return,liquidation_shock,7,7.924967971697778e-06
zerolend_ethereum,basket_return,liquidation_shock,8,6.965222243715286e-06
zerolend_ethereum,basket_return,liquidation_shock,9,3.845620301462033e-06
zerolend_ethereum,basket_return,liquidation_shock,10,2.673148838622738e-06
zerolend_ethereum,basket_return,liquidation_shock,11,1.6385689874157821e-06
zerolend_ethereum,basket_return,liquidation_shock,12,1.0721164137825064e-06
zerolend_ethereum,basket_return,liquidation_shock,13,6.773633470131038e-07
zerolend_ethereum,basket_return,liquidation_shock,14,4.3590501121368793e-07
zerolend_ethereum,basket_return,liquidation_shock,15,2.7778373220513886e-07
zerolend_ethereum,basket_return,liquidation_shock,16,1.779383426434453e-07
zerolend_ethereum,basket_return,liquidation_shock,17,1.1366810219436486e-07
zerolend_ethereum,basket_return,liquidation_shock,18,7.27175728491795e-08
zerolend_ethereum,basket_return,liquidation_shock,19,4.6484169252892094e-08
zerolend_ethereum,basket_return,liquidation_shock,20,2.9726804604155368e-08
zerolend_ethereum,basket_return,liquidation_shock,21,1.9006287921308896e-08
zerolend_ethereum,basket_return,liquidation_shock,22,1.2153356058080062e-08
zerolend_ethereum,basket_return,liquidation_shock,23,7.770853492232175e-09
zerolend_ethereum,basket_return,liquidation_shock,24,4.968842360312153e-09
zerolend_ethereum,basket_return,liquidation_shock,25,3.1771249674448018e-09
zerolend_ethereum,basket_return,liquidation_shock,26,2.0315022494924037e-09
zerolend_ethereum,basket_return,liquidation_shock,27,1.2989673474442757e-09
zerolend_ethereum,basket_return,liquidation_shock,28,8.305776966798493e-10
zerolend_ethereum,basket_return,liquidation_shock,29,5.310821570593776e-10
zerolend_ethereum,basket_return,liquidation_shock,30,3.395810651284513e-10
zerolend_ethereum,liquidation,return_shock,0,-0.12418538894603313
zerolend_ethereum,liquidation,return_shock,1,-0.08828611724660103
zerolend_ethereum,liquidation,return_shock,2,-0.13834696854175754
zerolend_ethereum,liquidation,return_shock,3,-0.08087305099053839
zerolend_ethereum,liquidation,return_shock,4,-0.05898556403341466
zerolend_ethereum,liquidation,return_shock,5,-0.03634791974345322
zerolend_ethereum,liquidation,return_shock,6,-0.023960673196336654
zerolend_ethereum,liquidation,return_shock,7,-0.015136651259590902
zerolend_ethereum,liquidation,return_shock,8,-0.009754867552116932
zerolend_ethereum,liquidation,return_shock,9,-0.006214782050917008
zerolend_ethereum,liquidation,return_shock,10,-0.0039822313010202046
zerolend_ethereum,liquidation,return_shock,11,-0.002543615654944689
zerolend_ethereum,liquidation,return_shock,12,-0.0016273694378166428
zerolend_ethereum,liquidation,return_shock,13,-0.0010402500347308494
zerolend_ethereum,liquidation,return_shock,14,-0.0006652574963181122
zerolend_ethereum,liquidation,return_shock,15,-0.0004253384621058481
zerolend_ethereum,liquidation,return_shock,16,-0.0002719793830348981
zerolend_ethereum,liquidation,return_shock,17,-0.00017390308024107804
zerolend_ethereum,liquidation,return_shock,18,-0.00011119735005795902
zerolend_ethereum,liquidation,return_shock,19,-7.110058480071483e-05
zerolend_ethereum,liquidation,return_shock,20,-4.54628197237929e-05
zerolend_ethereum,liquidation,return_shock,21,-2.906947563559755e-05
zerolend_ethereum,liquidation,return_shock,22,-1.8587427196433156e-05
zerolend_ethereum,liquidation,return_shock,23,-1.1885041396953316e-05
zerolend_ethereum,liquidation,return_shock,24,-7.599455372710588e-06
zerolend_ethereum,liquidation,return_shock,25,-4.859191922618809e-06
zerolend_ethereum,liquidation,return_shock,26,-3.1070320643501587e-06
zerolend_ethereum,liquidation,return_shock,27,-1.9866774637043397e-06
zerolend_ethereum,liquidation,return_shock,28,-1.2703079708601821e-06
zerolend_ethereum,liquidation,return_shock,29,-8.122517699280765e-07
zerolend_ethereum,liquidation,return_shock,30,-5.193645672767365e-07
zerolend_ethereum,liquidation,liquidation_shock,0,0.15618517875958124
zerolend_ethereum,liquidation,liquidation_shock,1,0.046295803791630896
zerolend_ethereum,liquidation,liquidation_shock,2,0.04814591388158371
zerolend_ethereum,liquidation,liquidation_shock,3,0.024595537553371506
zerolend_ethereum,liquidation,liquidation_shock,4,0.017845971156548318
zerolend_ethereum,liquidation,liquidation_shock,5,0.010697952691139783
zerolend_ethereum,liquidation,liquidation_shock,6,0.007083203442444902
zerolend_ethereum,liquidation,liquidation_shock,7,0.004447102816055513
zerolend_ethereum,liquidation,liquidation_shock,8,0.002871384111361378
zerolend_ethereum,liquidation,liquidation_shock,9,0.0018265801096988316
zerolend_ethereum,liquidation,liquidation_shock,10,0.001171135392406305
zerolend_ethereum,liquidation,liquidation_shock,11,0.0007477574356930404
zerolend_ethereum,liquidation,liquidation_shock,12,0.00047849288422326884
zerolend_ethereum,liquidation,liquidation_shock,13,0.0003058304386086377
zerolend_ethereum,liquidation,liquidation_shock,14,0.0001955941591946494
zerolend_ethereum,liquidation,liquidation_shock,15,0.00012505123296468662
zerolend_ethereum,liquidation,liquidation_shock,16,7.996425392857583e-05
zerolend_ethereum,liquidation,liquidation_shock,17,5.112856706571617e-05
zerolend_ethereum,liquidation,liquidation_shock,18,3.269283969451866e-05
zerolend_ethereum,liquidation,liquidation_shock,19,2.0904047565030136e-05
zerolend_ethereum,liquidation,liquidation_shock,20,1.336638925343245e-05
zerolend_ethereum,liquidation,liquidation_shock,21,8.54662512268358e-06
zerolend_ethereum,liquidation,liquidation_shock,22,5.4648328761272235e-06
zerolend_ethereum,liquidation,liquidation_shock,23,3.4942842046210395e-06
zerolend_ethereum,liquidation,liquidation_shock,24,2.2342925462088802e-06
zerolend_ethereum,liquidation,liquidation_shock,25,1.4286360287278738e-06
zerolend_ethereum,liquidation,liquidation_shock,26,9.134889378992813e-07
zerolend_ethereum,liquidation,liquidation_shock,27,5.840969204397632e-07
zerolend_ethereum,liquidation,liquidation_shock,28,3.734793356886214e-07
zerolend_ethereum,liquidation,liquidation_shock,29,2.388076412914762e-07
zerolend_ethereum,liquidation,liquidation_shock,30,1.5269677720096692e-07
zerolend_linea,basket_return,return_shock,0,0.9479477294356423
zerolend_linea,basket_return,return_shock,1,-0.04378387094937762
zerolend_linea,basket_return,return_shock,2,0.025244398743493015
zerolend_linea,basket_return,return_shock,3,-0.008915628696250797
zerolend_linea,basket_return,return_shock,4,-0.0015749684731467257
zerolend_linea,basket_return,return_shock,5,-0.002045822124424256
zerolend_linea,basket_return,return_shock,6,-0.0008357108565946427
zerolend_linea,basket_return,return_shock,7,-0.0005340492562346555
zerolend_linea,basket_return,return_shock,8,-0.0002621223534896636
zerolend_linea,basket_return,return_shock,9,-0.00014783246261542123
zerolend_linea,basket_return,return_shock,10,-7.683003054243343e-05
zerolend_linea,basket_return,return_shock,11,-4.182698849354209e-05
zerolend_linea,basket_return,return_shock,12,-2.2157781860773514e-05
zerolend_linea,basket_return,return_shock,13,-1.1925884481921352e-05
zerolend_linea,basket_return,return_shock,14,-6.359180670667979e-06
zerolend_linea,basket_return,return_shock,15,-3.4094712974705294e-06
zerolend_linea,basket_return,return_shock,16,-1.8221168252357873e-06
zerolend_linea,basket_return,return_shock,17,-9.75631445318954e-07
zerolend_linea,basket_return,return_shock,18,-5.218106520814303e-07
zerolend_linea,basket_return,return_shock,19,-2.7926960946525434e-07
zerolend_linea,basket_return,return_shock,20,-1.4940586686045987e-07
zerolend_linea,basket_return,return_shock,21,-7.994838234355208e-08
zerolend_linea,basket_return,return_shock,22,-4.2775396889819346e-08
zerolend_linea,basket_return,return_shock,23,-2.2888235974696574e-08
zerolend_linea,basket_return,return_shock,24,-1.224646250757448e-08
zerolend_linea,basket_return,return_shock,25,-6.552706525011161e-09
zerolend_linea,basket_return,return_shock,26,-3.506096642282766e-09
zerolend_linea,basket_return,return_shock,27,-1.8759925218161978e-09
zerolend_linea,basket_return,return_shock,28,-1.0037739908344415e-09
zerolend_linea,basket_return,return_shock,29,-5.37083952171125e-10
zerolend_linea,basket_return,return_shock,30,-2.8737407684800293e-10
zerolend_linea,basket_return,liquidation_shock,0,0.0
zerolend_linea,basket_return,liquidation_shock,1,0.00877792286997705
zerolend_linea,basket_return,liquidation_shock,2,0.013721123929240818
zerolend_linea,basket_return,liquidation_shock,3,0.004700772650612893
zerolend_linea,basket_return,liquidation_shock,4,0.0037140746983552945
zerolend_linea,basket_return,liquidation_shock,5,0.0016138842552673783
zerolend_linea,basket_return,liquidation_shock,6,0.0009925153770400377
zerolend_linea,basket_return,liquidation_shock,7,0.0004905201241380776
zerolend_linea,basket_return,liquidation_shock,8,0.00027557517700746594
zerolend_linea,basket_return,liquidation_shock,9,0.00014332265046278027
zerolend_linea,basket_return,liquidation_shock,10,7.799684923971288e-05
zerolend_linea,basket_return,liquidation_shock,11,4.1320992621847217e-05
zerolend_linea,basket_return,liquidation_shock,12,2.2239463008944212e-05
zerolend_linea,basket_return,liquidation_shock,13,1.185859794866463e-05
zerolend_linea,basket_return,liquidation_shock,14,6.358000843521719e-06
zerolend_linea,basket_return,liquidation_shock,15,3.3978804846591924e-06
zerolend_linea,basket_return,liquidation_shock,16,1.8193602823431839e-06
zerolend_linea,basket_return,liquidation_shock,17,9.730723999434649e-07
zerolend_linea,basket_return,liquidation_shock,18,5.20782419454458e-07
zerolend_linea,basket_return,liquidation_shock,19,2.7861213583886103e-07
zerolend_linea,basket_return,liquidation_shock,20,1.4908783638669678e-07
zerolend_linea,basket_return,liquidation_shock,21,7.976759308424972e-08
zerolend_linea,basket_return,liquidation_shock,22,4.268200537941476e-08
zerolend_linea,basket_return,liquidation_shock,23,2.2837213882072612e-08
zerolend_linea,basket_return,liquidation_shock,24,1.221949332528392e-08
zerolend_linea,basket_return,liquidation_shock,25,6.538172168565762e-09
zerolend_linea,basket_return,liquidation_shock,26,3.4983525923980274e-09
zerolend_linea,basket_return,liquidation_shock,27,1.87183865145151e-09
zerolend_linea,basket_return,liquidation_shock,28,1.001554647880934e-09
zerolend_linea,basket_return,liquidation_shock,29,5.358954411308494e-10
zerolend_linea,basket_return,liquidation_shock,30,2.867384685154821e-10
zerolend_linea,liquidation,return_shock,0,-0.15755916448487584
zerolend_linea,liquidation,return_shock,1,-0.2178060656151046
zerolend_linea,liquidation,return_shock,2,-0.0751883254156786
zerolend_linea,liquidation,return_shock,3,-0.05897226391782516
zerolend_linea,liquidation,return_shock,4,-0.02564024188314729
zerolend_linea,liquidation,return_shock,5,-0.015759514155381165
zerolend_linea,liquidation,return_shock,6,-0.007788669990389408
zerolend_linea,liquidation,return_shock,7,-0.004375606901061547
zerolend_linea,liquidation,return_shock,8,-0.002275639632862668
zerolend_linea,liquidation,return_shock,9,-0.0012384278584149546
zerolend_linea,liquidation,return_shock,10,-0.0006560847385793999
zerolend_linea,liquidation,return_shock,11,-0.0003531149182007896
zerolend_linea,liquidation,return_shock,12,-0.0001882883427977626
zerolend_linea,liquidation,return_shock,13,-0.00010095123935908204
zerolend_linea,liquidation,return_shock,14,-5.395088527829711e-05
zerolend_linea,liquidation,return_shock,15,-2.8887471978573893e-05
zerolend_linea,liquidation,return_shock,16,-1.5450259335469087e-05
zerolend_linea,liquidation,return_shock,17,-8.268886992521747e-06
zerolend_linea,liquidation,return_shock,18,-4.423751256067189e-06
zerolend_linea,liquidation,return_shock,19,-2.3671889457127617e-06
zerolend_linea,liquidation,return_shock,20,-1.2665349384761106e-06
zerolend_linea,liquidation,return_shock,21,-6.776969292978226e-07
zerolend_linea,liquidation,return_shock,22,-3.626050199669797e-07
zerolend_linea,liquidation,return_shock,23,-1.9401883680141887e-07
zerolend_linea,liquidation,return_shock,24,-1.0381187799129125e-07
zerolend_linea,liquidation,return_shock,25,-5.5546190067034916e-08
zerolend_linea,liquidation,return_shock,26,-2.972070496444017e-08
zerolend_linea,liquidation,return_shock,27,-1.5902497907135542e-08
zerolend_linea,liquidation,return_shock,28,-8.50884786169704e-09
zerolend_linea,liquidation,return_shock,29,-4.552779924251075e-09
zerolend_linea,liquidation,return_shock,30,-2.4360279665160573e-09
zerolend_linea,liquidation,liquidation_shock,0,0.5062308618091194
zerolend_linea,liquidation,liquidation_shock,1,0.13022435277451141
zerolend_linea,liquidation,liquidation_shock,2,0.11321324456154239
zerolend_linea,liquidation,liquidation_shock,3,0.04746670816910543
zerolend_linea,liquidation,liquidation_shock,4,0.029496369114324288
zerolend_linea,liquidation,liquidation_shock,5,0.014511413937279262
zerolend_linea,liquidation,liquidation_shock,6,0.00816352075327039
zerolend_linea,liquidation,liquidation_shock,7,0.0042430539228481695
zerolend_linea,liquidation,liquidation_shock,8,0.0023095881241700536
zerolend_linea,liquidation,liquidation_shock,9,0.0012234357456744442
zerolend_linea,liquidation,liquidation_shock,10,0.000658498548655196
zerolend_linea,liquidation,liquidation_shock,11,0.0003511179306664954
zerolend_linea,liquidation,liquidation_shock,12,0.00018825468294347424
zerolend_linea,liquidation,liquidation_shock,13,0.00010060745454798701
zerolend_linea,liquidation,liquidation_shock,14,5.38694482422087e-05
zerolend_linea,liquidation,liquidation_shock,15,2.8811638261475206e-05
zerolend_linea,liquidation,liquidation_shock,16,1.5419834147141682e-05
zerolend_linea,liquidation,liquidation_shock,17,8.24941349256152e-06
zerolend_linea,liquidation,liquidation_shock,18,4.4143367117048925e-06
zerolend_linea,liquidation,liquidation_shock,19,2.361835326045928e-06
zerolend_linea,liquidation,liquidation_shock,20,1.2637699134210176e-06
zerolend_linea,liquidation,liquidation_shock,21,6.76186154855537e-07
zerolend_linea,liquidation,liquidation_shock,22,3.618065104087919e-07
zerolend_linea,liquidation,liquidation_shock,23,1.9358848333514805e-07
zerolend_linea,liquidation,liquidation_shock,24,1.035825866924215e-07
zerolend_linea,liquidation,liquidation_shock,25,5.542319765977253e-08
zerolend_linea,liquidation,liquidation_shock,26,2.9654992720592237e-08
zerolend_linea,liquidation,liquidation_shock,27,1.5867307268436432e-08
zerolend_linea,liquidation,liquidation_shock,28,8.490028178628678e-09
zerolend_linea,liquidation,liquidation_shock,29,4.542707181524125e-09
zerolend_linea,liquidation,liquidation_shock,30,2.4306393511794524e-09
zerolend_zksync,basket_return,return_shock,0,0.9305498905988561
zerolend_zksync,basket_return,return_shock,1,-0.06997471340758818
zerolend_zksync,basket_return,return_shock,2,0.012374180735718665
zerolend_zksync,basket_return,return_shock,3,5.338178514875318e-05
zerolend_zksync,basket_return,return_shock,4,0.0003006550577805735
zerolend_zksync,basket_return,return_shock,5,4.285660319738312e-05
zerolend_zksync,basket_return,return_shock,6,1.3054196758386059e-05
zerolend_zksync,basket_return,return_shock,7,2.821576145953653e-06
zerolend_zksync,basket_return,return_shock,8,6.997127473446073e-07
zerolend_zksync,basket_return,return_shock,9,1.63667414554715e-07
zerolend_zksync,basket_return,return_shock,10,3.922443481438705e-08
zerolend_zksync,basket_return,return_shock,11,9.305103664002807e-09
zerolend_zksync,basket_return,return_shock,12,2.2168581912335374e-09
zerolend_zksync,basket_return,return_shock,13,5.272042132586084e-10
zerolend_zksync,basket_return,return_shock,14,1.2547132844653856e-10
zerolend_zksync,basket_return,return_shock,15,2.9852052678540335e-11
zerolend_zksync,basket_return,return_shock,16,7.10331049149652e-12
zerolend_zksync,basket_return,return_shock,17,1.6901435011998088e-12
zerolend_zksync,basket_return,return_shock,18,4.0215764734153924e-13
zerolend_zksync,basket_return,return_shock,19,9.568963754826044e-14
zerolend_zksync,basket_return,return_shock,20,2.2768542713036625e-14
zerolend_zksync,basket_return,return_shock,21,5.417573705155824e-15
zerolend_zksync,basket_return,return_shock,22,1.2890647377777747e-15
zerolend_zksync,basket_return,return_shock,23,3.06721698352918e-16
zerolend_zksync,basket_return,return_shock,24,7.298175887185296e-17
zerolend_zksync,basket_return,return_shock,25,1.736537350041735e-17
zerolend_zksync,basket_return,return_shock,26,4.131939377710466e-18
zerolend_zksync,basket_return,return_shock,27,9.831589781783198e-19
zerolend_zksync,basket_return,return_shock,28,2.3393411463241535e-19
zerolend_zksync,basket_return,return_shock,29,5.566258470562501e-20
zerolend_zksync,basket_return,return_shock,30,1.3244427145818415e-20
zerolend_zksync,basket_return,liquidation_shock,0,0.0
zerolend_zksync,basket_return,liquidation_shock,1,-0.01663044518655952
zerolend_zksync,basket_return,liquidation_shock,2,-0.002300590741740184
zerolend_zksync,basket_return,liquidation_shock,3,-0.0007123994302597278
zerolend_zksync,basket_return,liquidation_shock,4,-0.00015307498775512152
zerolend_zksync,basket_return,liquidation_shock,5,-3.805979671160176e-05
zerolend_zksync,basket_return,liquidation_shock,6,-8.892949659837126e-06
zerolend_zksync,basket_return,liquidation_shock,7,-2.1322402743936923e-06
zerolend_zksync,basket_return,liquidation_shock,8,-5.057303735317008e-07
zerolend_zksync,basket_return,liquidation_shock,9,-1.2049526076934288e-07
zerolend_zksync,basket_return,liquidation_shock,10,-2.865474886417612e-08
zerolend_zksync,basket_return,liquidation_shock,11,-6.819746416993073e-09
zerolend_zksync,basket_return,liquidation_shock,12,-1.6225400287256025e-09
zerolend_zksync,basket_return,liquidation_shock,13,-3.860851250231696e-10
zerolend_zksync,basket_return,liquidation_shock,14,-9.186401255415407e-11
zerolend_zksync,basket_return,liquidation_shock,15,-2.1858398886848264e-11
zerolend_zksync,basket_return,liquidation_shock,16,-5.200999930060378e-12
zerolend_zksync,basket_return,liquidation_shock,17,-1.237534187494278e-12
zerolend_zksync,basket_return,liquidation_shock,18,-2.944603240274624e-13
zerolend_zksync,basket_return,liquidation_shock,19,-7.006428448926311e-14
zerolend_zksync,basket_return,liquidation_shock,20,-1.6671184608128572e-14
zerolend_zksync,basket_return,liquidation_shock,21,-3.966763305262133e-15
zerolend_zksync,basket_return,liquidation_shock,22,-9.438567579441428e-16
zerolend_zksync,basket_return,liquidation_shock,23,-2.245824949594534e-16
zerolend_zksync,basket_return,liquidation_shock,24,-5.343744814244417e-17
zerolend_zksync,basket_return,liquidation_shock,25,-1.2714975296728284e-17
zerolend_zksync,basket_return,liquidation_shock,26,-3.025417607754265e-18
zerolend_zksync,basket_return,liquidation_shock,27,-7.198717649203986e-19
zerolend_zksync,basket_return,liquidation_shock,28,-1.7128721550643753e-19
zerolend_zksync,basket_return,liquidation_shock,29,-4.075630081536079e-20
zerolend_zksync,basket_return,liquidation_shock,30,-9.697606742890153e-21
zerolend_zksync,liquidation,return_shock,0,-0.11694487319862264
zerolend_zksync,liquidation,return_shock,1,-0.2118662758068361
zerolend_zksync,liquidation,return_shock,2,-0.03208036761440891
zerolend_zksync,liquidation,return_shock,3,-0.00945914350300496
zerolend_zksync,liquidation,return_shock,4,-0.0020688517124432693
zerolend_zksync,liquidation,return_shock,5,-0.0005103803492696422
zerolend_zksync,liquidation,return_shock,6,-0.00011963619928489298
zerolend_zksync,liquidation,return_shock,7,-2.864611496533426e-05
zerolend_zksync,liquidation,return_shock,8,-6.798192117079251e-06
zerolend_zksync,liquidation,return_shock,9,-1.6193536661390652e-06
zerolend_zksync,liquidation,return_shock,10,-3.8513349508942204e-07
zerolend_zksync,liquidation,return_shock,11,-9.16568503935067e-08
zerolend_zksync,liquidation,return_shock,12,-2.1807187073878893e-08
zerolend_zksync,liquidation,return_shock,13,-5.189005705655799e-09
zerolend_zksync,liquidation,return_shock,14,-1.234661223721658e-09
zerolend_zksync,liquidation,return_shock,15,-2.9377862406266035e-10
zerolend_zksync,liquidation,return_shock,16,-6.990189099609479e-11
zerolend_zksync,liquidation,return_shock,17,-1.663256330897888e-11
zerolend_zksync,liquidation,return_shock,18,-3.957571829205465e-12
zerolend_zksync,liquidation,return_shock,19,-9.416699129813334e-13
zerolend_zksync,liquidation,return_shock,20,-2.240621356546718e-13
zerolend_zksync,liquidation,return_shock,21,-5.331363503107056e-14
zerolend_zksync,liquidation,return_shock,22,-1.2685514860943115e-14
zerolend_zksync,liquidation,return_shock,23,-3.0184077720712345e-15
zerolend_zksync,liquidation,return_shock,24,-7.182038337532508e-16
zerolend_zksync,liquidation,return_shock,25,-1.708903459972011e-16
zerolend_zksync,liquidation,return_shock,26,-4.066186915468489e-17
zerolend_zksync,liquidation,return_shock,27,-9.675137553653487e-18
zerolend_zksync,liquidation,return_shock,28,-2.3021146987420205e-18
zerolend_zksync,liquidation,return_shock,29,-5.47768138418141e-19
zerolend_zksync,liquidation,return_shock,30,-1.3033665682132811e-19
zerolend_zksync,liquidation,liquidation_shock,0,0.5159635146355378
zerolend_zksync,liquidation,liquidation_shock,1,0.11226536370456586
zerolend_zksync,liquidation,liquidation_shock,2,0.0277587844782428
zerolend_zksync,liquidation,liquidation_shock,3,0.006500752086783293
zerolend_zksync,liquidation,liquidation_shock,4,0.0015571770748605681
zerolend_zksync,liquidation,liquidation_shock,5,0.0003694828435058336
zerolend_zksync,liquidation,liquidation_shock,6,8.80182034604587e-05
zerolend_zksync,liquidation,liquidation_shock,7,2.093290747777388e-05
zerolend_zksync,liquidation,liquidation_shock,8,4.981824663387768e-06
zerolend_zksync,liquidation,liquidation_shock,9,1.1852800164156791e-06
zerolend_zksync,liquidation,liquidation_shock,10,2.820371909876581e-07
zerolend_zksync,liquidation,liquidation_shock,11,6.710728308871359e-08
zerolend_zksync,liquidation,liquidation_shock,12,1.5967693990563847e-08
zerolend_zksync,liquidation,liquidation_shock,13,3.799363670697624e-09
zerolend_zksync,liquidation,liquidation_shock,14,9.040264861703885e-10
zerolend_zksync,liquidation,liquidation_shock,15,2.1510512785794341e-10
zerolend_zksync,liquidation,liquidation_shock,16,5.1182401250182167e-11
zerolend_zksync,liquidation,liquidation_shock,17,1.2178405531792276e-11
zerolend_zksync,liquidation,liquidation_shock,18,2.897745606061916e-12
zerolend_zksync,liquidation,liquidation_shock,19,6.894933143612639e-13
zerolend_zksync,liquidation,liquidation_shock,20,1.6405892881767783e-13
zerolend_zksync,liquidation,liquidation_shock,21,3.903639286623086e-14
zerolend_zksync,liquidation,liquidation_shock,22,9.288369638658327e-15
zerolend_zksync,liquidation,liquidation_shock,23,2.2100866417812087e-15
zerolend_zksync,liquidation,liquidation_shock,24,5.258708640178508e-16
zerolend_zksync,liquidation,liquidation_shock,25,1.2512639112123737e-16
zerolend_zksync,liquidation,liquidation_shock,26,2.9772734768186347e-17
zerolend_zksync,liquidation,liquidation_shock,27,7.084162881975242e-18
zerolend_zksync,liquidation,liquidation_shock,28,1.6856148462698073e-18
zerolend_zksync,liquidation,liquidation_shock,29,4.010773689537738e-19
zerolend_zksync,liquidation,liquidation_shock,30,9.543286608052816e-20
