csu,variable,shock,horizon,irf
aave_v2_polygon,basket_return,return_shock,0,0.9839350237342728
aave_v2_polygon,basket_return,return_shock,1,-0.08042828034197833
aave_v2_polygon,basket_return,return_shock,2,0.06249145831998765
aave_v2_polygon,basket_return,return_shock,3,-0.048561324221886734
aave_v2_polygon,basket_return,return_shock,4,-0.021199106147820085
aave_v2_polygon,basket_return,return_shock,5,-0.037340099193069014
aave_v2_polygon,basket_return,return_shock,6,0.017391620581087702
aave_v2_polygon,basket_return,return_shock,7,0.008131405677451386
aave_v2_polygon,basket_return,return_shock,8,0.0038000184998326744
aave_v2_polygon,basket_return,return_shock,9,-0.0010332801750390442
aave_v2_polygon,basket_return,return_shock,10,0.00035663739724092156
aave_v2_polygon,basket_return,return_shock,11,-0.00017352544857038163
aave_v2_polygon,basket_return,return_shock,12,7.557498494145196e-05
aave_v2_polygon,basket_return,return_shock,13,0.00042284849097294424
aave_v2_polygon,basket_return,return_shock,14,0.00045623918191330895
aave_v2_polygon,basket_return,return_shock,15,0.00029393468474284016
aave_v2_polygon,basket_return,return_shock,16,0.0001829368858420223
aave_v2_polygon,basket_return,return_shock,17,0.00017525609176394572
aave_v2_polygon,basket_return,return_shock,18,0.0001510337290705484
aave_v2_polygon,basket_return,return_shock,19,0.00013579763394931907
aave_v2_polygon,basket_return,return_shock,20,0.00011909993498528783
aave_v2_polygon,basket_return,return_shock,21,0.0001062244122573817
aave_v2_polygon,basket_return,return_shock,22,8.971115698306077e-05
aave_v2_polygon,basket_return,return_shock,23,7.686944471709701e-05
aave_v2_polygon,basket_return,return_shock,24,6.633190330418414e-05
aave_v2_polygon,basket_return,return_shock,25,5.768751301691177e-05
aave_v2_polygon,basket_return,return_shock,26,4.9895376757328835e-05
aave_v2_polygon,basket_return,return_shock,27,4.321831973601217e-05
aave_v2_polygon,basket_return,return_shock,28,3.740237841666541e-05
aave_v2_polygon,basket_return,return_shock,29,3.2345664531705125e-05
aave_v2_polygon,basket_return,return_shock,30,2.7962263823487322e-05
aave_v2_polygon,basket_return,liquidation_shock,0,0.0
aave_v2_polygon,basket_return,liquidation_shock,1,-0.020712440749754254
aave_v2_polygon,basket_return,liquidation_shock,2,0.10600698771573058
aave_v2_polygon,basket_return,liquidation_shock,3,-0.023003303618671558
aave_v2_polygon,basket_return,liquidation_shock,4,-0.03956635428365615
aave_v2_polygon,basket_return,liquidation_shock,5,-0.03242084222736022
aave_v2_polygon,basket_return,liquidation_shock,6,-0.004004663559576122
aave_v2_polygon,basket_return,liquidation_shock,7,-0.011817592002101895
aave_v2_polygon,basket_return,liquidation_shock,8,-0.007811000706837252
aave_v2_polygon,basket_return,liquidation_shock,9,-0.007329247131004584
aave_v2_polygon,basket_return,liquidation_shock,10,-0.006129681250602948
aave_v2_polygon,basket_return,liquidation_shock,11,-0.0065100499086235995
aave_v2_polygon,basket_return,liquidation_shock,12,-0.005275066262295523
aave_v2_polygon,basket_return,liquidation_shock,13,-0.004385037733171126
aave_v2_polygon,basket_return,liquidation_shock,14,-0.003750915661111435
aave_v2_polygon,basket_return,liquidation_shock,15,-0.0032994083731777406
aave_v2_polygon,basket_return,liquidation_shock,16,-0.0028432233961007396
aave_v2_polygon,basket_return,liquidation_shock,17,-0.0024617934040597924
aave_v2_polygon,basket_return,liquidation_shock,18,-0.0021406997688916112
aave_v2_polygon,basket_return,liquidation_shock,19,-0.0018511458344522926
aave_v2_polygon,basket_return,liquidation_shock,20,-0.0015978161321568616
aave_v2_polygon,basket_return,liquidation_shock,21,-0.0013809402046102417
aave_v2_polygon,basket_return,liquidation_shock,22,-0.001195784380877966
aave_v2_polygon,basket_return,liquidation_shock,23,-0.0010344267746432102
aave_v2_polygon,basket_return,liquidation_shock,24,-0.0008949485824047285
aave_v2_polygon,basket_return,liquidation_shock,25,-0.0007742532561817142
aave_v2_polygon,basket_return,liquidation_shock,26,-0.0006698718013708189
aave_v2_polygon,basket_return,liquidation_shock,27,-0.0005794325567727018
aave_v2_polygon,basket_return,liquidation_shock,28,-0.0005012549488679421
aave_v2_polygon,basket_return,liquidation_shock,29,-0.00043364360896831576
aave_v2_polygon,basket_return,liquidation_shock,30,-0.0003751547976337665
aave_v2_polygon,liquidation,return_shock,0,-0.09412593054890285
aave_v2_polygon,liquidation,return_shock,1,-0.21806166947797925
aave_v2_polygon,liquidation,return_shock,2,-0.043522820961788375
aave_v2_polygon,liquidation,return_shock,3,-0.09135833146479364
aave_v2_polygon,liquidation,return_shock,4,0.007662175426513767
aave_v2_polygon,liquidation,return_shock,5,0.034893254054333404
aave_v2_polygon,liquidation,return_shock,6,-0.013703980038991148
aave_v2_polygon,liquidation,return_shock,7,-0.012306854497353924
aave_v2_polygon,liquidation,return_shock,8,-0.010667806618185635
aave_v2_polygon,liquidation,return_shock,9,-0.0058048766184667375
aave_v2_polygon,liquidation,return_shock,10,-0.007097422479441267
aave_v2_polygon,liquidation,return_shock,11,-0.004192026384385474
aave_v2_polygon,liquidation,return_shock,12,-0.0038167783041456313
aave_v2_polygon,liquidation,return_shock,13,-0.003413830726819127
aave_v2_polygon,liquidation,return_shock,14,-0.003310390921935369
aave_v2_polygon,liquidation,return_shock,15,-0.002729181098456669
aave_v2_polygon,liquidation,return_shock,16,-0.002355450375976036
aave_v2_polygon,liquidation,return_shock,17,-0.0020263029847824
aave_v2_polygon,liquidation,return_shock,18,-0.0017542843263272127
aave_v2_polygon,liquidation,return_shock,19,-0.001508781783046786
aave_v2_polygon,liquidation,return_shock,20,-0.0013102513661523818
aave_v2_polygon,liquidation,return_shock,21,-0.0011372664024509043
aave_v2_polygon,liquidation,return_shock,22,-0.0009832985357747224
aave_v2_polygon,liquidation,return_shock,23,-0.0008497982677491977
aave_v2_polygon,liquidation,return_shock,24,-0.000734984813570195
aave_v2_polygon,liquidation,return_shock,25,-0.0006359590982880325
aave_v2_polygon,liquidation,return_shock,26,-0.0005500507171224683
aave_v2_polygon,liquidation,return_shock,27,-0.0004759144337430229
aave_v2_polygon,liquidation,return_shock,28,-0.00041175376058165945
aave_v2_polygon,liquidation,return_shock,29,-0.00035622280297467547
aave_v2_polygon,liquidation,return_shock,30,-0.00030814536817926346
aave_v2_polygon,liquidation,liquidation_shock,0,0.8441387046209734
aave_v2_polygon,liquidation,liquidation_shock,1,0.18157793778163528
aave_v2_polygon,liquidation,liquidation_shock,2,0.17865421040782034
aave_v2_polygon,liquidation,liquidation_shock,3,0.14337201913273256
aave_v2_polygon,liquidation,liquidation_shock,4,0.21024178856491943
aave_v2_polygon,liquidation,liquidation_shock,5,0.1603104353343911
aave_v2_polygon,liquidation,liquidation_shock,6,0.13146502994069165
aave_v2_polygon,liquidation,liquidation_shock,7,0.11808822847777052
aave_v2_polygon,liquidation,liquidation_shock,8,0.10137084298653634
aave_v2_polygon,liquidation,liquidation_shock,9,0.08556469007045815
aave_v2_polygon,liquidation,liquidation_shock,10,0.07382548869489589
aave_v2_polygon,liquidation,liquidation_shock,11,0.06531067769954353
aave_v2_polygon,liquidation,liquidation_shock,12,0.056254664044181286
aave_v2_polygon,liquidation,liquidation_shock,13,0.048580157542059604
aave_v2_polygon,liquidation,liquidation_shock,14,0.04195687919474477
aave_v2_polygon,liquidation,liquidation_shock,15,0.03637101111998472
aave_v2_polygon,liquidation,liquidation_shock,16,0.03140903986116225
aave_v2_polygon,liquidation,liquidation_shock,17,0.027180514034504652
aave_v2_polygon,liquidation,liquidation_shock,18,0.023521986697075867
aave_v2_polygon,liquidation,liquidation_shock,19,0.02035568398280944
aave_v2_polygon,liquidation,liquidation_shock,20,0.017604308093335366
aave_v2_polygon,liquidation,liquidation_shock,21,0.015229384185328909
aave_v2_polygon,liquidation,liquidation_shock,22,0.013175284156831325
aave_v2_polygon,liquidation,liquidation_shock,23,0.01139793579741457
aave_v2_polygon,liquidation,liquidation_shock,24,0.009860184005365431
aave_v2_polygon,liquidation,liquidation_shock,25,0.00853023362750028
aave_v2_polygon,liquidation,liquidation_shock,26,0.00737962281906393
aave_v2_polygon,liquidation,liquidation_shock,27,0.006384075465701431
aave_v2_polygon,liquidation,liquidation_shock,28,0.005522857301534679
aave_v2_polygon,liquidation,liquidation_shock,29,0.0047778408413484096
aave_v2_polygon,liquidation,liquidation_shock,30,0.0041333276958420056
aave_v3_arbitrum,basket_return,return_shock,0,0.9775355281273391
aave_v3_arbitrum,basket_return,return_shock,1,-0.056520365532893926
aave_v3_arbitrum,basket_return,return_shock,2,0.057036683793729996
aave_v3_arbitrum,basket_return,return_shock,3,-0.04204241515853574
aave_v3_arbitrum,basket_return,return_shock,4,-0.003853442330047051
aave_v3_arbitrum,basket_return,return_shock,5,-0.01111799408494933
aave_v3_arbitrum,basket_return,return_shock,6,-0.0016000739430281719
aave_v3_arbitrum,basket_return,return_shock,7,-0.001960807311632904
aave_v3_arbitrum,basket_return,return_shock,8,-0.00016681662243905638
aave_v3_arbitrum,basket_return,return_shock,9,-0.0002472205333511779
aave_v3_arbitrum,basket_return,return_shock,10,2.160310383800853e-05
aave_v3_arbitrum,basket_return,return_shock,11,-1.9140421744204518e-05
aave_v3_arbitrum,basket_return,return_shock,12,1.325741431074306e-05
aave_v3_arbitrum,basket_return,return_shock,13,1.3015143153078117e-07
aave_v3_arbitrum,basket_return,return_shock,14,3.328640364803573e-06
aave_v3_arbitrum,basket_return,return_shock,15,2.610675049836911e-07
aave_v3_arbitrum,basket_return,return_shock,16,5.846464774698766e-07
aave_v3_arbitrum,basket_return,return_shock,17,1.5523723453561693e-08
aave_v3_arbitrum,basket_return,return_shock,18,7.662236327430085e-08
aave_v3_arbitrum,basket_return,return_shock,19,-1.0668512522560724e-08
aave_v3_arbitrum,basket_return,return_shock,20,7.000146138398561e-09
aave_v3_arbitrum,basket_return,return_shock,21,-4.352279374405748e-09
aave_v3_arbitrum,basket_return,return_shock,22,3.0387761277203076e-10
aave_v3_arbitrum,basket_return,return_shock,23,-1.0235084241733885e-09
aave_v3_arbitrum,basket_return,return_shock,24,-9.736160644230758e-12
aave_v3_arbitrum,basket_return,return_shock,25,-1.788423663231564e-10
aave_v3_arbitrum,basket_return,return_shock,26,6.246597645451413e-12
aave_v3_arbitrum,basket_return,return_shock,27,-2.4392112792303786e-11
aave_v3_arbitrum,basket_return,return_shock,28,4.6108592627938595e-12
aave_v3_arbitrum,basket_return,return_shock,29,-2.5625927663408785e-12
aave_v3_arbitrum,basket_return,return_shock,30,1.4571780052662352e-12
aave_v3_arbitrum,basket_return,liquidation_shock,0,0.0
aave_v3_arbitrum,basket_return,liquidation_shock,1,-0.06149305740917017
aave_v3_arbitrum,basket_return,liquidation_shock,2,0.155854000290567
aave_v3_arbitrum,basket_return,liquidation_shock,3,0.01321225528348096
aave_v3_arbitrum,basket_return,liquidation_shock,4,0.037304068503179064
aave_v3_arbitrum,basket_return,liquidation_shock,5,0.003358450999169139
aave_v3_arbitrum,basket_return,liquidation_shock,6,0.006064146024905595
aave_v3_arbitrum,basket_return,liquidation_shock,7,4.999393180262012e-05
aave_v3_arbitrum,basket_return,liquidation_shock,8,0.0007183182703706275
aave_v3_arbitrum,basket_return,liquidation_shock,9,-0.0001540130381949208
aave_v3_arbitrum,basket_return,liquidation_shock,10,5.3887274629847354e-05
aave_v3_arbitrum,basket_return,liquidation_shock,11,-5.297768021655885e-05
aave_v3_arbitrum,basket_return,liquidation_shock,12,5.538824141102963e-07
aave_v3_arbitrum,basket_return,liquidation_shock,13,-1.1437642454323963e-05
aave_v3_arbitrum,basket_return,liquidation_shock,14,-2.5146312339152367e-07
aave_v3_arbitrum,basket_return,liquidation_shock,15,-1.8577530355240748e-06
aave_v3_arbitrum,basket_return,liquidation_shock,16,9.564177006504127e-08
aave_v3_arbitrum,basket_return,liquidation_shock,17,-2.330109491657147e-07
aave_v3_arbitrum,basket_return,liquidation_shock,18,5.943314835922866e-08
aave_v3_arbitrum,basket_return,liquidation_shock,19,-2.1681419322201892e-08
aave_v3_arbitrum,basket_return,liquidation_shock,20,1.719936174910881e-08
aave_v3_arbitrum,basket_return,liquidation_shock,21,-1.4412331315883252e-09
aave_v3_arbitrum,basket_return,liquidation_shock,22,3.5659637919011995e-09
aave_v3_arbitrum,basket_return,liquidation_shock,23,-1.5947707551677537e-10
aave_v3_arbitrum,basket_return,liquidation_shock,24,5.832982444742642e-10
aave_v3_arbitrum,basket_return,liquidation_shock,25,-6.45423616829226e-11
aave_v3_arbitrum,basket_return,liquidation_shock,26,7.737154157427157e-11
aave_v3_arbitrum,basket_return,liquidation_shock,27,-2.2479310152126288e-11
aave_v3_arbitrum,basket_return,liquidation_shock,28,8.45321931566464e-12
aave_v3_arbitrum,basket_return,liquidation_shock,29,-5.704743195607336e-12
aave_v3_arbitrum,basket_return,liquidation_shock,30,8.534737238026651e-13
aave_v3_arbitrum,liquidation,return_shock,0,-0.22797282769094518
aave_v3_arbitrum,liquidation,return_shock,1,-0.21122677819900915
aave_v3_arbitrum,liquidation,return_shock,2,-0.0814365915926354
aave_v3_arbitrum,liquidation,return_shock,3,-0.048521669132208275
aave_v3_arbitrum,liquidation,return_shock,4,-0.013978448938285792
aave_v3_arbitrum,liquidation,return_shock,5,-0.006785548895890528
aave_v3_arbitrum,liquidation,return_shock,6,-0.0011642305719116396
aave_v3_arbitrum,liquidation,return_shock,7,-0.0004968030017554518
aave_v3_arbitrum,liquidation,return_shock,8,0.00010742003593866852
aave_v3_arbitrum,liquidation,return_shock,9,3.811955340294086e-05
aave_v3_arbitrum,liquidation,return_shock,10,6.220656848410443e-05
aave_v3_arbitrum,liquidation,return_shock,11,1.9622539474074177e-05
aave_v3_arbitrum,liquidation,return_shock,12,1.352669364579076e-05
aave_v3_arbitrum,liquidation,return_shock,13,3.405070620225028e-06
aave_v3_arbitrum,liquidation,return_shock,14,1.8971353815687675e-06
aave_v3_arbitrum,liquidation,return_shock,15,2.574412822680865e-07
aave_v3_arbitrum,liquidation,return_shock,16,1.4842107062975602e-07
aave_v3_arbitrum,liquidation,return_shock,17,-3.6987357810078604e-08
aave_v3_arbitrum,liquidation,return_shock,18,-7.06108979028752e-09
aave_v3_arbitrum,liquidation,return_shock,19,-1.7862878800884567e-08
aave_v3_arbitrum,liquidation,return_shock,20,-4.637539704563414e-09
aave_v3_arbitrum,liquidation,return_shock,21,-3.806074741757186e-09
aave_v3_arbitrum,liquidation,return_shock,22,-8.000822662613356e-10
aave_v3_arbitrum,liquidation,return_shock,23,-5.39259073463808e-10
aave_v3_arbitrum,liquidation,return_shock,24,-5.0291634570374134e-11
aave_v3_arbitrum,liquidation,return_shock,25,-4.562547554722758e-11
aave_v3_arbitrum,liquidation,return_shock,26,1.2828223885519397e-11
aave_v3_arbitrum,liquidation,return_shock,27,7.446220431013763e-13
aave_v3_arbitrum,liquidation,return_shock,28,5.231520284386799e-12
aave_v3_arbitrum,liquidation,return_shock,29,1.0246546822376304e-12
aave_v3_arbitrum,liquidation,return_shock,30,1.090170605869636e-12
aave_v3_arbitrum,liquidation,liquidation_shock,0,0.9062705037556545
aave_v3_arbitrum,liquidation,liquidation_shock,1,0.2183448372039199
aave_v3_arbitrum,liquidation,liquidation_shock,2,0.15156823741749903
aave_v3_arbitrum,liquidation,liquidation_shock,3,0.03415036638185725
aave_v3_arbitrum,liquidation,liquidation_shock,4,0.018285396024078762
aave_v3_arbitrum,liquidation,liquidation_shock,5,0.001567429201094157
aave_v3_arbitrum,liquidation,liquidation_shock,6,0.0009840343847115768
aave_v3_arbitrum,liquidation,liquidation_shock,7,-0.0006373499918436587
aave_v3_arbitrum,liquidation,liquidation_shock,8,-0.0001712390489434968
aave_v3_arbitrum,liquidation,liquidation_shock,9,-0.00021967127382649585
aave_v3_arbitrum,liquidation,liquidation_shock,10,-5.775177315293754e-05
aave_v3_arbitrum,liquidation,liquidation_shock,11,-4.143060008978102e-05
aave_v3_arbitrum,liquidation,liquidation_shock,12,-8.136865993439906e-06
aave_v3_arbitrum,liquidation,liquidation_shock,13,-5.19346793575755e-06
aave_v3_arbitrum,liquidation,liquidation_shock,14,-2.3241250495125615e-07
aave_v3_arbitrum,liquidation,liquidation_shock,15,-3.257461700379919e-07
aave_v3_arbitrum,liquidation,liquidation_shock,16,2.0011995798104835e-07
aave_v3_arbitrum,liquidation,liquidation_shock,17,3.3501853502958014e-08
aave_v3_arbitrum,liquidation,liquidation_shock,18,6.33309213592969e-08
aave_v3_arbitrum,liquidation,liquidation_shock,19,1.314100455544885e-08
aave_v3_arbitrum,liquidation,liquidation_shock,20,1.1817797945545604e-08
aave_v3_arbitrum,liquidation,liquidation_shock,21,1.7702189726008544e-09
aave_v3_arbitrum,liquidation,liquidation_shock,22,1.5172330929074584e-09
aave_v3_arbitrum,liquidation,liquidation_shock,23,-5.230770866574482e-12
aave_v3_arbitrum,liquidation,liquidation_shock,24,1.1084914895443201e-10
aave_v3_arbitrum,liquidation,liquidation_shock,25,-6.427380318944054e-11
aave_v3_arbitrum,liquidation,liquidation_shock,26,-4.504530347305067e-12
aave_v3_arbitrum,liquidation,liquidation_shock,27,-1.864458168256181e-11
aave_v3_arbitrum,liquidation,liquidation_shock,28,-2.699116301659701e-12
aave_v3_arbitrum,liquidation,liquidation_shock,29,-3.440909436489755e-12
aave_v3_arbitrum,liquidation,liquidation_shock,30,-3.3072336471373217e-13
aave_v3_avalanche,basket_return,return_shock,0,0.997857296600416
aave_v3_avalanche,basket_return,return_shock,1,-0.03938011592699352
aave_v3_avalanche,basket_return,return_shock,2,0.009821791779874396
aave_v3_avalanche,basket_return,return_shock,3,0.0007475259475853258
aave_v3_avalanche,basket_return,return_shock,4,0.00025252791354633797
aave_v3_avalanche,basket_return,return_shock,5,4.607998455288849e-05
aave_v3_avalanche,basket_return,return_shock,6,1.0180631943317954e-05
aave_v3_avalanche,basket_return,return_shock,7,2.101028976528005e-06
aave_v3_avalanche,basket_return,return_shock,8,4.438384469075684e-07
aave_v3_avalanche,basket_return,return_shock,9,9.30029206149013e-08
aave_v3_avalanche,basket_return,return_shock,10,1.954274138973262e-08
aave_v3_avalanche,basket_return,return_shock,11,4.102540469868254e-09
aave_v3_avalanche,basket_return,return_shock,12,8.615215349442309e-10
aave_v3_avalanche,basket_return,return_shock,13,1.808959763389148e-10
aave_v3_avalanche,basket_return,return_shock,14,3.798473961455716e-11
aave_v3_avalanche,basket_return,return_shock,15,7.97596704366896e-12
aave_v3_avalanche,basket_return,return_shock,16,1.674787234269214e-12
aave_v3_avalanche,basket_return,return_shock,17,3.51669908329798e-13
aave_v3_avalanche,basket_return,return_shock,18,7.384328787093345e-14
aave_v3_avalanche,basket_return,return_shock,19,1.5505535003685124e-14
aave_v3_avalanche,basket_return,return_shock,20,3.255835964525614e-15
aave_v3_avalanche,basket_return,return_shock,21,6.836570019321144e-16
aave_v3_avalanche,basket_return,return_shock,22,1.4355357740946547e-16
aave_v3_avalanche,basket_return,return_shock,23,3.014322894327693e-17
aave_v3_avalanche,basket_return,return_shock,24,6.32944346233668e-18
aave_v3_avalanche,basket_return,return_shock,25,1.3290498706867078e-18
aave_v3_avalanche,basket_return,return_shock,26,2.7907249183808475e-19
aave_v3_avalanche,basket_return,return_shock,27,5.859934786139294e-20
aave_v3_avalanche,basket_return,return_shock,28,1.2304629335598598e-20
aave_v3_avalanche,basket_return,return_shock,29,2.583713106225129e-21
aave_v3_avalanche,basket_return,return_shock,30,5.4252535636955475e-22
aave_v3_avalanche,basket_return,liquidation_shock,0,0.0
aave_v3_avalanche,basket_return,liquidation_shock,1,-0.02936227715210872
aave_v3_avalanche,basket_return,liquidation_shock,2,-0.004031401376974851
aave_v3_avalanche,basket_return,liquidation_shock,3,-0.0010016134036814018
aave_v3_avalanche,basket_return,liquidation_shock,4,-0.0001990447253861219
aave_v3_avalanche,basket_return,liquidation_shock,5,-4.2614526754638805e-05
aave_v3_avalanche,basket_return,liquidation_shock,6,-8.888604664677954e-06
aave_v3_avalanche,basket_return,liquidation_shock,7,-1.8707478660242282e-06
aave_v3_avalanche,basket_return,liquidation_shock,8,-3.9250310441533973e-07
aave_v3_avalanche,basket_return,liquidation_shock,9,-8.244025084833027e-08
aave_v3_avalanche,basket_return,liquidation_shock,10,-1.7309055381825122e-08
aave_v3_avalanche,basket_return,liquidation_shock,11,-3.6346579848880253e-09
aave_v3_avalanche,basket_return,liquidation_shock,12,-7.631928773946642e-10
aave_v3_avalanche,basket_return,liquidation_shock,13,-1.602550744038524e-10
aave_v3_avalanche,basket_return,liquidation_shock,14,-3.365014534443994e-11
aave_v3_avalanche,basket_return,liquidation_shock,15,-7.065825442402308e-12
aave_v3_avalanche,basket_return,liquidation_shock,16,-1.4836743383474507e-12
aave_v3_avalanche,basket_return,liquidation_shock,17,-3.115403924694445e-13
aave_v3_avalanche,basket_return,liquidation_shock,18,-6.541692214117977e-14
aave_v3_avalanche,basket_return,liquidation_shock,19,-1.3736176495245152e-14
aave_v3_avalanche,basket_return,liquidation_shock,20,-2.8843078639889167e-15
aave_v3_avalanche,basket_return,liquidation_shock,21,-6.056439274556491e-16
aave_v3_avalanche,basket_return,liquidation_shock,22,-1.2717247386749117e-16
aave_v3_avalanche,basket_return,liquidation_shock,23,-2.670354210220739e-17
aave_v3_avalanche,basket_return,liquidation_shock,24,-5.607181640997579e-18
aave_v3_avalanche,basket_return,liquidation_shock,25,-1.1773900944017768e-18
aave_v3_avalanche,basket_return,liquidation_shock,26,-2.4722713176219274e-19
aave_v3_avalanche,basket_return,liquidation_shock,27,-5.191249269916028e-20
aave_v3_avalanche,basket_return,liquidation_shock,28,-1.0900530532496241e-20
aave_v3_avalanche,basket_return,liquidation_shock,29,-2.288881918626937e-21
aave_v3_avalanche,basket_return,liquidation_shock,30,-4.806170141717316e-22
aave_v3_avalanche,liquidation,return_shock,0,-0.19981575589871708
aave_v3_avalanche,liquidation,return_shock,1,-0.2538108021487582
aave_v3_avalanche,liquidation,return_shock,2,-0.03789733772348521
aave_v3_avalanche,liquidation,return_shock,3,-0.009076744064738637
aave_v3_avalanche,liquidation,return_shock,4,-0.0018245885777636178
aave_v3_avalanche,liquidation,return_shock,5,-0.0003890367532620384
aave_v3_avalanche,liquidation,return_shock,6,-8.12598733629986e-05
aave_v3_avalanche,liquidation,return_shock,7,-1.7094090004810082e-05
aave_v3_avalanche,liquidation,return_shock,8,-3.587129396403801e-06
aave_v3_avalanche,liquidation,return_shock,9,-7.533866083170042e-07
aave_v3_avalanche,liquidation,return_shock,10,-1.5818333732607382e-07
aave_v3_avalanche,liquidation,return_shock,11,-3.321604191110281e-08
aave_v3_avalanche,liquidation,return_shock,12,-6.974606159447904e-09
aave_v3_avalanche,liquidation,return_shock,13,-1.4645250572726582e-09
aave_v3_avalanche,liquidation,return_shock,14,-3.0751909425659783e-10
aave_v3_avalanche,liquidation,return_shock,15,-6.457255978697267e-11
aave_v3_avalanche,liquidation,return_shock,16,-1.3558876316324332e-11
aave_v3_avalanche,liquidation,return_shock,17,-2.8470786944615747e-12
aave_v3_avalanche,liquidation,return_shock,18,-5.978265758235734e-13
aave_v3_avalanche,liquidation,return_shock,19,-1.2553099532114295e-13
aave_v3_avalanche,liquidation,return_shock,20,-2.635886611423804e-14
aave_v3_avalanche,liquidation,return_shock,21,-5.534806943899167e-15
aave_v3_avalanche,liquidation,return_shock,22,-1.1621929314699996e-15
aave_v3_avalanche,liquidation,return_shock,23,-2.440360475183648e-16
aave_v3_avalanche,liquidation,return_shock,24,-5.12424321896709e-17
aave_v3_avalanche,liquidation,return_shock,25,-1.0759831932658772e-17
aave_v3_avalanche,liquidation,return_shock,26,-2.2593381748369044e-18
aave_v3_avalanche,liquidation,return_shock,27,-4.744134499725501e-19
aave_v3_avalanche,liquidation,return_shock,28,-9.961683647945578e-20
aave_v3_avalanche,liquidation,return_shock,29,-2.091743838787446e-20
aave_v3_avalanche,liquidation,return_shock,30,-4.392221678317203e-21
aave_v3_avalanche,liquidation,liquidation_shock,0,0.9294040313310815
aave_v3_avalanche,liquidation,liquidation_shock,1,0.17016420415736097
aave_v3_avalanche,liquidation,liquidation_shock,2,0.03754725879543297
aave_v3_avalanche,liquidation,liquidation_shock,3,0.007752120400763544
aave_v3_avalanche,liquidation,liquidation_shock,4,0.0016373768506827238
aave_v3_avalanche,liquidation,liquidation_shock,5,0.00034311731532479664
aave_v3_avalanche,liquidation,liquidation_shock,6,7.209809610009626e-05
aave_v3_avalanche,liquidation,liquidation_shock,7,1.5135398567852658e-05
aave_v3_avalanche,liquidation,liquidation_shock,8,3.1783827802975543e-06
aave_v3_avalanche,liquidation,liquidation_shock,9,6.673740092259542e-07
aave_v3_avalanche,liquidation,liquidation_shock,10,1.401359057244944e-07
aave_v3_avalanche,liquidation,liquidation_shock,11,2.9425487075217052e-08
aave_v3_avalanche,liquidation,liquidation_shock,12,6.178740250142659e-09
aave_v3_avalanche,liquidation,liquidation_shock,13,1.2974048260773872e-09
aave_v3_avalanche,liquidation,liquidation_shock,14,2.7242773816126474e-10
aave_v3_avalanche,liquidation,liquidation_shock,15,5.720408661626522e-11
aave_v3_avalanche,liquidation,liquidation_shock,16,1.2011654057531193e-11
aave_v3_avalanche,liquidation,liquidation_shock,17,2.522194450807783e-12
aave_v3_avalanche,liquidation,liquidation_shock,18,5.296077350095572e-13
aave_v3_avalanche,liquidation,liquidation_shock,19,1.1120647423003057e-13
aave_v3_avalanche,liquidation,liquidation_shock,20,2.335101832006385e-14
aave_v3_avalanche,liquidation,liquidation_shock,21,4.903222228529761e-15
aave_v3_avalanche,liquidation,liquidation_shock,22,1.0295734385374395e-15
aave_v3_avalanche,liquidation,liquidation_shock,23,2.1618874607220665e-16
aave_v3_avalanche,liquidation,liquidation_shock,24,4.539508516781089e-17
aave_v3_avalanche,liquidation,liquidation_shock,25,9.532012164475069e-18
aave_v3_avalanche,liquidation,liquidation_shock,26,2.0015218733035724e-18
aave_v3_avalanche,liquidation,liquidation_shock,27,4.202774545589292e-19
aave_v3_avalanche,liquidation,liquidation_shock,28,8.824941718924595e-20
aave_v3_avalanche,liquidation,liquidation_shock,29,1.8530519659719343e-20
aave_v3_avalanche,liquidation,liquidation_shock,30,3.891018998152631e-21
aave_v3_base,basket_return,return_shock,0,0.9862940850223809
aave_v3_base,basket_return,return_shock,1,-0.06924141840506741
aave_v3_base,basket_return,return_shock,2,0.08078484928451173
aave_v3_base,basket_return,return_shock,3,-0.06892320876743709
aave_v3_base,basket_return,return_shock,4,0.017164658925205013
aave_v3_base,basket_return,return_shock,5,-0.0077754699955126265
aave_v3_base,basket_return,return_shock,6,0.007256033112521805
aave_v3_base,basket_return,return_shock,7,-0.0012402981183772684
aave_v3_base,basket_return,return_shock,8,0.0016994128541798783
aave_v3_base,basket_return,return_shock,9,-0.0002997541313711482
aave_v3_base,basket_return,return_shock,10,0.0004518944375972486
aave_v3_base,basket_return,return_shock,11,8.3113922443241e-06
aave_v3_base,basket_return,return_shock,12,0.00014796124565643527
aave_v3_base,basket_return,return_shock,13,2.8198288357896202e-05
aave_v3_base,basket_return,return_shock,14,5.0800488327111246e-05
aave_v3_base,basket_return,return_shock,15,1.648186964602638e-05
aave_v3_base,basket_return,return_shock,16,1.837434584052255e-05
aave_v3_base,basket_return,return_shock,17,8.284933158146663e-06
aave_v3_base,basket_return,return_shock,18,7.064644234998945e-06
aave_v3_base,basket_return,return_shock,19,3.7552686474039997e-06
aave_v3_base,basket_return,return_shock,20,2.8251509095817975e-06
aave_v3_base,basket_return,return_shock,21,1.6313953449579168e-06
aave_v3_base,basket_return,return_shock,22,1.148439357178263e-06
aave_v3_base,basket_return,return_shock,23,6.984231902655176e-07
aave_v3_base,basket_return,return_shock,24,4.723387867711547e-07
aave_v3_base,basket_return,return_shock,25,2.955446917071878e-07
aave_v3_base,basket_return,return_shock,26,1.958875342846508e-07
aave_v3_base,basket_return,return_shock,27,1.2431157190217608e-07
aave_v3_base,basket_return,return_shock,28,8.15114727337945e-08
aave_v3_base,basket_return,return_shock,29,5.216594170317951e-08
aave_v3_base,basket_return,return_shock,30,3.3982687180519864e-08
aave_v3_base,basket_return,liquidation_shock,0,0.0
aave_v3_base,basket_return,liquidation_shock,1,0.019040743481509276
aave_v3_base,basket_return,liquidation_shock,2,-0.025397748502648462
aave_v3_base,basket_return,liquidation_shock,3,-0.02549358734166138
aave_v3_base,basket_return,liquidation_shock,4,-0.004702936379305276
aave_v3_base,basket_return,liquidation_shock,5,-0.006680875425296761
aave_v3_base,basket_return,liquidation_shock,6,-0.0036273511557132396
aave_v3_base,basket_return,liquidation_shock,7,-0.0019062387952677145
aave_v3_base,basket_return,liquidation_shock,8,-0.0015434177884181472
aave_v3_base,basket_return,liquidation_shock,9,-0.001032405328754641
aave_v3_base,basket_return,liquidation_shock,10,-0.0005696641867006846
aave_v3_base,basket_return,liquidation_shock,11,-0.00042166779821093965
aave_v3_base,basket_return,liquidation_shock,12,-0.00025934918119734557
aave_v3_base,basket_return,liquidation_shock,13,-0.00016471743867889184
aave_v3_base,basket_return,liquidation_shock,14,-0.00010963097824118227
aave_v3_base,basket_return,liquidation_shock,15,-7.06521782911933e-05
aave_v3_base,basket_return,liquidation_shock,16,-4.48521656997138e-05
aave_v3_base,basket_return,liquidation_shock,17,-2.9622411499399187e-05
aave_v3_base,basket_return,liquidation_shock,18,-1.8947395150539666e-05
aave_v3_base,basket_return,liquidation_shock,19,-1.2250091464024064e-05
aave_v3_base,basket_return,liquidation_shock,20,-7.95057134451163e-06
aave_v3_base,basket_return,liquidation_shock,21,-5.133356278834201e-06
aave_v3_base,basket_return,liquidation_shock,22,-3.3128014160654205e-06
aave_v3_base,basket_return,liquidation_shock,23,-2.148613958601502e-06
aave_v3_base,basket_return,liquidation_shock,24,-1.3864532155755443e-06
aave_v3_base,basket_return,liquidation_shock,25,-8.968273556601362e-07
aave_v3_base,basket_return,liquidation_shock,26,-5.801128160029185e-07
aave_v3_base,basket_return,liquidation_shock,27,-3.749802091489145e-07
aave_v3_base,basket_return,liquidation_shock,28,-2.424170118671997e-07
aave_v3_base,basket_return,liquidation_shock,29,-1.5680862192241892e-07
aave_v3_base,basket_return,liquidation_shock,30,-1.0135507830830424e-07
aave_v3_base,liquidation,return_shock,0,-0.10224311933176011
aave_v3_base,liquidation,return_shock,1,-0.0069457551150844945
aave_v3_base,liquidation,return_shock,2,-0.10039533559259198
aave_v3_base,liquidation,return_shock,3,-0.03478413164035673
aave_v3_base,liquidation,return_shock,4,-0.022206556816934786
aave_v3_base,liquidation,return_shock,5,-0.015492625138090844
aave_v3_base,liquidation,return_shock,6,-0.009892747092950176
aave_v3_base,liquidation,return_shock,7,-0.0054842405547251725
aave_v3_base,liquidation,return_shock,8,-0.004475232907140979
aave_v3_base,liquidation,return_shock,9,-0.002518580671541692
aave_v3_base,liquidation,return_shock,10,-0.0016956541179020017
aave_v3_base,liquidation,return_shock,11,-0.0011047773733985796
aave_v3_base,liquidation,return_shock,12,-0.0007096640853300123
aave_v3_base,liquidation,return_shock,13,-0.00045073555939317324
aave_v3_base,liquidation,return_shock,14,-0.00030067816051067444
aave_v3_base,liquidation,return_shock,15,-0.00018973885530794297
aave_v3_base,liquidation,return_shock,16,-0.00012396136340112835
aave_v3_base,liquidation,return_shock,17,-8.009361986895629e-05
aave_v3_base,liquidation,return_shock,18,-5.1735767777197496e-05
aave_v3_base,liquidation,return_shock,19,-3.338971854028711e-05
aave_v3_base,liquidation,return_shock,20,-2.167964135289889e-05
aave_v3_base,liquidation,return_shock,21,-1.396272908661035e-05
aave_v3_base,liquidation,return_shock,22,-9.047213363473843e-06
aave_v3_base,liquidation,return_shock,23,-5.8469182052326035e-06
aave_v3_base,liquidation,return_shock,24,-3.7802647900180156e-06
aave_v3_base,liquidation,return_shock,25,-2.443817739347598e-06
aave_v3_base,liquidation,return_shock,26,-1.5809908178671009e-06
aave_v3_base,liquidation,return_shock,27,-1.0216282576995541e-06
aave_v3_base,liquidation,return_shock,28,-6.608260483557224e-07
aave_v3_base,liquidation,return_shock,29,-4.2722057580542336e-07
aave_v3_base,liquidation,return_shock,30,-2.762377854772427e-07
aave_v3_base,liquidation,liquidation_shock,0,0.9597064595473332
aave_v3_base,liquidation,liquidation_shock,1,0.12535050092652833
aave_v3_base,liquidation,liquidation_shock,2,0.11057286070756815
aave_v3_base,liquidation,liquidation_shock,3,0.16293260888018954
aave_v3_base,liquidation,liquidation_shock,4,0.05203071763257887
aave_v3_base,liquidation,liquidation_shock,5,0.04128369870565463
aave_v3_base,liquidation,liquidation_shock,6,0.03465438757815411
aave_v3_base,liquidation,liquidation_shock,7,0.016701237403594946
aave_v3_base,liquidation,liquidation_shock,8,0.011921918166542934
aave_v3_base,liquidation,liquidation_shock,9,0.008390550230866914
aave_v3_base,liquidation,liquidation_shock,10,0.00482543650711924
aave_v3_base,liquidation,liquidation_shock,11,0.00327803561705537
aave_v3_base,liquidation,liquidation_shock,12,0.002170777171395282
aave_v3_base,liquidation,liquidation_shock,13,0.0013430795980254435
aave_v3_base,liquidation,liquidation_shock,14,0.0008877912207542017
aave_v3_base,liquidation,liquidation_shock,15,0.0005775406038520436
aave_v3_base,liquidation,liquidation_shock,16,0.00036732431974470953
aave_v3_base,liquidation,liquidation_shock,17,0.0002398665272464477
aave_v3_base,liquidation,liquidation_shock,18,0.0001552266117734762
aave_v3_base,liquidation,liquidation_shock,19,9.978394028399711e-05
aave_v3_base,liquidation,liquidation_shock,20,6.478483317912208e-05
aave_v3_base,liquidation,liquidation_shock,21,4.18825290892323e-05
aave_v3_base,liquidation,liquidation_shock,22,2.7024667922367612e-05
aave_v3_base,liquidation,liquidation_shock,23,1.7503862445534336e-05
aave_v3_base,liquidation,liquidation_shock,24,1.1314554015632331e-05
aave_v3_base,liquidation,liquidation_shock,25,7.310838318076206e-06
aave_v3_base,liquidation,liquidation_shock,26,4.73028079707992e-06
aave_v3_base,liquidation,liquidation_shock,27,3.057995238605764e-06
aave_v3_base,liquidation,liquidation_shock,28,1.976808237680512e-06
aave_v3_base,liquidation,liquidation_shock,29,1.2785181319310746e-06
aave_v3_base,liquidation,liquidation_shock,30,8.265896180316985e-07
aave_v3_binance,basket_return,return_shock,0,0.9755797133314256
aave_v3_binance,basket_return,return_shock,1,-0.0896421975126127
aave_v3_binance,basket_return,return_shock,2,0.0230987296625231
aave_v3_binance,basket_return,return_shock,3,-0.05312541727784371
aave_v3_binance,basket_return,return_shock,4,0.00963462312296584
aave_v3_binance,basket_return,return_shock,5,-0.06950135817169913
aave_v3_binance,basket_return,return_shock,6,-0.055497000325600586
aave_v3_binance,basket_return,return_shock,7,0.08130600862417207
aave_v3_binance,basket_return,return_shock,8,-0.012325485777566467
aave_v3_binance,basket_return,return_shock,9,0.005303363351924499
aave_v3_binance,basket_return,return_shock,10,-0.009642048484998158
aave_v3_binance,basket_return,return_shock,11,0.00404600018213242
aave_v3_binance,basket_return,return_shock,12,-0.007868371437406308
aave_v3_binance,basket_return,return_shock,13,-0.007554581214578925
aave_v3_binance,basket_return,return_shock,14,0.00484575655333842
aave_v3_binance,basket_return,return_shock,15,-0.0022954395693823167
aave_v3_binance,basket_return,return_shock,16,-1.4757544484593086e-05
aave_v3_binance,basket_return,return_shock,17,-0.00222123858038324
aave_v3_binance,basket_return,return_shock,18,-0.00020794903905737634
aave_v3_binance,basket_return,return_shock,19,-0.0010559068369711312
aave_v3_binance,basket_return,return_shock,20,-0.0010540108547636789
aave_v3_binance,basket_return,return_shock,21,-0.00018181583194440277
aave_v3_binance,basket_return,return_shock,22,-0.0006364875439800658
aave_v3_binance,basket_return,return_shock,23,-0.0003143281547523278
aave_v3_binance,basket_return,return_shock,24,-0.0005778588856358189
aave_v3_binance,basket_return,return_shock,25,-0.00032966377673991013
aave_v3_binance,basket_return,return_shock,26,-0.00031253103784355853
aave_v3_binance,basket_return,return_shock,27,-0.00028030092112523087
aave_v3_binance,basket_return,return_shock,28,-0.00021840780866215186
aave_v3_binance,basket_return,return_shock,29,-0.00022805339420072033
aave_v3_binance,basket_return,return_shock,30,-0.0001698850207254449
aave_v3_binance,basket_return,liquidation_shock,0,0.0
aave_v3_binance,basket_return,liquidation_shock,1,-0.01720187601304293
aave_v3_binance,basket_return,liquidation_shock,2,0.09674404254741513
aave_v3_binance,basket_return,liquidation_shock,3,0.0178390080679417
aave_v3_binance,basket_return,liquidation_shock,4,0.05152906103270312
aave_v3_binance,basket_return,liquidation_shock,5,-0.011540121021723021
aave_v3_binance,basket_return,liquidation_shock,6,0.002943695975524216
aave_v3_binance,basket_return,liquidation_shock,7,0.029682010900400343
aave_v3_binance,basket_return,liquidation_shock,8,0.007639858329544482
aave_v3_binance,basket_return,liquidation_shock,9,0.022076293142108197
aave_v3_binance,basket_return,liquidation_shock,10,0.009119071284242298
aave_v3_binance,basket_return,liquidation_shock,11,0.015799495575813723
aave_v3_binance,basket_return,liquidation_shock,12,0.002734571458205599
aave_v3_binance,basket_return,liquidation_shock,13,0.005411161515532887
aave_v3_binance,basket_return,liquidation_shock,14,0.008696953630189882
aave_v3_binance,basket_return,liquidation_shock,15,0.005489554108432668
aave_v3_binance,basket_return,liquidation_shock,16,0.006215092211521255
aave_v3_binance,basket_return,liquidation_shock,17,0.00418850390923393
aave_v3_binance,basket_return,liquidation_shock,18,0.004761435723597381
aave_v3_binance,basket_return,liquidation_shock,19,0.002782448668034251
aave_v3_binance,basket_return,liquidation_shock,20,0.002882288862566918
aave_v3_binance,basket_return,liquidation_shock,21,0.0029307978191223157
aave_v3_binance,basket_return,liquidation_shock,22,0.0024128826036411396
aave_v3_binance,basket_return,liquidation_shock,23,0.002224625233574565
aave_v3_binance,basket_return,liquidation_shock,24,0.0017977522612537295
aave_v3_binance,basket_return,liquidation_shock,25,0.0016972863761980212
aave_v3_binance,basket_return,liquidation_shock,26,0.0013561506417338633
aave_v3_binance,basket_return,liquidation_shock,27,0.0012461898432306088
aave_v3_binance,basket_return,liquidation_shock,28,0.0011270169277206568
aave_v3_binance,basket_return,liquidation_shock,29,0.0009825759366232493
aave_v3_binance,basket_return,liquidation_shock,30,0.0008714868981798682
aave_v3_binance,liquidation,return_shock,0,-0.14296005706727438
aave_v3_binance,liquidation,return_shock,1,-0.18750273329900016
aave_v3_binance,liquidation,return_shock,2,-0.01668721520856658
aave_v3_binance,liquidation,return_shock,3,-0.05219203051703281
aave_v3_binance,liquidation,return_shock,4,-0.033892601875860594
aave_v3_binance,liquidation,return_shock,5,0.038837568581596996
aave_v3_binance,liquidation,return_shock,6,0.042947432461232705
aave_v3_binance,liquidation,return_shock,7,-0.06793178377536711
aave_v3_binance,liquidation,return_shock,8,-0.04113794054211458
aave_v3_binance,liquidation,return_shock,9,-0.01423260716478994
aave_v3_binance,liquidation,return_shock,10,-0.015585849973339677
aave_v3_binance,liquidation,return_shock,11,-0.016113702745427547
aave_v3_binance,liquidation,return_shock,12,-0.000671753420642081
aave_v3_binance,liquidation,return_shock,13,0.000733306495581202
aave_v3_binance,liquidation,return_shock,14,-0.014597124055872584
aave_v3_binance,liquidation,return_shock,15,-0.009982218140685364
aave_v3_binance,liquidation,return_shock,16,-0.006368360000651152
aave_v3_binance,liquidation,return_shock,17,-0.005307050732783599
aave_v3_binance,liquidation,return_shock,18,-0.0053017611000165
aave_v3_binance,liquidation,return_shock,19,-0.003177881669927168
aave_v3_binance,liquidation,return_shock,20,-0.002765468682879082
aave_v3_binance,liquidation,return_shock,21,-0.003976778905234271
aave_v3_binance,liquidation,return_shock,22,-0.0031965369359163035
aave_v3_binance,liquidation,return_shock,23,-0.0026000697680243073
aave_v3_binance,liquidation,return_shock,24,-0.0021486414863425875
aave_v3_binance,liquidation,return_shock,25,-0.0019573173826835095
aave_v3_binance,liquidation,return_shock,26,-0.001621044713429289
aave_v3_binance,liquidation,return_shock,27,-0.001453162514772541
aave_v3_binance,liquidation,return_shock,28,-0.0014010946995893462
aave_v3_binance,liquidation,return_shock,29,-0.0012016401733563019
aave_v3_binance,liquidation,return_shock,30,-0.0010434253777015028
aave_v3_binance,liquidation,liquidation_shock,0,0.8878771716080118
aave_v3_binance,liquidation,liquidation_shock,1,0.20265489254799884
aave_v3_binance,liquidation,liquidation_shock,2,0.11035031866892651
aave_v3_binance,liquidation,liquidation_shock,3,0.07935372656476512
aave_v3_binance,liquidation,liquidation_shock,4,0.09376111183073259
aave_v3_binance,liquidation,liquidation_shock,5,0.09404650457678315
aave_v3_binance,liquidation,liquidation_shock,6,0.1194567059625406
aave_v3_binance,liquidation,liquidation_shock,7,0.13649154283000442
aave_v3_binance,liquidation,liquidation_shock,8,0.08255469182135171
aave_v3_binance,liquidation,liquidation_shock,9,0.06097029064461917
aave_v3_binance,liquidation,liquidation_shock,10,0.05180870331990544
aave_v3_binance,liquidation,liquidation_shock,11,0.046654334135084415
aave_v3_binance,liquidation,liquidation_shock,12,0.04807741207486355
aave_v3_binance,liquidation,liquidation_shock,13,0.04724445431455578
aave_v3_binance,liquidation,liquidation_shock,14,0.03969238266529757
aave_v3_binance,liquidation,liquidation_shock,15,0.03233301090755054
aave_v3_binance,liquidation,liquidation_shock,16,0.027180851714186653
aave_v3_binance,liquidation,liquidation_shock,17,0.02382793212057427
aave_v3_binance,liquidation,liquidation_shock,18,0.020871649221798662
aave_v3_binance,liquidation,liquidation_shock,19,0.019747011989408148
aave_v3_binance,liquidation,liquidation_shock,20,0.01781968853621275
aave_v3_binance,liquidation,liquidation_shock,21,0.01510335357345251
aave_v3_binance,liquidation,liquidation_shock,22,0.013047156238298158
aave_v3_binance,liquidation,liquidation_shock,23,0.011364923234297275
aave_v3_binance,liquidation,liquidation_shock,24,0.010017945299810772
aave_v3_binance,liquidation,liquidation_shock,25,0.008801384187309268
aave_v3_binance,liquidation,liquidation_shock,26,0.007928745235886716
aave_v3_binance,liquidation,liquidation_shock,27,0.006999330106733821
aave_v3_binance,liquidation,liquidation_shock,28,0.0060731256728957655
aave_v3_binance,liquidation,liquidation_shock,29,0.005312235227624014
aave_v3_binance,liquidation,liquidation_shock,30,0.00466234990073136
aave_v3_ethereum,basket_return,return_shock,0,0.9839310704989701
aave_v3_ethereum,basket_return,return_shock,1,-0.06771723025600761
aave_v3_ethereum,basket_return,return_shock,2,0.07324944559420578
aave_v3_ethereum,basket_return,return_shock,3,-0.06770392458297383
aave_v3_ethereum,basket_return,return_shock,4,0.007901027859864757
aave_v3_ethereum,basket_return,return_shock,5,-0.013772960239752262
aave_v3_ethereum,basket_return,return_shock,6,0.0006251941948215565
aave_v3_ethereum,basket_return,return_shock,7,-0.0032934836617116146
aave_v3_ethereum,basket_return,return_shock,8,-0.00031116948813244655
aave_v3_ethereum,basket_return,return_shock,9,-0.001031458334209146
aave_v3_ethereum,basket_return,return_shock,10,-0.0002599169804153357
aave_v3_ethereum,basket_return,return_shock,11,-0.00032401213888090394
aave_v3_ethereum,basket_return,return_shock,12,-0.00012804547962046435
aave_v3_ethereum,basket_return,return_shock,13,-0.00011029612069466439
aave_v3_ethereum,basket_return,return_shock,14,-5.313046038065517e-05
aave_v3_ethereum,basket_return,return_shock,15,-3.9435282167835685e-05
aave_v3_ethereum,basket_return,return_shock,16,-2.119937060180919e-05
aave_v3_ethereum,basket_return,return_shock,17,-1.4369454684361242e-05
aave_v3_ethereum,basket_return,return_shock,18,-8.2435612435806e-06
aave_v3_ethereum,basket_return,return_shock,19,-5.333463432711549e-06
aave_v3_ethereum,basket_return,return_shock,20,-3.1567234151288914e-06
aave_v3_ethereum,basket_return,return_shock,21,-1.995936759792632e-06
aave_v3_ethereum,basket_return,return_shock,22,-1.2021410046669192e-06
aave_v3_ethereum,basket_return,return_shock,23,-7.499654808598275e-07
aave_v3_ethereum,basket_return,return_shock,24,-4.5611652444537636e-07
aave_v3_ethereum,basket_return,return_shock,25,-2.8259864613870214e-07
aave_v3_ethereum,basket_return,return_shock,26,-1.7271164899474542e-07
aave_v3_ethereum,basket_return,return_shock,27,-1.066235535753581e-07
aave_v3_ethereum,basket_return,return_shock,28,-6.534018930083619e-08
aave_v3_ethereum,basket_return,return_shock,29,-4.0256425303759825e-08
aave_v3_ethereum,basket_return,return_shock,30,-2.4705706522166016e-08
aave_v3_ethereum,basket_return,liquidation_shock,0,0.0
aave_v3_ethereum,basket_return,liquidation_shock,1,-0.02759654762507906
aave_v3_ethereum,basket_return,liquidation_shock,2,0.0919997231582213
aave_v3_ethereum,basket_return,liquidation_shock,3,-0.004341289461909045
aave_v3_ethereum,basket_return,liquidation_shock,4,0.013225936347367361
aave_v3_ethereum,basket_return,liquidation_shock,5,0.0057180401400676985
aave_v3_ethereum,basket_return,liquidation_shock,6,0.004175436918270902
aave_v3_ethereum,basket_return,liquidation_shock,7,0.0015399924138415116
aave_v3_ethereum,basket_return,liquidation_shock,8,0.0017597004862611014
aave_v3_ethereum,basket_return,liquidation_shock,9,0.0007198618602537918
aave_v3_ethereum,basket_return,liquidation_shock,10,0.000548975853319867
aave_v3_ethereum,basket_return,liquidation_shock,11,0.00031021637855974593
aave_v3_ethereum,basket_return,liquidation_shock,12,0.00020453064292165493
aave_v3_ethereum,basket_return,liquidation_shock,13,0.00011539910180890654
aave_v3_ethereum,basket_return,liquidation_shock,14,7.68165686067176e-05
aave_v3_ethereum,basket_return,liquidation_shock,15,4.4804729768490287e-05
aave_v3_ethereum,basket_return,liquidation_shock,16,2.8339927305943506e-05
aave_v3_ethereum,basket_return,liquidation_shock,17,1.7132070636094634e-05
aave_v3_ethereum,basket_return,liquidation_shock,18,1.068370598508857e-05
aave_v3_ethereum,basket_return,liquidation_shock,19,6.4791136013004325e-06
aave_v3_ethereum,basket_return,liquidation_shock,20,4.026161533297701e-06
aave_v3_ethereum,basket_return,liquidation_shock,21,2.4574467487578867e-06
aave_v3_ethereum,basket_return,liquidation_shock,22,1.517174445912291e-06
aave_v3_ethereum,basket_return,liquidation_shock,23,9.298610159869101e-07
aave_v3_ethereum,basket_return,liquidation_shock,24,5.730102619086216e-07
aave_v3_ethereum,basket_return,liquidation_shock,25,3.51519885017066e-07
aave_v3_ethereum,basket_return,liquidation_shock,26,2.1641465920423344e-07
aave_v3_ethereum,basket_return,liquidation_shock,27,1.3289862913261368e-07
aave_v3_ethereum,basket_return,liquidation_shock,28,8.175052571922037e-08
aave_v3_ethereum,basket_return,liquidation_shock,29,5.022862279092368e-08
aave_v3_ethereum,basket_return,liquidation_shock,30,3.088857697355603e-08
aave_v3_ethereum,liquidation,return_shock,0,-0.24374983240832515
aave_v3_ethereum,liquidation,return_shock,1,-0.29235309988985697
aave_v3_ethereum,liquidation,return_shock,2,-0.12249092570189672
aave_v3_ethereum,liquidation,return_shock,3,-0.07810457842656612
aave_v3_ethereum,liquidation,return_shock,4,-0.050734806694891804
aave_v3_ethereum,liquidation,return_shock,5,-0.029263496485614736
aave_v3_ethereum,liquidation,return_shock,6,-0.017572291159568744
aave_v3_ethereum,liquidation,return_shock,7,-0.01149785134403043
aave_v3_ethereum,liquidation,return_shock,8,-0.0068210964235724935
aave_v3_ethereum,liquidation,return_shock,9,-0.0042170218617676595
aave_v3_ethereum,liquidation,return_shock,10,-0.002607766900521797
aave_v3_ethereum,liquidation,return_shock,11,-0.0016009478948174796
aave_v3_ethereum,liquidation,return_shock,12,-0.0009785173286541386
aave_v3_ethereum,liquidation,return_shock,13,-0.000605500516189083
aave_v3_ethereum,liquidation,return_shock,14,-0.0003709434533003883
aave_v3_ethereum,liquidation,return_shock,15,-0.0002281604871669397
aave_v3_ethereum,liquidation,return_shock,16,-0.00014027074529699159
aave_v3_ethereum,liquidation,return_shock,17,-8.626465218506561e-05
aave_v3_ethereum,liquidation,return_shock,18,-5.2982129198208096e-05
aave_v3_ethereum,liquidation,return_shock,19,-3.259323035055146e-05
aave_v3_ethereum,liquidation,return_shock,20,-2.002842951481701e-05
aave_v3_ethereum,liquidation,return_shock,21,-1.2313176773862603e-05
aave_v3_ethereum,liquidation,return_shock,22,-7.56863143965475e-06
aave_v3_ethereum,liquidation,return_shock,23,-4.653081775769939e-06
aave_v3_ethereum,liquidation,return_shock,24,-2.8599853821320434e-06
aave_v3_ethereum,liquidation,return_shock,25,-1.758239277438796e-06
aave_v3_ethereum,liquidation,return_shock,26,-1.0807730716890534e-06
aave_v3_ethereum,liquidation,return_shock,27,-6.643852358782157e-07
aave_v3_ethereum,liquidation,return_shock,28,-4.084024134019704e-07
aave_v3_ethereum,liquidation,return_shock,29,-2.510571324698256e-07
aave_v3_ethereum,liquidation,return_shock,30,-1.543267995107262e-07
aave_v3_ethereum,liquidation,liquidation_shock,0,0.8675677228203019
aave_v3_ethereum,liquidation,liquidation_shock,1,0.21716919103894353
aave_v3_ethereum,liquidation,liquidation_shock,2,0.10632355414551284
aave_v3_ethereum,liquidation,liquidation_shock,3,0.12462633847594483
aave_v3_ethereum,liquidation,liquidation_shock,4,0.05929413541359532
aave_v3_ethereum,liquidation,liquidation_shock,5,0.03265871052370262
aave_v3_ethereum,liquidation,liquidation_shock,6,0.024522916033988866
aave_v3_ethereum,liquidation,liquidation_shock,7,0.014016799095306698
aave_v3_ethereum,liquidation,liquidation_shock,8,0.008296103563242943
aave_v3_ethereum,liquidation,liquidation_shock,9,0.005382817000746102
aave_v3_ethereum,liquidation,liquidation_shock,10,0.003262506394404835
aave_v3_ethereum,liquidation,liquidation_shock,11,0.001973077379370482
aave_v3_ethereum,liquidation,liquidation_shock,12,0.0012336761356170024
aave_v3_ethereum,liquidation,liquidation_shock,13,0.0007555979030785719
aave_v3_ethereum,liquidation,liquidation_shock,14,0.00046225641136987683
aave_v3_ethereum,liquidation,liquidation_shock,15,0.0002853450630523718
aave_v3_ethereum,liquidation,liquidation_shock,16,0.00017538109131277058
aave_v3_ethereum,liquidation,liquidation_shock,17,0.00010760202455082877
aave_v3_ethereum,liquidation,liquidation_shock,18,6.623491152964518e-05
aave_v3_ethereum,liquidation,liquidation_shock,19,4.071318394454738e-05
aave_v3_ethereum,liquidation,liquidation_shock,20,2.5014879734283215e-05
aave_v3_ethereum,liquidation,liquidation_shock,21,1.5381274952736144e-05
aave_v3_ethereum,liquidation,liquidation_shock,22,9.456003205105724e-06
aave_v3_ethereum,liquidation,liquidation_shock,23,5.8116038104884005e-06
aave_v3_ethereum,liquidation,liquidation_shock,24,3.572862380609099e-06
aave_v3_ethereum,liquidation,liquidation_shock,25,2.1963313999840343e-06
aave_v3_ethereum,liquidation,liquidation_shock,26,1.3500683017638102e-06
aave_v3_ethereum,liquidation,liquidation_shock,27,8.299211054404672e-07
aave_v3_ethereum,liquidation,liquidation_shock,28,5.101763473675484e-07
aave_v3_ethereum,liquidation,liquidation_shock,29,3.136084649364804e-07
aave_v3_ethereum,liquidation,liquidation_shock,30,1.9278223366158925e-07
aave_v3_gnosis,basket_return,return_shock,0,0.9935152959469501
aave_v3_gnosis,basket_return,return_shock,1,-0.0448339654815932
aave_v3_gnosis,basket_return,return_shock,2,0.018300958655385027
aave_v3_gnosis,basket_return,return_shock,3,-0.07421606349495907
aave_v3_gnosis,basket_return,return_shock,4,0.01157472861322744
aave_v3_gnosis,basket_return,return_shock,5,-0.0031987367195243695
aave_v3_gnosis,basket_return,return_shock,6,0.005769322224233731
aave_v3_gnosis,basket_return,return_shock,7,-0.0008800258639733146
aave_v3_gnosis,basket_return,return_shock,8,0.0005345406498829494
aave_v3_gnosis,basket_return,return_shock,9,-0.0003753551456762775
aave_v3_gnosis,basket_return,return_shock,10,0.00018829132255521156
aave_v3_gnosis,basket_return,return_shock,11,-7.626839011291776e-06
aave_v3_gnosis,basket_return,return_shock,12,6.330446027215888e-05
aave_v3_gnosis,basket_return,return_shock,13,7.069025205808161e-06
aave_v3_gnosis,basket_return,return_shock,14,1.734612628961558e-05
aave_v3_gnosis,basket_return,return_shock,15,5.28244370667283e-06
aave_v3_gnosis,basket_return,return_shock,16,7.066615333887186e-06
aave_v3_gnosis,basket_return,return_shock,17,3.4932337496195866e-06
aave_v3_gnosis,basket_return,return_shock,18,2.9805388488777396e-06
aave_v3_gnosis,basket_return,return_shock,19,1.737687612948292e-06
aave_v3_gnosis,basket_return,return_shock,20,1.302706513781743e-06
aave_v3_gnosis,basket_return,return_shock,21,8.292223905158195e-07
aave_v3_gnosis,basket_return,return_shock,22,5.932682178157276e-07
aave_v3_gnosis,basket_return,return_shock,23,3.9205022371006897e-07
aave_v3_gnosis,basket_return,return_shock,24,2.7226416467834236e-07
aave_v3_gnosis,basket_return,return_shock,25,1.8292994723886364e-07
aave_v3_gnosis,basket_return,return_shock,26,1.2564863892917794e-07
aave_v3_gnosis,basket_return,return_shock,27,8.504970029680635e-08
aave_v3_gnosis,basket_return,return_shock,28,5.8157185123942776e-08
aave_v3_gnosis,basket_return,return_shock,29,3.9496711870544044e-08
aave_v3_gnosis,basket_return,return_shock,30,2.694180727593426e-08
aave_v3_gnosis,basket_return,liquidation_shock,0,0.0
aave_v3_gnosis,basket_return,liquidation_shock,1,-0.029787867028445304
aave_v3_gnosis,basket_return,liquidation_shock,2,0.04195111724949034
aave_v3_gnosis,basket_return,liquidation_shock,3,-0.025912071515684698
aave_v3_gnosis,basket_return,liquidation_shock,4,-0.001240986404995656
aave_v3_gnosis,basket_return,liquidation_shock,5,-0.0017380228045320446
aave_v3_gnosis,basket_return,liquidation_shock,6,-0.0011615629687765625
aave_v3_gnosis,basket_return,liquidation_shock,7,-0.0012910801578338686
aave_v3_gnosis,basket_return,liquidation_shock,8,-0.00025656695749611826
aave_v3_gnosis,basket_return,liquidation_shock,9,-0.0005820643558160796
aave_v3_gnosis,basket_return,liquidation_shock,10,-0.0002730576920483657
aave_v3_gnosis,basket_return,liquidation_shock,11,-0.0001980119884837928
aave_v3_gnosis,basket_return,liquidation_shock,12,-0.00013250837403422998
aave_v3_gnosis,basket_return,liquidation_shock,13,-9.613097518357852e-05
aave_v3_gnosis,basket_return,liquidation_shock,14,-5.978357826472729e-05
aave_v3_gnosis,basket_return,liquidation_shock,15,-4.3847844284711203e-05
aave_v3_gnosis,basket_return,liquidation_shock,16,-2.8917873310519442e-05
aave_v3_gnosis,basket_return,liquidation_shock,17,-1.9823072566130025e-05
aave_v3_gnosis,basket_return,liquidation_shock,18,-1.3454893117383625e-05
aave_v3_gnosis,basket_return,liquidation_shock,19,-9.22362430912219e-06
aave_v3_gnosis,basket_return,liquidation_shock,20,-6.231205130416054e-06
aave_v3_gnosis,basket_return,liquidation_shock,21,-4.2677327770017165e-06
aave_v3_gnosis,basket_return,liquidation_shock,22,-2.8987812470305147e-06
aave_v3_gnosis,basket_return,liquidation_shock,23,-1.97526826905237e-06
aave_v3_gnosis,basket_return,liquidation_shock,24,-1.3444767280233356e-06
aave_v3_gnosis,basket_return,liquidation_shock,25,-9.161220081007988e-07
aave_v3_gnosis,basket_return,liquidation_shock,26,-6.234080401457911e-07
aave_v3_gnosis,basket_return,liquidation_shock,27,-4.247042534836173e-07
aave_v3_gnosis,basket_return,liquidation_shock,28,-2.891434499037401e-07
aave_v3_gnosis,basket_return,liquidation_shock,29,-1.969053801209955e-07
aave_v3_gnosis,basket_return,liquidation_shock,30,-1.34075899624303e-07
aave_v3_gnosis,liquidation,return_shock,0,-0.08119138380021773
aave_v3_gnosis,liquidation,return_shock,1,-0.14606190700213578
aave_v3_gnosis,liquidation,return_shock,2,-0.018649340142897923
aave_v3_gnosis,liquidation,return_shock,3,-0.02789095249156031
aave_v3_gnosis,liquidation,return_shock,4,-0.018980545857115658
aave_v3_gnosis,liquidation,return_shock,5,-0.012516614763464122
aave_v3_gnosis,liquidation,return_shock,6,-0.008455232463481059
aave_v3_gnosis,liquidation,return_shock,7,-0.006579914162842578
aave_v3_gnosis,liquidation,return_shock,8,-0.003911814644289633
aave_v3_gnosis,liquidation,return_shock,9,-0.0027916587806841465
aave_v3_gnosis,liquidation,return_shock,10,-0.001898908154105041
aave_v3_gnosis,liquidation,return_shock,11,-0.0012907325365822376
aave_v3_gnosis,liquidation,return_shock,12,-0.0008744525803516662
aave_v3_gnosis,liquidation,return_shock,13,-0.0006027032991078364
aave_v3_gnosis,liquidation,return_shock,14,-0.00040623241849495323
aave_v3_gnosis,liquidation,return_shock,15,-0.00027763052840286374
aave_v3_gnosis,liquidation,return_shock,16,-0.00018900683444370576
aave_v3_gnosis,liquidation,return_shock,17,-0.00012871038098623852
aave_v3_gnosis,liquidation,return_shock,18,-8.758529509417115e-05
aave_v3_gnosis,liquidation,return_shock,19,-5.9703439253835894e-05
aave_v3_gnosis,liquidation,return_shock,20,-4.062346466932182e-05
aave_v3_gnosis,liquidation,return_shock,21,-2.7670330582153897e-05
aave_v3_gnosis,liquidation,return_shock,22,-1.884141068085551e-05
aave_v3_gnosis,liquidation,return_shock,23,-1.283036273887172e-05
aave_v3_gnosis,liquidation,return_shock,24,-8.736182013285666e-06
aave_v3_gnosis,liquidation,return_shock,25,-5.949421571652079e-06
aave_v3_gnosis,liquidation,return_shock,26,-4.05101040549204e-06
aave_v3_gnosis,liquidation,return_shock,27,-2.758593025604932e-06
aave_v3_gnosis,liquidation,return_shock,28,-1.8784527891394054e-06
aave_v3_gnosis,liquidation,return_shock,29,-1.2791356471991228e-06
aave_v3_gnosis,liquidation,return_shock,30,-8.710199082709091e-07
aave_v3_gnosis,liquidation,liquidation_shock,0,0.9242171740948243
aave_v3_gnosis,liquidation,liquidation_shock,1,0.2165565590594695
aave_v3_gnosis,liquidation,liquidation_shock,2,0.14648870639925188
aave_v3_gnosis,liquidation,liquidation_shock,3,0.17757808630501482
aave_v3_gnosis,liquidation,liquidation_shock,4,0.08999150902692594
aave_v3_gnosis,liquidation,liquidation_shock,5,0.05889572590161292
aave_v3_gnosis,liquidation,liquidation_shock,6,0.047331354659685104
aave_v3_gnosis,liquidation,liquidation_shock,7,0.029485318812692975
aave_v3_gnosis,liquidation,liquidation_shock,8,0.019884036595992798
aave_v3_gnosis,liquidation,liquidation_shock,9,0.014130796171623288
aave_v3_gnosis,liquidation,liquidation_shock,10,0.009423089259664934
aave_v3_gnosis,liquidation,liquidation_shock,11,0.00638219156966627
aave_v3_gnosis,liquidation,liquidation_shock,12,0.004401192502678108
aave_v3_gnosis,liquidation,liquidation_shock,13,0.0029791425686233833
aave_v3_gnosis,liquidation,liquidation_shock,14,0.0020259325652085395
aave_v3_gnosis,liquidation,liquidation_shock,15,0.0013839546699383816
aave_v3_gnosis,liquidation,liquidation_shock,16,0.0009411711016033681
aave_v3_gnosis,liquidation,liquidation_shock,17,0.0006405178968212807
aave_v3_gnosis,liquidation,liquidation_shock,18,0.0004365745093068418
aave_v3_gnosis,liquidation,liquidation_shock,19,0.0002971722265512689
aave_v3_gnosis,liquidation,liquidation_shock,20,0.00020233057459320287
aave_v3_gnosis,liquidation,liquidation_shock,21,0.00013780890882915967
aave_v3_gnosis,liquidation,liquidation_shock,22,9.383366083826328e-05
aave_v3_gnosis,liquidation,liquidation_shock,23,6.389239405101144e-05
aave_v3_gnosis,liquidation,liquidation_shock,24,4.351052203811374e-05
aave_v3_gnosis,liquidation,liquidation_shock,25,2.9627761055591282e-05
aave_v3_gnosis,liquidation,liquidation_shock,26,2.0174728966514102e-05
aave_v3_gnosis,liquidation,liquidation_shock,27,1.3738191734350798e-05
aave_v3_gnosis,liquidation,liquidation_shock,28,9.354970192959778e-06
aave_v3_gnosis,liquidation,liquidation_shock,29,6.370226321263582e-06
aave_v3_gnosis,liquidation,liquidation_shock,30,4.337821667877576e-06
aave_v3_linea,basket_return,return_shock,0,0.9947912943757232
aave_v3_linea,basket_return,return_shock,1,-0.05026922244828389
aave_v3_linea,basket_return,return_shock,2,0.022518724086577898
aave_v3_linea,basket_return,return_shock,3,0.0024511824502169077
aave_v3_linea,basket_return,return_shock,4,0.0011545261879030981
aave_v3_linea,basket_return,return_shock,5,0.00028514750231761575
aave_v3_linea,basket_return,return_shock,6,8.784180001812771e-05
aave_v3_linea,basket_return,return_shock,7,2.4824022802365764e-05
aave_v3_linea,basket_return,return_shock,8,7.245477043182756e-06
aave_v3_linea,basket_return,return_shock,9,2.0889261665701818e-06
aave_v3_linea,basket_return,return_shock,10,6.050607709165002e-07
aave_v3_linea,basket_return,return_shock,11,1.7494798087032666e-07
aave_v3_linea,basket_return,return_shock,12,5.061847887539959e-08
aave_v3_linea,basket_return,return_shock,13,1.464196107331242e-08
aave_v3_linea,basket_return,return_shock,14,4.235757529864947e-09
aave_v3_linea,basket_return,return_shock,15,1.2253132695664627e-09
aave_v3_linea,basket_return,return_shock,16,3.5446158019947656e-10
aave_v3_linea,basket_return,return_shock,17,1.0253896574992677e-10
aave_v3_linea,basket_return,return_shock,18,2.966262326787355e-11
aave_v3_linea,basket_return,return_shock,19,8.580840975114751e-12
aave_v3_linea,basket_return,return_shock,20,2.482277178111547e-12
aave_v3_linea,basket_return,return_shock,21,7.180763916636277e-13
aave_v3_linea,basket_return,return_shock,22,2.0772608710821914e-13
aave_v3_linea,basket_return,return_shock,23,6.009127593978022e-14
aave_v3_linea,basket_return,return_shock,24,1.7383283513036747e-14
aave_v3_linea,basket_return,return_shock,25,5.0286591572054414e-15
aave_v3_linea,basket_return,return_shock,26,1.4546971475032387e-15
aave_v3_linea,basket_return,return_shock,27,4.2081670761998185e-16
aave_v3_linea,basket_return,return_shock,28,1.2173441168664945e-16
aave_v3_linea,basket_return,return_shock,29,3.521549101942371e-17
aave_v3_linea,basket_return,return_shock,30,1.0187183644940342e-17
aave_v3_linea,basket_return,liquidation_shock,0,0.0
aave_v3_linea,basket_return,liquidation_shock,1,-0.06221022979725244
aave_v3_linea,basket_return,liquidation_shock,2,-0.011175977926188957
aave_v3_linea,basket_return,liquidation_shock,3,-0.003980727681237898
aave_v3_linea,basket_return,liquidation_shock,4,-0.001069574875674743
aave_v3_linea,basket_return,liquidation_shock,5,-0.0003183952050270308
aave_v3_linea,basket_return,liquidation_shock,6,-9.112049556559153e-05
aave_v3_linea,basket_return,liquidation_shock,7,-2.6467476967233216e-05
aave_v3_linea,basket_return,liquidation_shock,8,-7.644704088150415e-06
aave_v3_linea,basket_return,liquidation_shock,9,-2.2127684005887255e-06
aave_v3_linea,basket_return,liquidation_shock,10,-6.399702192859151e-07
aave_v3_linea,basket_return,liquidation_shock,11,-1.8514703336897327e-07
aave_v3_linea,basket_return,liquidation_shock,12,-5.3557866952233214e-08
aave_v3_linea,basket_return,liquidation_shock,13,-1.5493477886667222e-08
aave_v3_linea,basket_return,liquidation_shock,14,-4.481953135522717e-09
aave_v3_linea,basket_return,liquidation_shock,15,-1.2965475632079521e-09
aave_v3_linea,basket_return,liquidation_shock,16,-3.750667403675152e-10
aave_v3_linea,basket_return,liquidation_shock,17,-1.0849982796807648e-10
aave_v3_linea,basket_return,liquidation_shock,18,-3.138697023217066e-11
aave_v3_linea,basket_return,liquidation_shock,19,-9.079664432462833e-12
aave_v3_linea,basket_return,liquidation_shock,20,-2.6265772554216094e-12
aave_v3_linea,basket_return,liquidation_shock,21,-7.598197333544392e-13
aave_v3_linea,basket_return,liquidation_shock,22,-2.1980165323585003e-13
aave_v3_linea,basket_return,liquidation_shock,23,-6.358451192363627e-14
aave_v3_linea,basket_return,liquidation_shock,24,-1.8393811388231552e-14
aave_v3_linea,basket_return,liquidation_shock,25,-5.320985996133793e-15
aave_v3_linea,basket_return,liquidation_shock,26,-1.5392618402631492e-15
aave_v3_linea,basket_return,liquidation_shock,27,-4.452796934146106e-16
aave_v3_linea,basket_return,liquidation_shock,28,-1.2881109644694346e-16
aave_v3_linea,basket_return,liquidation_shock,29,-3.726264371222211e-17
aave_v3_linea,basket_return,liquidation_shock,30,-1.0779386673350188e-17
aave_v3_linea,liquidation,return_shock,0,-0.2049470681949148
aave_v3_linea,liquidation,return_shock,1,-0.28024319155151833
aave_v3_linea,liquidation,return_shock,2,-0.056845121385150826
aave_v3_linea,liquidation,return_shock,3,-0.0190999754646712
aave_v3_linea,liquidation,return_shock,4,-0.005234109536795875
aave_v3_linea,liquidation,return_shock,5,-0.00154605039863854
aave_v3_linea,liquidation,return_shock,6,-0.0004437439864181866
aave_v3_linea,liquidation,return_shock,7,-0.0001287505060625865
aave_v3_linea,liquidation,return_shock,8,-3.720305423534048e-05
aave_v3_linea,liquidation,return_shock,9,-1.0766759903438583e-05
aave_v3_linea,liquidation,return_shock,10,-3.114116936716097e-06
aave_v3_linea,liquidation,return_shock,11,-9.009112762916315e-07
aave_v3_linea,liquidation,return_shock,12,-2.6061072467713765e-07
aave_v3_linea,liquidation,return_shock,13,-7.539048001363773e-08
aave_v3_linea,liquidation,return_shock,14,-2.180898436412553e-08
aave_v3_linea,liquidation,return_shock,15,-6.308939741155891e-09
aave_v3_linea,liquidation,return_shock,16,-1.8250575236624894e-09
aave_v3_linea,liquidation,return_shock,17,-5.27955141528207e-10
aave_v3_linea,liquidation,return_shock,18,-1.5272754846692997e-10
aave_v3_linea,liquidation,return_shock,19,-4.4181227623472556e-11
aave_v3_linea,liquidation,return_shock,20,-1.278080361687861e-11
aave_v3_linea,liquidation,return_shock,21,-3.697247725219262e-12
aave_v3_linea,liquidation,return_shock,22,-1.069544692221252e-12
aave_v3_linea,liquidation,return_shock,23,-3.093992980518741e-13
aave_v3_linea,liquidation,return_shock,24,-8.950343661178449e-14
aave_v3_linea,liquidation,return_shock,25,-2.5891672082067175e-14
aave_v3_linea,liquidation,return_shock,26,-7.489977016651436e-15
aave_v3_linea,liquidation,return_shock,27,-2.1667104208034643e-15
aave_v3_linea,liquidation,return_shock,28,-6.267888455611092e-16
aave_v3_linea,liquidation,return_shock,29,-1.8131830315212727e-16
aave_v3_linea,liquidation,return_shock,30,-5.245199765554677e-17
aave_v3_linea,liquidation,liquidation_shock,0,0.9048864375268592
aave_v3_linea,liquidation,liquidation_shock,1,0.2211042148566954
aave_v3_linea,liquidation,liquidation_shock,2,0.06841926367316527
aave_v3_linea,liquidation,liquidation_shock,3,0.019303677920588687
aave_v3_linea,liquidation,liquidation_shock,4,0.005637774953522261
aave_v3_linea,liquidation,liquidation_shock,5,0.0016250286719871482
aave_v3_linea,liquidation,liquidation_shock,6,0.0004707344507277219
aave_v3_linea,liquidation,liquidation_shock,7,0.00013610407701649017
aave_v3_linea,liquidation,liquidation_shock,8,3.9380107380707434e-05
aave_v3_linea,liquidation,liquidation_shock,9,1.1391080725822789e-05
aave_v3_linea,liquidation,liquidation_shock,10,3.2953198795782015e-06
aave_v3_linea,liquidation,liquidation_shock,11,9.532642769986754e-07
aave_v3_linea,liquidation,liquidation_shock,12,2.757626643970162e-07
aave_v3_linea,liquidation,liquidation_shock,13,7.977286432740909e-08
aave_v3_linea,liquidation,liquidation_shock,14,2.3076812748451807e-08
aave_v3_linea,liquidation,liquidation_shock,15,6.675689326224766e-09
aave_v3_linea,liquidation,liquidation_shock,16,1.9311523662683578e-09
aave_v3_linea,liquidation,liquidation_shock,17,5.586462834465287e-10
aave_v3_linea,liquidation,liquidation_shock,18,1.61605934934846e-10
aave_v3_linea,liquidation,liquidation_shock,19,4.6749577590192057e-11
aave_v3_linea,liquidation,liquidation_shock,20,1.3523779429671196e-11
aave_v3_linea,liquidation,liquidation_shock,21,3.912176730887486e-12
aave_v3_linea,liquidation,liquidation_shock,22,1.1317196399936246e-12
aave_v3_linea,liquidation,liquidation_shock,23,3.273853486723708e-13
aave_v3_linea,liquidation,liquidation_shock,24,9.470646505685556e-14
aave_v3_linea,liquidation,liquidation_shock,25,2.7396811004212304e-14
aave_v3_linea,liquidation,liquidation_shock,26,7.925385587603661e-15
aave_v3_linea,liquidation,liquidation_shock,27,2.292665985909657e-15
aave_v3_linea,liquidation,liquidation_shock,28,6.632254374074509e-16
aave_v3_linea,liquidation,liquidation_shock,29,1.9185872845290787e-16
aave_v3_linea,liquidation,liquidation_shock,30,5.55011457755152e-17
aave_v3_optimism,basket_return,return_shock,0,0.994474965536872
aave_v3_optimism,basket_return,return_shock,1,-0.06124281267114732
aave_v3_optimism,basket_return,return_shock,2,0.0028296564463895966
aave_v3_optimism,basket_return,return_shock,3,-0.00029615981181594595
aave_v3_optimism,basket_return,return_shock,4,-7.725614479519444e-06
aave_v3_optimism,basket_return,return_shock,5,-4.203088924205673e-06
aave_v3_optimism,basket_return,return_shock,6,-6.27544360036532e-07
aave_v3_optimism,basket_return,return_shock,7,-1.2667976771677e-07
aave_v3_optimism,basket_return,return_shock,8,-2.31829417142769e-08
aave_v3_optimism,basket_return,return_shock,9,-4.370598410100377e-09
aave_v3_optimism,basket_return,return_shock,10,-8.164073674942592e-10
aave_v3_optimism,basket_return,return_shock,11,-1.5293515445635932e-10
aave_v3_optimism,basket_return,return_shock,12,-2.8623752316739342e-11
aave_v3_optimism,basket_return,return_shock,13,-5.358749142203307e-12
aave_v3_optimism,basket_return,return_shock,14,-1.0031456286282956e-12
aave_v3_optimism,basket_return,return_shock,15,-1.8779142058550778e-13
aave_v3_optimism,basket_return,return_shock,16,-3.5154753051438316e-14
aave_v3_optimism,basket_return,return_shock,17,-6.581023218670881e-15
aave_v3_optimism,basket_return,return_shock,18,-1.2319766175980725e-15
aave_v3_optimism,basket_return,return_shock,19,-2.3062777491466593e-16
aave_v3_optimism,basket_return,return_shock,20,-4.3173844340657494e-17
aave_v3_optimism,basket_return,return_shock,21,-8.082204658140245e-18
aave_v3_optimism,basket_return,return_shock,22,-1.5130001204233683e-18
aave_v3_optimism,basket_return,return_shock,23,-2.832357588170342e-19
aave_v3_optimism,basket_return,return_shock,24,-5.3022133929261805e-20
aave_v3_optimism,basket_return,return_shock,25,-9.925818331425445e-21
aave_v3_optimism,basket_return,return_shock,26,-1.8581272053997418e-21
aave_v3_optimism,basket_return,return_shock,27,-3.478440362526112e-22
aave_v3_optimism,basket_return,return_shock,28,-6.511689469061854e-23
aave_v3_optimism,basket_return,return_shock,29,-1.2189974621492615e-23
aave_v3_optimism,basket_return,return_shock,30,-2.2819804595804556e-24
aave_v3_optimism,basket_return,liquidation_shock,0,0.0
aave_v3_optimism,basket_return,liquidation_shock,1,0.004945936479557044
aave_v3_optimism,basket_return,liquidation_shock,2,0.0006401290399797179
aave_v3_optimism,basket_return,liquidation_shock,3,0.00013634301875476768
aave_v3_optimism,basket_return,liquidation_shock,4,2.4569723476130517e-05
aave_v3_optimism,basket_return,liquidation_shock,5,4.654598576814652e-06
aave_v3_optimism,basket_return,liquidation_shock,6,8.681632851007246e-07
aave_v3_optimism,basket_return,liquidation_shock,7,1.6270536009781805e-07
aave_v3_optimism,basket_return,liquidation_shock,8,3.0448044194417054e-08
aave_v3_optimism,basket_return,liquidation_shock,9,5.700530960255622e-09
aave_v3_optimism,basket_return,liquidation_shock,10,1.0671119637819886e-09
aave_v3_optimism,basket_return,liquidation_shock,11,1.9976691613864576e-10
aave_v3_optimism,basket_return,liquidation_shock,12,3.7396530306214245e-11
aave_v3_optimism,basket_return,liquidation_shock,13,7.000690114471701e-12
aave_v3_optimism,basket_return,liquidation_shock,14,1.310538678015676e-12
aave_v3_optimism,basket_return,liquidation_shock,15,2.453347136527171e-13
aave_v3_optimism,basket_return,liquidation_shock,16,4.592700345232752e-14
aave_v3_optimism,basket_return,liquidation_shock,17,8.597599964645142e-15
aave_v3_optimism,basket_return,liquidation_shock,18,1.6094828475130532e-15
aave_v3_optimism,basket_return,liquidation_shock,19,3.0129746166018563e-16
aave_v3_optimism,basket_return,liquidation_shock,20,5.64033101954384e-17
aave_v3_optimism,basket_return,liquidation_shock,21,1.055877930254947e-17
aave_v3_optimism,basket_return,liquidation_shock,22,1.976618392819505e-18
aave_v3_optimism,basket_return,liquidation_shock,23,3.7002575383083976e-19
aave_v3_optimism,basket_return,liquidation_shock,24,6.926934353848781e-20
aave_v3_optimism,basket_return,liquidation_shock,25,1.296731890846022e-20
aave_v3_optimism,basket_return,liquidation_shock,26,2.4275004075954636e-21
aave_v3_optimism,basket_return,liquidation_shock,27,4.54431503572669e-22
aave_v3_optimism,basket_return,liquidation_shock,28,8.507021905872811e-23
aave_v3_optimism,basket_return,liquidation_shock,29,1.592526511433404e-23
aave_v3_optimism,basket_return,liquidation_shock,30,2.9812321135171935e-24
aave_v3_optimism,liquidation,return_shock,0,-0.19466930400973878
aave_v3_optimism,liquidation,return_shock,1,-0.16847568383977723
aave_v3_optimism,liquidation,return_shock,2,-0.023910507006481226
aave_v3_optimism,liquidation,return_shock,3,-0.004916819161154928
aave_v3_optimism,liquidation,return_shock,4,-0.0008949713081109171
aave_v3_optimism,liquidation,return_shock,5,-0.00016901111520004593
aave_v3_optimism,liquidation,return_shock,6,-3.1554117772540984e-05
aave_v3_optimism,liquidation,return_shock,7,-5.911886464059623e-06
aave_v3_optimism,liquidation,return_shock,8,-1.106429750134841e-06
aave_v3_optimism,liquidation,return_shock,9,-2.0714160490246269e-07
aave_v3_optimism,liquidation,return_shock,10,-3.8776253733784954e-08
aave_v3_optimism,liquidation,return_shock,11,-7.259024168399822e-09
aave_v3_optimism,liquidation,return_shock,12,-1.3588964112989398e-09
aave_v3_optimism,liquidation,return_shock,13,-2.5438750942590275e-10
aave_v3_optimism,liquidation,return_shock,14,-4.76216903679894e-11
aave_v3_optimism,liquidation,return_shock,15,-8.914848281425332e-12
aave_v3_optimism,liquidation,return_shock,16,-1.6688721494970746e-12
aave_v3_optimism,liquidation,return_shock,17,-3.124152246214266e-13
aave_v3_optimism,liquidation,return_shock,18,-5.848457101552019e-14
aave_v3_optimism,liquidation,return_shock,19,-1.09483942724455e-14
aave_v3_optimism,liquidation,return_shock,20,-2.0495548649191546e-15
aave_v3_optimism,liquidation,return_shock,21,-3.8367956440322676e-16
aave_v3_optimism,liquidation,return_shock,22,-7.182535615364882e-17
aave_v3_optimism,liquidation,return_shock,23,-1.3445808078795561e-17
aave_v3_optimism,liquidation,return_shock,24,-2.5170742558341977e-18
aave_v3_optimism,liquidation,return_shock,25,-4.71199854428178e-19
aave_v3_optimism,liquidation,return_shock,26,-8.820927801329259e-20
aave_v3_optimism,liquidation,return_shock,27,-1.6512901382515217e-20
aave_v3_optimism,liquidation,return_shock,28,-3.0912384525759773e-21
aave_v3_optimism,liquidation,return_shock,29,-5.786842026927312e-22
aave_v3_optimism,liquidation,return_shock,30,-1.083304997603996e-22
aave_v3_optimism,liquidation,liquidation_shock,0,0.94765708545755
aave_v3_optimism,liquidation,liquidation_shock,1,0.18004220344374325
aave_v3_optimism,liquidation,liquidation_shock,2,0.03355165684817485
aave_v3_optimism,liquidation,liquidation_shock,3,0.006289728272000371
aave_v3_optimism,liquidation,liquidation_shock,4,0.0011769369618938271
aave_v3_optimism,liquidation,liquidation_shock,5,0.0002203536719304359
aave_v3_optimism,liquidation,liquidation_shock,6,4.124881923705936e-05
aave_v3_optimism,liquidation,liquidation_shock,7,7.721935374839329e-06
aave_v3_optimism,liquidation,liquidation_shock,8,1.4455515321395446e-06
aave_v3_optimism,liquidation,liquidation_shock,9,2.706096154423817e-07
aave_v3_optimism,liquidation,liquidation_shock,10,5.0658483136996655e-08
aave_v3_optimism,liquidation,liquidation_shock,11,9.483340659477165e-09
aave_v3_optimism,liquidation,liquidation_shock,12,1.7752946973205716e-09
aave_v3_optimism,liquidation,liquidation_shock,13,3.323376774431242e-10
aave_v3_optimism,liquidation,liquidation_shock,14,6.22140822179102e-11
aave_v3_optimism,liquidation,liquidation_shock,15,1.1646564040445203e-11
aave_v3_optimism,liquidation,liquidation_shock,16,2.1802532308892093e-12
aave_v3_optimism,liquidation,liquidation_shock,17,4.0814648305755117e-13
aave_v3_optimism,liquidation,liquidation_shock,18,7.640559786836042e-14
aave_v3_optimism,liquidation,liquidation_shock,19,1.43032357944721e-14
aave_v3_optimism,liquidation,liquidation_shock,20,2.677585934766217e-15
aave_v3_optimism,liquidation,liquidation_shock,21,5.012478673431521e-16
aave_v3_optimism,liquidation,liquidation_shock,22,9.383430845430459e-17
aave_v3_optimism,liquidation,liquidation_shock,23,1.7565915022782562e-17
aave_v3_optimism,liquidation,liquidation_shock,24,3.2883640927331655e-18
aave_v3_optimism,liquidation,liquidation_shock,25,6.155864008423447e-19
aave_v3_optimism,liquidation,liquidation_shock,26,1.152386433544412e-19
aave_v3_optimism,liquidation,liquidation_shock,27,2.1572836735834922e-20
aave_v3_optimism,liquidation,liquidation_shock,28,4.0384654945961985e-21
aave_v3_optimism,liquidation,liquidation_shock,29,7.560064423030974e-22
aave_v3_optimism,liquidation,liquidation_shock,30,1.415254733681796e-22
aave_v3_polygon,basket_return,return_shock,0,0.9854550056680365
aave_v3_polygon,basket_return,return_shock,1,-0.07860765272215325
aave_v3_polygon,basket_return,return_shock,2,0.05863789261514696
aave_v3_polygon,basket_return,return_shock,3,-0.04017543803191332
aave_v3_polygon,basket_return,return_shock,4,0.00363144061318632
aave_v3_polygon,basket_return,return_shock,5,-0.00823794440427946
aave_v3_polygon,basket_return,return_shock,6,0.0008811837464880839
aave_v3_polygon,basket_return,return_shock,7,-0.001267281865872518
aave_v3_polygon,basket_return,return_shock,8,0.0002907906627694611
aave_v3_polygon,basket_return,return_shock,9,-0.00017985932445691564
aave_v3_polygon,basket_return,return_shock,10,7.1703846728767e-05
aave_v3_polygon,basket_return,return_shock,11,-2.7656297917610775e-05
aave_v3_polygon,basket_return,return_shock,12,1.4422485729718378e-05
aave_v3_polygon,basket_return,return_shock,13,-4.916007970368647e-06
aave_v3_polygon,basket_return,return_shock,14,2.6049779463906506e-06
aave_v3_polygon,basket_return,return_shock,15,-9.49568757594408e-07
aave_v3_polygon,basket_return,return_shock,16,4.5399578132517903e-07
aave_v3_polygon,basket_return,return_shock,17,-1.8434535914836516e-07
aave_v3_polygon,basket_return,return_shock,18,7.994423064742129e-08
aave_v3_polygon,basket_return,return_shock,19,-3.485909685302872e-08
aave_v3_polygon,basket_return,return_shock,20,1.4449511863268266e-08
aave_v3_polygon,basket_return,return_shock,21,-6.431263583311505e-09
aave_v3_polygon,basket_return,return_shock,22,2.6623500049472424e-09
aave_v3_polygon,basket_return,return_shock,23,-1.172198277167471e-09
aave_v3_polygon,basket_return,return_shock,24,4.93562993968887e-10
aave_v3_polygon,basket_return,return_shock,25,-2.1340175744541526e-10
aave_v3_polygon,basket_return,return_shock,26,9.128756470131711e-11
aave_v3_polygon,basket_return,return_shock,27,-3.900417774859506e-11
aave_v3_polygon,basket_return,return_shock,28,1.6808170234669283e-11
aave_v3_polygon,basket_return,return_shock,29,-7.157921246924314e-12
aave_v3_polygon,basket_return,return_shock,30,3.0851345397123503e-12
aave_v3_polygon,basket_return,liquidation_shock,0,0.0
aave_v3_polygon,basket_return,liquidation_shock,1,0.012047825649708742
aave_v3_polygon,basket_return,liquidation_shock,2,0.10812201656615235
aave_v3_polygon,basket_return,liquidation_shock,3,0.010882837093231405
aave_v3_polygon,basket_return,liquidation_shock,4,0.019819895145769907
aave_v3_polygon,basket_return,liquidation_shock,5,8.423549650505817e-05
aave_v3_polygon,basket_return,liquidation_shock,6,0.0025419352047303407
aave_v3_polygon,basket_return,liquidation_shock,7,-0.00046743775016424243
aave_v3_polygon,basket_return,liquidation_shock,8,0.0002918391856997763
aave_v3_polygon,basket_return,liquidation_shock,9,-0.00014008752887599915
aave_v3_polygon,basket_return,liquidation_shock,10,3.983203313178491e-05
aave_v3_polygon,basket_return,liquidation_shock,11,-2.8078034080330837e-05
aave_v3_polygon,basket_return,liquidation_shock,12,7.44166446608494e-06
aave_v3_polygon,basket_return,liquidation_shock,13,-4.801500941967783e-06
aave_v3_polygon,basket_return,liquidation_shock,14,1.576259822666742e-06
aave_v3_polygon,basket_return,liquidation_shock,15,-7.909339769416539e-07
aave_v3_polygon,basket_return,liquidation_shock,16,3.2236805330574546e-07
aave_v3_polygon,basket_return,liquidation_shock,17,-1.3511426664640683e-07
aave_v3_polygon,basket_return,liquidation_shock,18,6.176235808943257e-08
aave_v3_polygon,basket_return,liquidation_shock,19,-2.4384348975434834e-08
aave_v3_polygon,basket_return,liquidation_shock,20,1.1314655410163378e-08
aave_v3_polygon,basket_return,liquidation_shock,21,-4.546288755280044e-09
aave_v3_polygon,basket_return,liquidation_shock,22,2.038236907078007e-09
aave_v3_polygon,basket_return,liquidation_shock,23,-8.520646987652708e-10
aave_v3_polygon,basket_return,liquidation_shock,24,3.681504298980144e-10
aave_v3_polygon,basket_return,liquidation_shock,25,-1.5837979254023265e-10
aave_v3_polygon,basket_return,liquidation_shock,26,6.71359083827697e-11
aave_v3_polygon,basket_return,liquidation_shock,27,-2.916517565537072e-11
aave_v3_polygon,basket_return,liquidation_shock,28,1.2335723717595837e-11
aave_v3_polygon,basket_return,liquidation_shock,29,-5.3431949812137634e-12
aave_v3_polygon,basket_return,liquidation_shock,30,2.2730028175281003e-12
aave_v3_polygon,liquidation,return_shock,0,-0.2615149855538971
aave_v3_polygon,liquidation,return_shock,1,-0.24242716123584823
aave_v3_polygon,liquidation,return_shock,2,-0.03485380268864755
aave_v3_polygon,liquidation,return_shock,3,-0.037938695398556585
aave_v3_polygon,liquidation,return_shock,4,-8.865971403269441e-05
aave_v3_polygon,liquidation,return_shock,5,-0.004202448499343791
aave_v3_polygon,liquidation,return_shock,6,0.0010475597200198345
aave_v3_polygon,liquidation,return_shock,7,-0.00043006013952396076
aave_v3_polygon,liquidation,return_shock,8,0.0002846147478421229
aave_v3_polygon,liquidation,return_shock,9,-6.081100484415779e-05
aave_v3_polygon,liquidation,return_shock,10,5.296681706382039e-05
aave_v3_polygon,liquidation,return_shock,11,-1.2856599548074478e-05
aave_v3_polygon,liquidation,return_shock,12,8.579007421618011e-06
aave_v3_polygon,liquidation,return_shock,13,-2.889196050930789e-06
aave_v3_polygon,liquidation,return_shock,14,1.376315072188464e-06
aave_v3_polygon,liquidation,return_shock,15,-5.946831539500312e-07
aave_v3_polygon,liquidation,return_shock,16,2.3559659242335698e-07
aave_v3_polygon,liquidation,return_shock,17,-1.125601615812486e-07
aave_v3_polygon,liquidation,return_shock,18,4.316333721991374e-08
aave_v3_polygon,liquidation,return_shock,19,-2.0346130738488912e-08
aave_v3_polygon,liquidation,return_shock,20,8.145083396272333e-09
aave_v3_polygon,liquidation,return_shock,21,-3.636938968298287e-09
aave_v3_polygon,liquidation,return_shock,22,1.5333076981447501e-09
aave_v3_polygon,liquidation,return_shock,23,-6.559333521028891e-10
aave_v3_polygon,liquidation,return_shock,24,2.8479114106411137e-10
aave_v3_polygon,liquidation,return_shock,25,-1.1984786136945066e-10
aave_v3_polygon,liquidation,return_shock,26,5.2317035690141504e-11
aave_v3_polygon,liquidation,return_shock,27,-2.2073058266634008e-11
aave_v3_polygon,liquidation,return_shock,28,9.566717066818859e-12
aave_v3_polygon,liquidation,return_shock,29,-4.072562735022902e-12
aave_v3_polygon,liquidation,return_shock,30,1.749905519748102e-12
aave_v3_polygon,liquidation,liquidation_shock,0,0.9162140799388917
aave_v3_polygon,liquidation,liquidation_shock,1,0.1438661225184541
aave_v3_polygon,liquidation,liquidation_shock,2,0.09497770580998387
aave_v3_polygon,liquidation,liquidation_shock,3,0.004677571026676135
aave_v3_polygon,liquidation,liquidation_shock,4,0.0072040559668438515
aave_v3_polygon,liquidation,liquidation_shock,5,-0.002442549745419819
aave_v3_polygon,liquidation,liquidation_shock,6,0.00035903081815609445
aave_v3_polygon,liquidation,liquidation_shock,7,-0.0006618458903263416
aave_v3_polygon,liquidation,liquidation_shock,8,4.288320552638073e-05
aave_v3_polygon,liquidation,liquidation_shock,9,-0.00011100718853324654
aave_v3_polygon,liquidation,liquidation_shock,10,1.721911625952386e-05
aave_v3_polygon,liquidation,liquidation_shock,11,-1.5714339759632303e-05
aave_v3_polygon,liquidation,liquidation_shock,12,5.020696117952462e-06
aave_v3_polygon,liquidation,liquidation_shock,13,-2.2586053777707765e-06
aave_v3_polygon,liquidation,liquidation_shock,14,1.1009248330336576e-06
aave_v3_polygon,liquidation,liquidation_shock,15,-3.7521702114848566e-07
aave_v3_polygon,liquidation,liquidation_shock,16,2.0625681118248692e-07
aave_v3_polygon,liquidation,liquidation_shock,17,-7.09712061368197e-08
aave_v3_polygon,liquidation,liquidation_shock,18,3.6099888003431664e-08
aave_v3_polygon,liquidation,liquidation_shock,19,-1.3917105474041129e-08
aave_v3_polygon,liquidation,liquidation_shock,20,6.280082892662037e-09
aave_v3_polygon,liquidation,liquidation_shock,21,-2.6735051663695407e-09
aave_v3_polygon,liquidation,liquidation_shock,22,1.119975518407132e-09
aave_v3_polygon,liquidation,liquidation_shock,23,-4.983137338335629e-10
aave_v3_polygon,liquidation,liquidation_shock,24,2.049669812958666e-10
aave_v3_polygon,liquidation,liquidation_shock,25,-9.111316674512029e-11
aave_v3_polygon,liquidation,liquidation_shock,26,3.798132267392105e-11
aave_v3_polygon,liquidation,liquidation_shock,27,-1.6566185259757892e-11
aave_v3_polygon,liquidation,liquidation_shock,28,7.041141766218512e-12
aave_v3_polygon,liquidation,liquidation_shock,29,-3.0203642409180507e-12
aave_v3_polygon,liquidation,liquidation_shock,30,1.2993434536744956e-12
aave_v3_scroll,basket_return,return_shock,0,0.9919414998510516
aave_v3_scroll,basket_return,return_shock,1,-0.05651561462446529
aave_v3_scroll,basket_return,return_shock,2,0.05721651363878341
aave_v3_scroll,basket_return,return_shock,3,-0.06370607009565671
aave_v3_scroll,basket_return,return_shock,4,0.028115362062501936
aave_v3_scroll,basket_return,return_shock,5,-0.0072691642477882516
aave_v3_scroll,basket_return,return_shock,6,0.002292139896986731
aave_v3_scroll,basket_return,return_shock,7,-0.0007699186447770648
aave_v3_scroll,basket_return,return_shock,8,0.0008424065548836672
aave_v3_scroll,basket_return,return_shock,9,-0.00025411363603532845
aave_v3_scroll,basket_return,return_shock,10,0.00019767975314694507
aave_v3_scroll,basket_return,return_shock,11,1.1403744008524834e-05
aave_v3_scroll,basket_return,return_shock,12,4.799142669497835e-05
aave_v3_scroll,basket_return,return_shock,13,1.444993637352519e-05
aave_v3_scroll,basket_return,return_shock,14,2.036080638552366e-05
aave_v3_scroll,basket_return,return_shock,15,9.022279482859455e-06
aave_v3_scroll,basket_return,return_shock,16,8.107951912883803e-06
aave_v3_scroll,basket_return,return_shock,17,4.921875427594354e-06
aave_v3_scroll,basket_return,return_shock,18,3.655177774660496e-06
aave_v3_scroll,basket_return,return_shock,19,2.3791187756497427e-06
aave_v3_scroll,basket_return,return_shock,20,1.7030054197302535e-06
aave_v3_scroll,basket_return,return_shock,21,1.1442455892545343e-06
aave_v3_scroll,basket_return,return_shock,22,7.974399443663018e-07
aave_v3_scroll,basket_return,return_shock,23,5.44649728154775e-07
aave_v3_scroll,basket_return,return_shock,24,3.7657115233945977e-07
aave_v3_scroll,basket_return,return_shock,25,2.582029771850579e-07
aave_v3_scroll,basket_return,return_shock,26,1.7803264920838968e-07
aave_v3_scroll,basket_return,return_shock,27,1.2233738492794623e-07
aave_v3_scroll,basket_return,return_shock,28,8.422952829079229e-08
aave_v3_scroll,basket_return,return_shock,29,5.7925286770015705e-08
aave_v3_scroll,basket_return,return_shock,30,3.986544221035842e-08
aave_v3_scroll,basket_return,liquidation_shock,0,0.0
aave_v3_scroll,basket_return,liquidation_shock,1,0.0016596742756547487
aave_v3_scroll,basket_return,liquidation_shock,2,0.016830783594545533
aave_v3_scroll,basket_return,liquidation_shock,3,-0.05992903363464931
aave_v3_scroll,basket_return,liquidation_shock,4,-0.004912252313905455
aave_v3_scroll,basket_return,liquidation_shock,5,-0.01001175041230603
aave_v3_scroll,basket_return,liquidation_shock,6,-0.007129777028033575
aave_v3_scroll,basket_return,liquidation_shock,7,-0.005177764387865477
aave_v3_scroll,basket_return,liquidation_shock,8,-0.0028548796547279705
aave_v3_scroll,basket_return,liquidation_shock,9,-0.0023930575535611154
aave_v3_scroll,basket_return,liquidation_shock,10,-0.0015183401255962966
aave_v3_scroll,basket_return,liquidation_shock,11,-0.0010623912824744303
aave_v3_scroll,basket_return,liquidation_shock,12,-0.0007259641377514774
aave_v3_scroll,basket_return,liquidation_shock,13,-0.0005066256906431827
aave_v3_scroll,basket_return,liquidation_shock,14,-0.00034356446732860244
aave_v3_scroll,basket_return,liquidation_shock,15,-0.00023831671591406298
aave_v3_scroll,basket_return,liquidation_shock,16,-0.00016350482084569653
aave_v3_scroll,basket_return,liquidation_shock,17,-0.00011260876654608381
aave_v3_scroll,basket_return,liquidation_shock,18,-7.739443734416315e-05
aave_v3_scroll,basket_return,liquidation_shock,19,-5.330650341708339e-05
aave_v3_scroll,basket_return,liquidation_shock,20,-3.6649071941642145e-05
aave_v3_scroll,basket_return,liquidation_shock,21,-2.5223394106682736e-05
aave_v3_scroll,basket_return,liquidation_shock,22,-1.7351753763331378e-05
aave_v3_scroll,basket_return,liquidation_shock,23,-1.1939357493028773e-05
aave_v3_scroll,basket_return,liquidation_shock,24,-8.213760642648024e-06
aave_v3_scroll,basket_return,liquidation_shock,25,-5.6515369995431905e-06
aave_v3_scroll,basket_return,liquidation_shock,26,-3.888211754547959e-06
aave_v3_scroll,basket_return,liquidation_shock,27,-2.6751879256620303e-06
aave_v3_scroll,basket_return,liquidation_shock,28,-1.8405526136564482e-06
aave_v3_scroll,basket_return,liquidation_shock,29,-1.2663361264295486e-06
aave_v3_scroll,basket_return,liquidation_shock,30,-8.712534348319718e-07
aave_v3_scroll,liquidation,return_shock,0,-0.1669844094157886
aave_v3_scroll,liquidation,return_shock,1,-0.25258657706195375
aave_v3_scroll,liquidation,return_shock,2,-0.012239352299734642
aave_v3_scroll,liquidation,return_shock,3,0.04899554262200082
aave_v3_scroll,liquidation,return_shock,4,-0.023659426975136615
aave_v3_scroll,liquidation,return_shock,5,-0.0029121207944969563
aave_v3_scroll,liquidation,return_shock,6,-0.0002722002374265412
aave_v3_scroll,liquidation,return_shock,7,-0.0016047638432220694
aave_v3_scroll,liquidation,return_shock,8,-0.0014440547501869433
aave_v3_scroll,liquidation,return_shock,9,-0.0004418303828317037
aave_v3_scroll,liquidation,return_shock,10,-0.0005139601949866803
aave_v3_scroll,liquidation,return_shock,11,-0.00033616937862419297
aave_v3_scroll,liquidation,return_shock,12,-0.00022074386264007935
aave_v3_scroll,liquidation,return_shock,13,-0.00015050500199043177
aave_v3_scroll,liquidation,return_shock,14,-0.0001087676989622512
aave_v3_scroll,liquidation,return_shock,15,-7.211283539934603e-05
aave_v3_scroll,liquidation,return_shock,16,-5.019659455963079e-05
aave_v3_scroll,liquidation,return_shock,17,-3.4542931760930336e-05
aave_v3_scroll,liquidation,return_shock,18,-2.377632675085563e-05
aave_v3_scroll,liquidation,return_shock,19,-1.6309747044787012e-05
aave_v3_scroll,liquidation,return_shock,20,-1.125362986359978e-05
aave_v3_scroll,liquidation,return_shock,21,-7.732355829798188e-06
aave_v3_scroll,liquidation,return_shock,22,-5.321499893622671e-06
aave_v3_scroll,liquidation,return_shock,23,-3.6609520269999262e-06
aave_v3_scroll,liquidation,return_shock,24,-2.519276647831258e-06
aave_v3_scroll,liquidation,return_shock,25,-1.7329312100707545e-06
aave_v3_scroll,liquidation,return_shock,26,-1.1924330558816766e-06
aave_v3_scroll,liquidation,return_shock,27,-8.203743888477426e-07
aave_v3_scroll,liquidation,return_shock,28,-5.644382259128956e-07
aave_v3_scroll,liquidation,return_shock,29,-3.883361342807286e-07
aave_v3_scroll,liquidation,return_shock,30,-2.671852071917819e-07
aave_v3_scroll,liquidation,liquidation_shock,0,0.8938333366982326
aave_v3_scroll,liquidation,liquidation_shock,1,0.17187077112977975
aave_v3_scroll,liquidation,liquidation_shock,2,0.13423466518272995
aave_v3_scroll,liquidation,liquidation_shock,3,0.18793977703494882
aave_v3_scroll,liquidation,liquidation_shock,4,0.09376562043521097
aave_v3_scroll,liquidation,liquidation_shock,5,0.06193833526006546
aave_v3_scroll,liquidation,liquidation_shock,6,0.04792958698550504
aave_v3_scroll,liquidation,liquidation_shock,7,0.03214419092039827
aave_v3_scroll,liquidation,liquidation_shock,8,0.021369320291818168
aave_v3_scroll,liquidation,liquidation_shock,9,0.015135312479933511
aave_v3_scroll,liquidation,liquidation_shock,10,0.010367758731884613
aave_v3_scroll,liquidation,liquidation_shock,11,0.007091895425256666
aave_v3_scroll,liquidation,liquidation_shock,12,0.004893550501434534
aave_v3_scroll,liquidation,liquidation_shock,13,0.003371378788111984
aave_v3_scroll,liquidation,liquidation_shock,14,0.0023149048374969438
aave_v3_scroll,liquidation,liquidation_shock,15,0.001593832369263788
aave_v3_scroll,liquidation,liquidation_shock,16,0.0010967781136897493
aave_v3_scroll,liquidation,liquidation_shock,17,0.0007544378620179471
aave_v3_scroll,liquidation,liquidation_shock,18,0.0005190488114722208
aave_v3_scroll,liquidation,liquidation_shock,19,0.00035715796711877
aave_v3_scroll,liquidation,liquidation_shock,20,0.0002457125423628366
aave_v3_scroll,liquidation,liquidation_shock,21,0.0001690547681825655
aave_v3_scroll,liquidation,liquidation_shock,22,0.00011631351763917768
aave_v3_scroll,liquidation,liquidation_shock,23,8.002534226263255e-05
aave_v3_scroll,liquidation,liquidation_shock,24,5.5058222882660536e-05
aave_v3_scroll,liquidation,liquidation_shock,25,3.788108985983774e-05
aave_v3_scroll,liquidation,liquidation_shock,26,2.6062706367365863e-05
aave_v3_scroll,liquidation,liquidation_shock,27,1.793152097485813e-05
aave_v3_scroll,liquidation,liquidation_shock,28,1.2337152748548247e-05
aave_v3_scroll,liquidation,liquidation_shock,29,8.488146485366066e-06
aave_v3_scroll,liquidation,liquidation_shock,30,5.8399675553622465e-06
aave_v3_sonic,basket_return,return_shock,0,1.0004083298527668
aave_v3_sonic,basket_return,return_shock,1,-0.04308564067603399
aave_v3_sonic,basket_return,return_shock,2,-0.002519839976875127
aave_v3_sonic,basket_return,return_shock,3,1.256177727158941e-05
aave_v3_sonic,basket_return,return_shock,4,4.242337270289844e-06
aave_v3_sonic,basket_return,return_shock,5,7.326804166048775e-08
aave_v3_sonic,basket_return,return_shock,6,-5.0715337856395425e-09
aave_v3_sonic,basket_return,return_shock,7,-2.2657072894182596e-10
aave_v3_sonic,basket_return,return_shock,8,3.014640589174629e-12
aave_v3_sonic,basket_return,return_shock,9,4.2279390892643026e-13
aave_v3_sonic,basket_return,return_shock,10,4.52698445445746e-15
aave_v3_sonic,basket_return,return_shock,11,-5.66292633956236e-16
aave_v3_sonic,basket_return,return_shock,12,-1.9546533380433032e-17
aave_v3_sonic,basket_return,return_shock,13,4.627840100215276e-19
aave_v3_sonic,basket_return,return_shock,14,4.092073936081013e-20
aave_v3_sonic,basket_return,return_shock,15,1.689441680104671e-22
aave_v3_sonic,basket_return,return_shock,16,-6.071374254115904e-23
aave_v3_sonic,basket_return,return_shock,17,-1.5975373063491088e-24
aave_v3_sonic,basket_return,return_shock,18,6.054064683123388e-26
aave_v3_sonic,basket_return,return_shock,19,3.842688548260863e-27
aave_v3_sonic,basket_return,return_shock,20,-1.1027312998146138e-29
aave_v3_sonic,basket_return,return_shock,21,-6.291163603469004e-30
aave_v3_sonic,basket_return,return_shock,22,-1.206186816357412e-31
aave_v3_sonic,basket_return,return_shock,23,7.258378813910817e-33
aave_v3_sonic,basket_return,return_shock,24,3.4907403467325958e-34
aave_v3_sonic,basket_return,return_shock,25,-3.770505702564392e-36
aave_v3_sonic,basket_return,return_shock,26,-6.322211334320612e-37
aave_v3_sonic,basket_return,return_shock,27,-7.930246750258158e-39
aave_v3_sonic,basket_return,return_shock,28,8.213405945483227e-40
aave_v3_sonic,basket_return,return_shock,29,3.049781556959379e-41
aave_v3_sonic,basket_return,return_shock,30,-6.241061438163954e-43
aave_v3_sonic,basket_return,liquidation_shock,0,0.0
aave_v3_sonic,basket_return,liquidation_shock,1,0.015343223459478954
aave_v3_sonic,basket_return,liquidation_shock,2,0.00033650882554626715
aave_v3_sonic,basket_return,liquidation_shock,3,-1.677356779733728e-05
aave_v3_sonic,basket_return,liquidation_shock,4,-8.976247023297677e-07
aave_v3_sonic,basket_return,liquidation_shock,5,6.7188331224310465e-09
aave_v3_sonic,basket_return,liquidation_shock,6,1.5604341589489619e-09
aave_v3_sonic,basket_return,liquidation_shock,7,2.364651720405461e-11
aave_v3_sonic,basket_return,liquidation_shock,8,-1.9378795793375263e-12
aave_v3_sonic,basket_return,liquidation_shock,9,-7.972701146527042e-14
aave_v3_sonic,basket_return,liquidation_shock,10,1.3021070638348208e-15
aave_v3_sonic,basket_return,liquidation_shock,11,1.5406732001045494e-16
aave_v3_sonic,basket_return,liquidation_shock,12,1.3291887701843852e-18
aave_v3_sonic,basket_return,liquidation_shock,13,-2.1338696764374453e-19
aave_v3_sonic,basket_return,liquidation_shock,14,-6.772481659004628e-21
aave_v3_sonic,basket_return,liquidation_shock,15,1.8738755095446129e-22
aave_v3_sonic,basket_return,liquidation_shock,16,1.4771306414950112e-23
aave_v3_sonic,basket_return,liquidation_shock,17,2.897263041556802e-26
aave_v3_sonic,basket_return,liquidation_shock,18,-2.261814231677776e-26
aave_v3_sonic,basket_return,liquidation_shock,19,-5.41672793999394e-28
aave_v3_sonic,basket_return,liquidation_shock,20,2.3726358771475315e-29
aave_v3_sonic,basket_return,liquidation_shock,21,1.3730910804058871e-30
aave_v3_sonic,basket_return,liquidation_shock,22,-7.236223249091063e-33
aave_v3_sonic,basket_return,liquidation_shock,23,-2.3202795024506105e-33
aave_v3_sonic,basket_return,liquidation_shock,24,-3.949701119646963e-35
aave_v3_sonic,basket_return,liquidation_shock,25,2.7864237254699517e-36
aave_v3_sonic,basket_return,liquidation_shock,26,1.2328982273168232e-37
aave_v3_sonic,basket_return,liquidation_shock,27,-1.6824955612582147e-39
aave_v3_sonic,basket_return,liquidation_shock,28,-2.3098832494050017e-40
aave_v3_sonic,basket_return,liquidation_shock,29,-2.4174039538816193e-42
aave_v3_sonic,basket_return,liquidation_shock,30,3.1061221957943935e-43
aave_v3_sonic,liquidation,return_shock,0,-0.2581956404899555
aave_v3_sonic,liquidation,return_shock,1,-0.2544107974223991
aave_v3_sonic,liquidation,return_shock,2,-0.0051732965653755346
aave_v3_sonic,liquidation,return_shock,3,0.00028704233734896055
aave_v3_sonic,liquidation,return_shock,4,1.4439443133272501e-05
aave_v3_sonic,liquidation,return_shock,5,-1.351863122610354e-07
aave_v3_sonic,liquidation,return_shock,6,-2.5696057356614737e-08
aave_v3_sonic,liquidation,return_shock,7,-3.5075240329991866e-10
aave_v3_sonic,liquidation,return_shock,8,3.27590154131742e-11
aave_v3_sonic,liquidation,return_shock,9,1.2706416414963721e-12
aave_v3_sonic,liquidation,return_shock,10,-2.3702716565164747e-14
aave_v3_sonic,liquidation,return_shock,11,-2.5201440316563504e-15
aave_v3_sonic,liquidation,return_shock,12,-1.795825391745973e-17
aave_v3_sonic,liquidation,return_shock,13,3.573448117542013e-18
aave_v3_sonic,liquidation,return_shock,14,1.0664374561964524e-19
aave_v3_sonic,liquidation,return_shock,15,-3.286543478278376e-21
aave_v3_sonic,liquidation,return_shock,16,-2.399635241101448e-22
aave_v3_sonic,liquidation,return_shock,17,-8.909333754475528e-26
aave_v3_sonic,liquidation,return_shock,18,3.7580602956386692e-25
aave_v3_sonic,liquidation,return_shock,19,8.382462664902627e-27
aave_v3_sonic,liquidation,return_shock,20,-4.077638015255907e-28
aave_v3_sonic,liquidation,return_shock,21,-2.2139111793862014e-29
aave_v3_sonic,liquidation,return_shock,22,1.5636103676074122e-31
aave_v3_sonic,liquidation,return_shock,23,3.828158483542788e-32
aave_v3_sonic,liquidation,return_shock,24,5.9344513079012935e-34
aave_v3_sonic,liquidation,return_shock,25,-4.7248891868558574e-35
aave_v3_sonic,liquidation,return_shock,26,-1.970491242461784e-36
aave_v3_sonic,liquidation,return_shock,27,3.116409243984854e-38
aave_v3_sonic,liquidation,return_shock,28,3.785518343684337e-39
aave_v3_sonic,liquidation,return_shock,29,3.3964554497255086e-41
aave_v3_sonic,liquidation,return_shock,30,-5.214398716120625e-42
aave_v3_sonic,liquidation,liquidation_shock,0,0.9311256515237482
aave_v3_sonic,liquidation,liquidation_shock,1,0.05656335761202648
aave_v3_sonic,liquidation,liquidation_shock,2,-0.00022526251568433
aave_v3_sonic,liquidation,liquidation_shock,3,-9.398474142727709e-05
aave_v3_sonic,liquidation,liquidation_shock,4,-1.7066638721181456e-06
aave_v3_sonic,liquidation,liquidation_shock,5,1.1052379111175636e-07
aave_v3_sonic,liquidation,liquidation_shock,6,5.110714274617854e-09
aave_v3_sonic,liquidation,liquidation_shock,7,-6.19023041538962e-11
aave_v3_sonic,liquidation,liquidation_shock,8,-9.403134096074207e-12
aave_v3_sonic,liquidation,liquidation_shock,9,-1.0878125667263235e-13
aave_v3_sonic,liquidation,liquidation_shock,10,1.2416984712493838e-14
aave_v3_sonic,liquidation,liquidation_shock,11,4.4357805839197746e-16
aave_v3_sonic,liquidation,liquidation_shock,12,-9.818716368286875e-18
aave_v3_sonic,liquidation,liquidation_shock,13,-9.136429386380405e-19
aave_v3_sonic,liquidation,liquidation_shock,14,-4.581081213256842e-21
aave_v3_sonic,liquidation,liquidation_shock,15,1.3378200567104373e-21
aave_v3_sonic,liquidation,liquidation_shock,16,3.655289685184316e-23
aave_v3_sonic,liquidation,liquidation_shock,17,-1.3043679219960315e-24
aave_v3_sonic,liquidation,liquidation_shock,18,-8.615051346914455e-26
aave_v3_sonic,liquidation,liquidation_shock,19,1.6392728992906313e-28
aave_v3_sonic,liquidation,liquidation_shock,20,1.3921679846225114e-28
aave_v3_sonic,liquidation,liquidation_shock,21,2.7952533563961596e-30
aave_v3_sonic,liquidation,liquidation_shock,22,-1.5785484384254878e-31
aave_v3_sonic,liquidation,liquidation_shock,23,-7.862483220949769e-33
aave_v3_sonic,liquidation,liquidation_shock,24,7.606069127768265e-35
aave_v3_sonic,liquidation,liquidation_shock,25,1.4045600063049057e-35
aave_v3_sonic,liquidation,liquidation_shock,26,1.8831150735103104e-37
aave_v3_sonic,liquidation,liquidation_shock,27,-1.7981073575850885e-38
aave_v3_sonic,liquidation,liquidation_shock,28,-6.9080976148887236e-40
aave_v3_sonic,liquidation,liquidation_shock,29,1.3155618396143738e-41
aave_v3_sonic,liquidation,liquidation_shock,30,1.376030031020534e-42
benqi_lending_avalanche,basket_return,return_shock,0,0.9807509415932841
benqi_lending_avalanche,basket_return,return_shock,1,0.1774371526886167
benqi_lending_avalanche,basket_return,return_shock,2,0.034445991702559686
benqi_lending_avalanche,basket_return,return_shock,3,0.007162273927859999
benqi_lending_avalanche,basket_return,return_shock,4,0.0015790309549545876
benqi_lending_avalanche,basket_return,return_shock,5,0.00036396183457366
benqi_lending_avalanche,basket_return,return_shock,6,8.652760573165618e-05
benqi_lending_avalanche,basket_return,return_shock,7,2.0990311325507258e-05
benqi_lending_avalanche,basket_return,return_shock,8,5.156645765845634e-06
benqi_lending_avalanche,basket_return,return_shock,9,1.2766065246457446e-06
benqi_lending_avalanche,basket_return,return_shock,10,3.1750431729120746e-07
benqi_lending_avalanche,basket_return,return_shock,11,7.918281998810669e-08
benqi_lending_avalanche,basket_return,return_shock,12,1.977942914071819e-08
benqi_lending_avalanche,basket_return,return_shock,13,4.9454865963501576e-09
benqi_lending_avalanche,basket_return,return_shock,14,1.2372184037264223e-09
benqi_lending_avalanche,basket_return,return_shock,15,3.096175714542098e-10
benqi_lending_avalanche,basket_return,return_shock,16,7.74975433099151e-11
benqi_lending_avalanche,basket_return,return_shock,17,1.9399874923356738e-11
benqi_lending_avalanche,basket_return,return_shock,18,4.8566678948378095e-12
benqi_lending_avalanche,basket_return,return_shock,19,1.215890747948761e-12
benqi_lending_avalanche,basket_return,return_shock,20,3.044110803245424e-13
benqi_lending_avalanche,basket_return,return_shock,21,7.621352832252867e-14
benqi_lending_avalanche,basket_return,return_shock,22,1.9081258718423382e-14
benqi_lending_avalanche,basket_return,return_shock,23,4.777315539566403e-15
benqi_lending_avalanche,basket_return,return_shock,24,1.1960848189447023e-15
benqi_lending_avalanche,basket_return,return_shock,25,2.994612952137773e-16
benqi_lending_avalanche,basket_return,return_shock,26,7.497557597137429e-17
benqi_lending_avalanche,basket_return,return_shock,27,1.8771507532885264e-17
benqi_lending_avalanche,basket_return,return_shock,28,4.6997918896852275e-18
benqi_lending_avalanche,basket_return,return_shock,29,1.1766794840043463e-18
benqi_lending_avalanche,basket_return,return_shock,30,2.946034179770946e-19
benqi_lending_avalanche,basket_return,liquidation_shock,0,0.0
benqi_lending_avalanche,basket_return,liquidation_shock,1,-0.014934082688682446
benqi_lending_avalanche,basket_return,liquidation_shock,2,-0.005926927131155775
benqi_lending_avalanche,basket_return,liquidation_shock,3,-0.001804452471203802
benqi_lending_avalanche,basket_return,liquidation_shock,4,-0.0004987379553678176
benqi_lending_avalanche,basket_return,liquidation_shock,5,-0.00013174808529482876
benqi_lending_avalanche,basket_return,liquidation_shock,6,-3.3993489902271146e-05
benqi_lending_avalanche,basket_return,liquidation_shock,7,-8.658563148713403e-06
benqi_lending_avalanche,basket_return,liquidation_shock,8,-2.189464802438227e-06
benqi_lending_avalanche,basket_return,liquidation_shock,9,-5.513423772140841e-07
benqi_lending_avalanche,basket_return,liquidation_shock,10,-1.3850308480906355e-07
benqi_lending_avalanche,basket_return,liquidation_shock,11,-3.474483370865941e-08
benqi_lending_avalanche,basket_return,liquidation_shock,12,-8.708977516655255e-09
benqi_lending_avalanche,basket_return,liquidation_shock,13,-2.1819135931278934e-09
benqi_lending_avalanche,basket_return,liquidation_shock,14,-5.4649631094203e-10
benqi_lending_avalanche,basket_return,liquidation_shock,15,-1.3685679256105424e-10
benqi_lending_avalanche,basket_return,liquidation_shock,16,-3.426921923002605e-11
benqi_lending_avalanche,basket_return,liquidation_shock,17,-8.580605187837176e-12
benqi_lending_avalanche,basket_return,liquidation_shock,18,-2.148411679222192e-12
benqi_lending_avalanche,basket_return,liquidation_shock,19,-5.379090180711996e-13
benqi_lending_avalanche,basket_return,liquidation_shock,20,-1.3467758196889054e-13
benqi_lending_avalanche,basket_return,liquidation_shock,21,-3.3719332273732324e-14
benqi_lending_avalanche,basket_return,liquidation_shock,22,-8.442303595226855e-15
benqi_lending_avalanche,basket_return,liquidation_shock,23,-2.1136934273997985e-15
benqi_lending_avalanche,basket_return,liquidation_shock,24,-5.292031994421131e-16
benqi_lending_avalanche,basket_return,liquidation_shock,25,-1.324959470280042e-16
benqi_lending_avalanche,basket_return,liquidation_shock,26,-3.317283068422993e-17
benqi_lending_avalanche,basket_return,liquidation_shock,27,-8.305434486787447e-18
benqi_lending_avalanche,basket_return,liquidation_shock,28,-2.0794195139535774e-18
benqi_lending_avalanche,basket_return,liquidation_shock,29,-5.206211829951874e-19
benqi_lending_avalanche,basket_return,liquidation_shock,30,-1.3034714744264721e-19
benqi_lending_avalanche,liquidation,return_shock,0,-0.2242780913496485
benqi_lending_avalanche,liquidation,return_shock,1,-0.18677409458876207
benqi_lending_avalanche,liquidation,return_shock,2,-0.06589898762759026
benqi_lending_avalanche,liquidation,return_shock,3,-0.019302624913878297
benqi_lending_avalanche,liquidation,return_shock,4,-0.005243506999779747
benqi_lending_avalanche,liquidation,return_shock,5,-0.0013729836908081298
benqi_lending_avalanche,liquidation,return_shock,6,-0.00035256769713818987
benqi_lending_avalanche,liquidation,return_shock,7,-8.956339819178905e-05
benqi_lending_avalanche,liquidation,return_shock,8,-2.26130708515096e-05
benqi_lending_avalanche,liquidation,return_shock,9,-5.6893215876138435e-06
benqi_lending_avalanche,liquidation,return_shock,10,-1.4284881130132244e-06
benqi_lending_avalanche,liquidation,return_shock,11,-3.5824340066744334e-07
benqi_lending_avalanche,liquidation,return_shock,12,-8.978002707548553e-08
benqi_lending_avalanche,liquidation,return_shock,13,-2.2490860128098256e-08
benqi_lending_avalanche,liquidation,return_shock,14,-5.632873562695197e-09
benqi_lending_avalanche,liquidation,return_shock,15,-1.4105681314317204e-09
benqi_lending_avalanche,liquidation,return_shock,16,-3.532019655576918e-10
benqi_lending_avalanche,liquidation,return_shock,17,-8.843652481603586e-11
benqi_lending_avalanche,liquidation,return_shock,18,-2.2142580805242904e-11
benqi_lending_avalanche,liquidation,return_shock,19,-5.543930723692181e-12
benqi_lending_avalanche,liquidation,return_shock,20,-1.3880440459271227e-12
benqi_lending_avalanche,liquidation,return_shock,21,-3.475251977017422e-13
benqi_lending_avalanche,liquidation,return_shock,22,-8.700975495216761e-14
benqi_lending_avalanche,liquidation,return_shock,23,-2.1784558859643232e-14
benqi_lending_avalanche,liquidation,return_shock,24,-5.454175560679325e-15
benqi_lending_avalanche,liquidation,return_shock,25,-1.3655549306916547e-15
benqi_lending_avalanche,liquidation,return_shock,26,-3.4189210462530644e-16
benqi_lending_avalanche,liquidation,return_shock,27,-8.559903569911045e-17
benqi_lending_avalanche,liquidation,return_shock,28,-2.1431304969827066e-17
benqi_lending_avalanche,liquidation,return_shock,29,-5.365723971692062e-18
benqi_lending_avalanche,liquidation,return_shock,30,-1.3434082759122437e-18
benqi_lending_avalanche,liquidation,liquidation_shock,0,0.9314078491626062
benqi_lending_avalanche,liquidation,liquidation_shock,1,0.20455529614657064
benqi_lending_avalanche,liquidation,liquidation_shock,2,0.04701834219011307
benqi_lending_avalanche,liquidation,liquidation_shock,3,0.011157201072289976
benqi_lending_avalanche,liquidation,liquidation_shock,4,0.002703354034589253
benqi_lending_avalanche,liquidation,liquidation_shock,5,0.0006636408692370396
benqi_lending_avalanche,liquidation,liquidation_shock,6,0.0001642218167321426
benqi_lending_avalanche,liquidation,liquidation_shock,7,4.0832783729796133e-05
benqi_lending_avalanche,liquidation,liquidation_shock,8,1.0181754671404063e-05
benqi_lending_avalanche,liquidation,liquidation_shock,9,2.5431124088333482e-06
benqi_lending_avalanche,liquidation,liquidation_shock,10,6.35824739231361e-07
benqi_lending_avalanche,liquidation,liquidation_shock,11,1.5906002092964136e-07
benqi_lending_avalanche,liquidation,liquidation_shock,12,3.980450429067485e-08
benqi_lending_avalanche,liquidation,liquidation_shock,13,9.962993455319832e-09
benqi_lending_avalanche,liquidation,liquidation_shock,14,2.494009376717349e-09
benqi_lending_avalanche,liquidation,liquidation_shock,15,6.243612550699359e-10
benqi_lending_avalanche,liquidation,liquidation_shock,16,1.5631157796717786e-10
benqi_lending_avalanche,liquidation,liquidation_shock,17,3.913420332681639e-11
benqi_lending_avalanche,liquidation,liquidation_shock,18,9.79778229164622e-12
benqi_lending_avalanche,liquidation,liquidation_shock,19,2.4530282406030464e-12
benqi_lending_avalanche,liquidation,liquidation_shock,20,6.141569126534979e-13
benqi_lending_avalanche,liquidation,liquidation_shock,21,1.537649426675895e-13
benqi_lending_avalanche,liquidation,liquidation_shock,22,3.8497808967399695e-14
benqi_lending_avalanche,liquidation,liquidation_shock,23,9.638625423728862e-15
benqi_lending_avalanche,liquidation,liquidation_shock,24,2.4132061940690766e-15
benqi_lending_avalanche,liquidation,liquidation_shock,25,6.041905095107613e-16
benqi_lending_avalanche,liquidation,liquidation_shock,26,1.5127022352900422e-16
benqi_lending_avalanche,liquidation,liquidation_shock,27,3.7873291094660517e-17
benqi_lending_avalanche,liquidation,liquidation_shock,28,9.482277722573173e-18
benqi_lending_avalanche,liquidation,liquidation_shock,29,2.374063399176453e-18
benqi_lending_avalanche,liquidation,liquidation_shock,30,5.943906424610507e-19
compound_v2_ethereum,basket_return,return_shock,0,0.9850631612660279
compound_v2_ethereum,basket_return,return_shock,1,-0.042608358228409825
compound_v2_ethereum,basket_return,return_shock,2,0.08505093634086584
compound_v2_ethereum,basket_return,return_shock,3,-0.05869607310838686
compound_v2_ethereum,basket_return,return_shock,4,-0.02254357955385002
compound_v2_ethereum,basket_return,return_shock,5,-0.008543510210188322
compound_v2_ethereum,basket_return,return_shock,6,-0.001297280584328188
compound_v2_ethereum,basket_return,return_shock,7,0.0050874500138440625
compound_v2_ethereum,basket_return,return_shock,8,0.0021267950792000145
compound_v2_ethereum,basket_return,return_shock,9,0.0010659024770312139
compound_v2_ethereum,basket_return,return_shock,10,0.0003002274749592117
compound_v2_ethereum,basket_return,return_shock,11,0.00016044276900592134
compound_v2_ethereum,basket_return,return_shock,12,8.191616451930118e-05
compound_v2_ethereum,basket_return,return_shock,13,7.720705559417073e-05
compound_v2_ethereum,basket_return,return_shock,14,0.00011238104273329396
compound_v2_ethereum,basket_return,return_shock,15,9.188358347337424e-05
compound_v2_ethereum,basket_return,return_shock,16,6.064679959404314e-05
compound_v2_ethereum,basket_return,return_shock,17,4.161319096731881e-05
compound_v2_ethereum,basket_return,return_shock,18,3.130615248762801e-05
compound_v2_ethereum,basket_return,return_shock,19,2.2199544206258445e-05
compound_v2_ethereum,basket_return,return_shock,20,1.5624170921112707e-05
compound_v2_ethereum,basket_return,return_shock,21,1.1897864564249868e-05
compound_v2_ethereum,basket_return,return_shock,22,9.081623411882433e-06
compound_v2_ethereum,basket_return,return_shock,23,6.6145498941982e-06
compound_v2_ethereum,basket_return,return_shock,24,4.803821791326087e-06
compound_v2_ethereum,basket_return,return_shock,25,3.5666678530297273e-06
compound_v2_ethereum,basket_return,return_shock,26,2.6332959632051583e-06
compound_v2_ethereum,basket_return,return_shock,27,1.920256338871385e-06
compound_v2_ethereum,basket_return,return_shock,28,1.411119539833365e-06
compound_v2_ethereum,basket_return,return_shock,29,1.0449360750980532e-06
compound_v2_ethereum,basket_return,return_shock,30,7.695905418548626e-07
compound_v2_ethereum,basket_return,liquidation_shock,0,0.0
compound_v2_ethereum,basket_return,liquidation_shock,1,-0.022129926536143596
compound_v2_ethereum,basket_return,liquidation_shock,2,0.08522326699525852
compound_v2_ethereum,basket_return,liquidation_shock,3,-0.05528759513573681
compound_v2_ethereum,basket_return,liquidation_shock,4,0.003270900965206429
compound_v2_ethereum,basket_return,liquidation_shock,5,-0.006598845688705965
compound_v2_ethereum,basket_return,liquidation_shock,6,0.0045237525819464205
compound_v2_ethereum,basket_return,liquidation_shock,7,-0.0054748552814744295
compound_v2_ethereum,basket_return,liquidation_shock,8,2.131915959805277e-05
compound_v2_ethereum,basket_return,liquidation_shock,9,-0.00022271337571298208
compound_v2_ethereum,basket_return,liquidation_shock,10,-0.00020268000851243886
compound_v2_ethereum,basket_return,liquidation_shock,11,-0.0007691764701915409
compound_v2_ethereum,basket_return,liquidation_shock,12,-0.0001594570579533134
compound_v2_ethereum,basket_return,liquidation_shock,13,-0.0001443900134179374
compound_v2_ethereum,basket_return,liquidation_shock,14,-0.00014389434930209524
compound_v2_ethereum,basket_return,liquidation_shock,15,-0.00013735286629912253
compound_v2_ethereum,basket_return,liquidation_shock,16,-5.7029709947385425e-05
compound_v2_ethereum,basket_return,liquidation_shock,17,-5.085668563949039e-05
compound_v2_ethereum,basket_return,liquidation_shock,18,-4.391932286812819e-05
compound_v2_ethereum,basket_return,liquidation_shock,19,-3.2412333856186485e-05
compound_v2_ethereum,basket_return,liquidation_shock,20,-1.9820958067364453e-05
compound_v2_ethereum,basket_return,liquidation_shock,21,-1.6136071853624128e-05
compound_v2_ethereum,basket_return,liquidation_shock,22,-1.2473718048183843e-05
compound_v2_ethereum,basket_return,liquidation_shock,23,-8.845440292706414e-06
compound_v2_ethereum,basket_return,liquidation_shock,24,-6.209882034719685e-06
compound_v2_ethereum,basket_return,liquidation_shock,25,-4.796391067745708e-06
compound_v2_ethereum,basket_return,liquidation_shock,26,-3.5618647022680247e-06
compound_v2_ethereum,basket_return,liquidation_shock,27,-2.562852951994436e-06
compound_v2_ethereum,basket_return,liquidation_shock,28,-1.8736011937074978e-06
compound_v2_ethereum,basket_return,liquidation_shock,29,-1.4058295674038115e-06
compound_v2_ethereum,basket_return,liquidation_shock,30,-1.0324044289427274e-06
compound_v2_ethereum,liquidation,return_shock,0,-0.09465741050069577
compound_v2_ethereum,liquidation,return_shock,1,-0.18505108959941072
compound_v2_ethereum,liquidation,return_shock,2,-0.08613790435516276
compound_v2_ethereum,liquidation,return_shock,3,-0.12132809455057693
compound_v2_ethereum,liquidation,return_shock,4,-0.08218596287311189
compound_v2_ethereum,liquidation,return_shock,5,-0.04603777404844207
compound_v2_ethereum,liquidation,return_shock,6,-0.03111063175829926
compound_v2_ethereum,liquidation,return_shock,7,-0.025948614761419277
compound_v2_ethereum,liquidation,return_shock,8,-0.019436574332499193
compound_v2_ethereum,liquidation,return_shock,9,-0.013334460118057175
compound_v2_ethereum,liquidation,return_shock,10,-0.010241461258847584
compound_v2_ethereum,liquidation,return_shock,11,-0.007901541120157786
compound_v2_ethereum,liquidation,return_shock,12,-0.0056580812812429436
compound_v2_ethereum,liquidation,return_shock,13,-0.00404465748346323
compound_v2_ethereum,liquidation,return_shock,14,-0.003025914822894322
compound_v2_ethereum,liquidation,return_shock,15,-0.002253266408989764
compound_v2_ethereum,liquidation,return_shock,16,-0.0016366365398535283
compound_v2_ethereum,liquidation,return_shock,17,-0.0012004103645424733
compound_v2_ethereum,liquidation,return_shock,18,-0.0008923693484999974
compound_v2_ethereum,liquidation,return_shock,19,-0.0006575413894794953
compound_v2_ethereum,liquidation,return_shock,20,-0.00048096618991769885
compound_v2_ethereum,liquidation,return_shock,21,-0.00035408936620455017
compound_v2_ethereum,liquidation,return_shock,22,-0.00026153220774533355
compound_v2_ethereum,liquidation,return_shock,23,-0.00019230988602432427
compound_v2_ethereum,liquidation,return_shock,24,-0.00014125991831736505
compound_v2_ethereum,liquidation,return_shock,25,-0.00010407515857387511
compound_v2_ethereum,liquidation,return_shock,26,-7.66858297358713e-05
compound_v2_ethereum,liquidation,return_shock,27,-5.639776306158841e-05
compound_v2_ethereum,liquidation,return_shock,28,-4.148792104723735e-05
compound_v2_ethereum,liquidation,return_shock,29,-3.0553517325603115e-05
compound_v2_ethereum,liquidation,return_shock,30,-2.2492650584931425e-05
compound_v2_ethereum,liquidation,liquidation_shock,0,0.9357813756531881
compound_v2_ethereum,liquidation,liquidation_shock,1,0.08055738744155422
compound_v2_ethereum,liquidation,liquidation_shock,2,0.08503871233066311
compound_v2_ethereum,liquidation,liquidation_shock,3,0.11144004692562902
compound_v2_ethereum,liquidation,liquidation_shock,4,0.14516917992178646
compound_v2_ethereum,liquidation,liquidation_shock,5,0.03892903495724868
compound_v2_ethereum,liquidation,liquidation_shock,6,0.04027596798115291
compound_v2_ethereum,liquidation,liquidation_shock,7,0.03898557480724869
compound_v2_ethereum,liquidation,liquidation_shock,8,0.029859715885161286
compound_v2_ethereum,liquidation,liquidation_shock,9,0.015487553533538
compound_v2_ethereum,liquidation,liquidation_shock,10,0.01351577589335889
compound_v2_ethereum,liquidation,liquidation_shock,11,0.010951979137157515
compound_v2_ethereum,liquidation,liquidation_shock,12,0.007655178167621257
compound_v2_ethereum,liquidation,liquidation_shock,13,0.005126262416432427
compound_v2_ethereum,liquidation,liquidation_shock,14,0.004098951367007819
compound_v2_ethereum,liquidation,liquidation_shock,15,0.003080430365394902
compound_v2_ethereum,liquidation,liquidation_shock,16,0.002182993658905116
compound_v2_ethereum,liquidation,liquidation_shock,17,0.0015798881112306742
compound_v2_ethereum,liquidation,liquidation_shock,18,0.0012033694072060607
compound_v2_ethereum,liquidation,liquidation_shock,19,0.000884408547424105
compound_v2_ethereum,liquidation,liquidation_shock,20,0.0006400192034304533
compound_v2_ethereum,liquidation,liquidation_shock,21,0.00047172488857048897
compound_v2_ethereum,liquidation,liquidation_shock,22,0.0003514157551209106
compound_v2_ethereum,liquidation,liquidation_shock,23,0.0002575166259471232
compound_v2_ethereum,liquidation,liquidation_shock,24,0.00018846628229269696
compound_v2_ethereum,liquidation,liquidation_shock,25,0.0001391446960614229
compound_v2_ethereum,liquidation,liquidation_shock,26,0.00010275990245537838
compound_v2_ethereum,liquidation,liquidation_shock,27,7.54174298995451e-05
compound_v2_ethereum,liquidation,liquidation_shock,28,5.5435788769428205e-05
compound_v2_ethereum,liquidation,liquidation_shock,29,4.087688679154097e-05
compound_v2_ethereum,liquidation,liquidation_shock,30,3.010393241154595e-05
compound_v3_arb_usdc,basket_return,return_shock,0,0.9798677468710213
compound_v3_arb_usdc,basket_return,return_shock,1,-0.06477209681796003
compound_v3_arb_usdc,basket_return,return_shock,2,0.060764640792035425
compound_v3_arb_usdc,basket_return,return_shock,3,-0.06450731743108114
compound_v3_arb_usdc,basket_return,return_shock,4,-0.003617186905268311
compound_v3_arb_usdc,basket_return,return_shock,5,-0.013773597272229692
compound_v3_arb_usdc,basket_return,return_shock,6,0.0011695848228143579
compound_v3_arb_usdc,basket_return,return_shock,7,-0.0011834717215941212
compound_v3_arb_usdc,basket_return,return_shock,8,0.0009301331192066815
compound_v3_arb_usdc,basket_return,return_shock,9,-1.3044376502517562e-05
compound_v3_arb_usdc,basket_return,return_shock,10,0.00020731649978652803
compound_v3_arb_usdc,basket_return,return_shock,11,-2.310792043523145e-05
compound_v3_arb_usdc,basket_return,return_shock,12,2.1723870746580984e-05
compound_v3_arb_usdc,basket_return,return_shock,13,-1.3740401164559546e-05
compound_v3_arb_usdc,basket_return,return_shock,14,1.1864958760131238e-06
compound_v3_arb_usdc,basket_return,return_shock,15,-3.1484617227517585e-06
compound_v3_arb_usdc,basket_return,return_shock,16,4.467507999264247e-07
compound_v3_arb_usdc,basket_return,return_shock,17,-3.8330595461122654e-07
compound_v3_arb_usdc,basket_return,return_shock,18,2.0774391902432846e-07
compound_v3_arb_usdc,basket_return,return_shock,19,-3.250218963840553e-08
compound_v3_arb_usdc,basket_return,return_shock,20,4.829297784831559e-08
compound_v3_arb_usdc,basket_return,return_shock,21,-8.438437809034655e-09
compound_v3_arb_usdc,basket_return,return_shock,22,6.602992284510048e-09
compound_v3_arb_usdc,basket_return,return_shock,23,-3.2104907958489645e-09
compound_v3_arb_usdc,basket_return,return_shock,24,7.082063585307152e-10
compound_v3_arb_usdc,basket_return,return_shock,25,-7.485929340176423e-10
compound_v3_arb_usdc,basket_return,return_shock,26,1.5606062946309272e-10
compound_v3_arb_usdc,basket_return,return_shock,27,-1.1205633482956341e-10
compound_v3_arb_usdc,basket_return,return_shock,28,5.059569154515119e-11
compound_v3_arb_usdc,basket_return,return_shock,29,-1.3975166942700685e-11
compound_v3_arb_usdc,basket_return,return_shock,30,1.1728189793087329e-11
compound_v3_arb_usdc,basket_return,liquidation_shock,0,0.0
compound_v3_arb_usdc,basket_return,liquidation_shock,1,-0.08672761982503846
compound_v3_arb_usdc,basket_return,liquidation_shock,2,0.13107765984671535
compound_v3_arb_usdc,basket_return,liquidation_shock,3,0.0050625741578584444
compound_v3_arb_usdc,basket_return,liquidation_shock,4,0.026385220064895555
compound_v3_arb_usdc,basket_return,liquidation_shock,5,-0.0032541779991610716
compound_v3_arb_usdc,basket_return,liquidation_shock,6,0.00218353206184914
compound_v3_arb_usdc,basket_return,liquidation_shock,7,-0.0019335141410315685
compound_v3_arb_usdc,basket_return,liquidation_shock,8,5.619637629108853e-05
compound_v3_arb_usdc,basket_return,liquidation_shock,9,-0.0004023016266497709
compound_v3_arb_usdc,basket_return,liquidation_shock,10,5.878404311753184e-05
compound_v3_arb_usdc,basket_return,liquidation_shock,11,-4.113278046302267e-05
compound_v3_arb_usdc,basket_return,liquidation_shock,12,2.8689673426809826e-05
compound_v3_arb_usdc,basket_return,liquidation_shock,13,-2.7595788057371227e-06
compound_v3_arb_usdc,basket_return,liquidation_shock,14,6.1755553508801865e-06
compound_v3_arb_usdc,basket_return,liquidation_shock,15,-1.0666502221804559e-06
compound_v3_arb_usdc,basket_return,liquidation_shock,16,7.386962075218038e-07
compound_v3_arb_usdc,basket_return,liquidation_shock,17,-4.3494115055048e-07
compound_v3_arb_usdc,basket_return,liquidation_shock,18,7.014840708994472e-08
compound_v3_arb_usdc,basket_return,liquidation_shock,19,-9.562447227364296e-08
compound_v3_arb_usdc,basket_return,liquidation_shock,20,1.9282376025721632e-08
compound_v3_arb_usdc,basket_return,liquidation_shock,21,-1.289274945871682e-08
compound_v3_arb_usdc,basket_return,liquidation_shock,22,6.729317408860191e-09
compound_v3_arb_usdc,basket_return,liquidation_shock,23,-1.4880115374140549e-09
compound_v3_arb_usdc,basket_return,liquidation_shock,24,1.494448488182251e-09
compound_v3_arb_usdc,basket_return,liquidation_shock,25,-3.4591086353302566e-10
compound_v3_arb_usdc,basket_return,liquidation_shock,26,2.2103213672846964e-10
compound_v3_arb_usdc,basket_return,liquidation_shock,27,-1.060364800279974e-10
compound_v3_arb_usdc,basket_return,liquidation_shock,28,2.8997675283457702e-11
compound_v3_arb_usdc,basket_return,liquidation_shock,29,-2.357583485846289e-11
compound_v3_arb_usdc,basket_return,liquidation_shock,30,6.150463532807627e-12
compound_v3_arb_usdc,liquidation,return_shock,0,-0.27500948910651346
compound_v3_arb_usdc,liquidation,return_shock,1,-0.39085276907804617
compound_v3_arb_usdc,liquidation,return_shock,2,-0.11483446389222368
compound_v3_arb_usdc,liquidation,return_shock,3,-0.05828759169694823
compound_v3_arb_usdc,liquidation,return_shock,4,0.0016639691378500068
compound_v3_arb_usdc,liquidation,return_shock,5,0.0019101409751860778
compound_v3_arb_usdc,liquidation,return_shock,6,0.00522090944028282
compound_v3_arb_usdc,liquidation,return_shock,7,0.001396746099904064
compound_v3_arb_usdc,liquidation,return_shock,8,0.0008592116719022302
compound_v3_arb_usdc,liquidation,return_shock,9,-1.7445375891373695e-05
compound_v3_arb_usdc,liquidation,return_shock,10,-3.655018808282586e-06
compound_v3_arb_usdc,liquidation,return_shock,11,-7.000646753985468e-05
compound_v3_arb_usdc,liquidation,return_shock,12,-1.631557555558042e-05
compound_v3_arb_usdc,liquidation,return_shock,13,-1.2636912898052788e-05
compound_v3_arb_usdc,liquidation,return_shock,14,2.6676727920125564e-07
compound_v3_arb_usdc,liquidation,return_shock,15,-2.7280908884409517e-07
compound_v3_arb_usdc,liquidation,return_shock,16,9.50647531882983e-07
compound_v3_arb_usdc,liquidation,return_shock,17,1.7818836993154102e-07
compound_v3_arb_usdc,liquidation,return_shock,18,1.8604298568480874e-07
compound_v3_arb_usdc,liquidation,return_shock,19,-5.592913918671118e-09
compound_v3_arb_usdc,liquidation,return_shock,20,8.434462658618955e-09
compound_v3_arb_usdc,liquidation,return_shock,21,-1.3121582422849428e-08
compound_v3_arb_usdc,liquidation,return_shock,22,-1.716452861742285e-09
compound_v3_arb_usdc,liquidation,return_shock,23,-2.7487272643880873e-09
compound_v3_arb_usdc,liquidation,return_shock,24,1.2733039335629626e-10
compound_v3_arb_usdc,liquidation,return_shock,25,-1.8495531651377065e-10
compound_v3_arb_usdc,liquidation,return_shock,26,1.8472462451171354e-10
compound_v3_arb_usdc,liquidation,return_shock,27,1.1952831314652053e-11
compound_v3_arb_usdc,liquidation,return_shock,28,4.084941286746462e-11
compound_v3_arb_usdc,liquidation,return_shock,29,-2.8176335222876247e-12
compound_v3_arb_usdc,liquidation,return_shock,30,3.576477103181866e-12
compound_v3_arb_usdc,liquidation,liquidation_shock,0,0.8414427032890448
compound_v3_arb_usdc,liquidation,liquidation_shock,1,0.19780191593508167
compound_v3_arb_usdc,liquidation,liquidation_shock,2,0.10418445329811225
compound_v3_arb_usdc,liquidation,liquidation_shock,3,-0.009265379903361053
compound_v3_arb_usdc,liquidation,liquidation_shock,4,-0.004991220551367068
compound_v3_arb_usdc,liquidation,liquidation_shock,5,-0.010455768517296295
compound_v3_arb_usdc,liquidation,liquidation_shock,6,-0.002490631609783954
compound_v3_arb_usdc,liquidation,liquidation_shock,7,-0.0015538699259065596
compound_v3_arb_usdc,liquidation,liquidation_shock,8,0.00011489900204177181
compound_v3_arb_usdc,liquidation,liquidation_shock,9,2.4353677023797442e-05
compound_v3_arb_usdc,liquidation,liquidation_shock,10,0.00014157551727233837
compound_v3_arb_usdc,liquidation,liquidation_shock,11,2.8956332431712615e-05
compound_v3_arb_usdc,liquidation,liquidation_shock,12,2.3242594084401714e-05
compound_v3_arb_usdc,liquidation,liquidation_shock,13,-1.6222325728056396e-06
compound_v3_arb_usdc,liquidation,liquidation_shock,14,3.0552985253036524e-07
compound_v3_arb_usdc,liquidation,liquidation_shock,15,-1.9407620730220225e-06
compound_v3_arb_usdc,liquidation,liquidation_shock,16,-3.118858676177503e-07
compound_v3_arb_usdc,liquidation,liquidation_shock,17,-3.474829449801619e-07
compound_v3_arb_usdc,liquidation,liquidation_shock,18,2.5969040918621517e-08
compound_v3_arb_usdc,liquidation,liquidation_shock,19,-1.3566901328272798e-08
compound_v3_arb_usdc,liquidation,liquidation_shock,20,2.7021263591238267e-08
compound_v3_arb_usdc,liquidation,liquidation_shock,21,2.893639664219485e-09
compound_v3_arb_usdc,liquidation,liquidation_shock,22,5.206883933642236e-09
compound_v3_arb_usdc,liquidation,liquidation_shock,23,-4.553008234139083e-10
compound_v3_arb_usdc,liquidation,liquidation_shock,24,3.255856732120632e-10
compound_v3_arb_usdc,liquidation,liquidation_shock,25,-3.8326345804827084e-10
compound_v3_arb_usdc,liquidation,liquidation_shock,26,-1.7324018345903646e-11
compound_v3_arb_usdc,liquidation,liquidation_shock,27,-7.838875809939703e-11
compound_v3_arb_usdc,liquidation,liquidation_shock,28,8.362076860285148e-12
compound_v3_arb_usdc,liquidation,liquidation_shock,29,-6.573708928669061e-12
compound_v3_arb_usdc,liquidation,liquidation_shock,30,5.5508487923461746e-12
compound_v3_arb_usdc_e,basket_return,return_shock,0,0.9889163340525591
compound_v3_arb_usdc_e,basket_return,return_shock,1,-0.10133830305412064
compound_v3_arb_usdc_e,basket_return,return_shock,2,0.01593110726529861
compound_v3_arb_usdc_e,basket_return,return_shock,3,-0.0008216939696667272
compound_v3_arb_usdc_e,basket_return,return_shock,4,0.00037517741212106165
compound_v3_arb_usdc_e,basket_return,return_shock,5,2.9299418669476395e-05
compound_v3_arb_usdc_e,basket_return,return_shock,6,1.5947442302666154e-05
compound_v3_arb_usdc_e,basket_return,return_shock,7,3.2422196309143017e-06
compound_v3_arb_usdc_e,basket_return,return_shock,8,9.697746206813297e-07
compound_v3_arb_usdc_e,basket_return,return_shock,9,2.425685490405242e-07
compound_v3_arb_usdc_e,basket_return,return_shock,10,6.561053455787568e-08
compound_v3_arb_usdc_e,basket_return,return_shock,11,1.7132829257618272e-08
compound_v3_arb_usdc_e,basket_return,return_shock,12,4.544419493562779e-09
compound_v3_arb_usdc_e,basket_return,return_shock,13,1.1969923460810426e-09
compound_v3_arb_usdc_e,basket_return,return_shock,14,3.162700981388725e-10
compound_v3_arb_usdc_e,basket_return,return_shock,15,8.344890403160969e-11
compound_v3_arb_usdc_e,basket_return,return_shock,16,2.2031938786193572e-11
compound_v3_arb_usdc_e,basket_return,return_shock,17,5.8151979777499605e-12
compound_v3_arb_usdc_e,basket_return,return_shock,18,1.5350762924689182e-12
compound_v3_arb_usdc_e,basket_return,return_shock,19,4.052019029443587e-13
compound_v3_arb_usdc_e,basket_return,return_shock,20,1.0696056130833498e-13
compound_v3_arb_usdc_e,basket_return,return_shock,21,2.8233914985742985e-14
compound_v3_arb_usdc_e,basket_return,return_shock,22,7.452820464267855e-15
compound_v3_arb_usdc_e,basket_return,return_shock,23,1.967293997361362e-15
compound_v3_arb_usdc_e,basket_return,return_shock,24,5.192999703814365e-16
compound_v3_arb_usdc_e,basket_return,return_shock,25,1.3707780446489166e-16
compound_v3_arb_usdc_e,basket_return,return_shock,26,3.6183957629158125e-17
compound_v3_arb_usdc_e,basket_return,return_shock,27,9.551354293990393e-18
compound_v3_arb_usdc_e,basket_return,return_shock,28,2.52123809425725e-18
compound_v3_arb_usdc_e,basket_return,return_shock,29,6.655225240991192e-19
compound_v3_arb_usdc_e,basket_return,return_shock,30,1.7567568667972976e-19
compound_v3_arb_usdc_e,basket_return,liquidation_shock,0,0.0
compound_v3_arb_usdc_e,basket_return,liquidation_shock,1,-0.013244176262391057
compound_v3_arb_usdc_e,basket_return,liquidation_shock,2,-0.0019361199257620309
compound_v3_arb_usdc_e,basket_return,liquidation_shock,3,-0.0006947959432765133
compound_v3_arb_usdc_e,basket_return,liquidation_shock,4,-0.0001617637469119382
compound_v3_arb_usdc_e,basket_return,liquidation_shock,5,-4.5248877718467004e-05
compound_v3_arb_usdc_e,basket_return,liquidation_shock,6,-1.1644009076219718e-05
compound_v3_arb_usdc_e,basket_return,liquidation_shock,7,-3.1089842838588894e-06
compound_v3_arb_usdc_e,basket_return,liquidation_shock,8,-8.165037082958354e-07
compound_v3_arb_usdc_e,basket_return,liquidation_shock,9,-2.1602012325376813e-07
compound_v3_arb_usdc_e,basket_return,liquidation_shock,10,-5.696432146537972e-08
compound_v3_arb_usdc_e,basket_return,liquidation_shock,11,-1.5043479199680005e-08
compound_v3_arb_usdc_e,basket_return,liquidation_shock,12,-3.970174006986148e-09
compound_v3_arb_usdc_e,basket_return,liquidation_shock,13,-1.0480875264122522e-09
compound_v3_arb_usdc_e,basket_return,liquidation_shock,14,-2.766489347920916e-10
compound_v3_arb_usdc_e,basket_return,liquidation_shock,15,-7.30273748239886e-11
compound_v3_arb_usdc_e,basket_return,liquidation_shock,16,-1.927663016086874e-11
compound_v3_arb_usdc_e,basket_return,liquidation_shock,17,-5.088403768725997e-12
compound_v3_arb_usdc_e,basket_return,liquidation_shock,18,-1.3431662611287113e-12
compound_v3_arb_usdc_e,basket_return,liquidation_shock,19,-3.5455121926469384e-13
compound_v3_arb_usdc_e,basket_return,liquidation_shock,20,-9.358963334060842e-14
compound_v3_arb_usdc_e,basket_return,liquidation_shock,21,-2.4704536352844374e-14
compound_v3_arb_usdc_e,basket_return,liquidation_shock,22,-6.521170879222768e-15
compound_v3_arb_usdc_e,basket_return,liquidation_shock,23,-1.7213710433941478e-15
compound_v3_arb_usdc_e,basket_return,liquidation_shock,24,-4.543843740972741e-16
compound_v3_arb_usdc_e,basket_return,liquidation_shock,25,-1.1994227738907232e-16
compound_v3_arb_usdc_e,basket_return,liquidation_shock,26,-3.166074937588279e-17
compound_v3_arb_usdc_e,basket_return,liquidation_shock,27,-8.357378869987459e-18
compound_v3_arb_usdc_e,basket_return,liquidation_shock,28,-2.206068486709578e-18
compound_v3_arb_usdc_e,basket_return,liquidation_shock,29,-5.823282930293121e-19
compound_v3_arb_usdc_e,basket_return,liquidation_shock,30,-1.5371519188836258e-19
compound_v3_arb_usdc_e,liquidation,return_shock,0,-0.10172932009741334
compound_v3_arb_usdc_e,liquidation,return_shock,1,-0.3641383407841803
compound_v3_arb_usdc_e,liquidation,return_shock,2,-0.0563948774320493
compound_v3_arb_usdc_e,liquidation,return_shock,3,-0.019565228264832573
compound_v3_arb_usdc_e,liquidation,return_shock,4,-0.004613488718721134
compound_v3_arb_usdc_e,liquidation,return_shock,5,-0.0012827125992559436
compound_v3_arb_usdc_e,liquidation,return_shock,6,-0.00033094860452993643
compound_v3_arb_usdc_e,liquidation,return_shock,7,-8.825974560503272e-05
compound_v3_arb_usdc_e,liquidation,return_shock,8,-2.3191573570028602e-05
compound_v3_arb_usdc_e,liquidation,return_shock,9,-6.134289964343649e-06
compound_v3_arb_usdc_e,liquidation,return_shock,10,-1.617776272242528e-06
compound_v3_arb_usdc_e,liquidation,return_shock,11,-4.272120915935348e-07
compound_v3_arb_usdc_e,liquidation,return_shock,12,-1.1274929566072577e-07
compound_v3_arb_usdc_e,liquidation,return_shock,13,-2.9764446441566714e-08
compound_v3_arb_usdc_e,liquidation,return_shock,14,-7.856535219514098e-09
compound_v3_arb_usdc_e,liquidation,return_shock,15,-2.0738958588036046e-09
compound_v3_arb_usdc_e,liquidation,return_shock,16,-5.474352128760012e-10
compound_v3_arb_usdc_e,liquidation,return_shock,17,-1.4450504836615683e-10
compound_v3_arb_usdc_e,liquidation,return_shock,18,-3.814444495110016e-11
compound_v3_arb_usdc_e,liquidation,return_shock,19,-1.0068864045114695e-11
compound_v3_arb_usdc_e,liquidation,return_shock,20,-2.65784257333417e-12
compound_v3_arb_usdc_e,liquidation,return_shock,21,-7.015816300397757e-13
compound_v3_arb_usdc_e,liquidation,return_shock,22,-1.8519407365870258e-13
compound_v3_arb_usdc_e,liquidation,return_shock,23,-4.888504239214069e-14
compound_v3_arb_usdc_e,liquidation,return_shock,24,-1.2904015961077633e-14
compound_v3_arb_usdc_e,liquidation,return_shock,25,-3.4062286231021083e-15
compound_v3_arb_usdc_e,liquidation,return_shock,26,-8.991304244709954e-16
compound_v3_arb_usdc_e,liquidation,return_shock,27,-2.373403585859077e-16
compound_v3_arb_usdc_e,liquidation,return_shock,28,-6.26499161845988e-17
compound_v3_arb_usdc_e,liquidation,return_shock,29,-1.6537482389671846e-17
compound_v3_arb_usdc_e,liquidation,return_shock,30,-4.365342212175319e-18
compound_v3_arb_usdc_e,liquidation,liquidation_shock,0,0.8943887404339808
compound_v3_arb_usdc_e,liquidation,liquidation_shock,1,0.2237616653422086
compound_v3_arb_usdc_e,liquidation,liquidation_shock,2,0.060517475472596755
compound_v3_arb_usdc_e,liquidation,liquidation_shock,3,0.01580358686546043
compound_v3_arb_usdc_e,liquidation,liquidation_shock,4,0.004191759022378442
compound_v3_arb_usdc_e,liquidation,liquidation_shock,5,0.001104112007572337
compound_v3_arb_usdc_e,liquidation,liquidation_shock,6,0.0002917280344646081
compound_v3_arb_usdc_e,liquidation,liquidation_shock,7,7.697353643667484e-05
compound_v3_arb_usdc_e,liquidation,liquidation_shock,8,2.0322314839317424e-05
compound_v3_arb_usdc_e,liquidation,liquidation_shock,9,5.363954894425488e-06
compound_v3_arb_usdc_e,liquidation,liquidation_shock,10,1.415958446548733e-06
compound_v3_arb_usdc_e,liquidation,liquidation_shock,11,3.7375933703185644e-07
compound_v3_arb_usdc_e,liquidation,liquidation_shock,12,9.866070948496749e-08
compound_v3_arb_usdc_e,liquidation,liquidation_shock,13,2.604303949928621e-08
compound_v3_arb_usdc_e,liquidation,liquidation_shock,14,6.874501698326871e-09
compound_v3_arb_usdc_e,liquidation,liquidation_shock,15,1.8146372944973388e-09
compound_v3_arb_usdc_e,liquidation,liquidation_shock,16,4.790036940985057e-10
compound_v3_arb_usdc_e,liquidation,liquidation_shock,17,1.2644093683616405e-10
compound_v3_arb_usdc_e,liquidation,liquidation_shock,18,3.3376180175909797e-11
compound_v3_arb_usdc_e,liquidation,liquidation_shock,19,8.810194980399063e-12
compound_v3_arb_usdc_e,liquidation,liquidation_shock,20,2.3255968229863923e-12
compound_v3_arb_usdc_e,liquidation,liquidation_shock,21,6.138797724935961e-13
compound_v3_arb_usdc_e,liquidation,liquidation_shock,22,1.620437275455595e-13
compound_v3_arb_usdc_e,liquidation,liquidation_shock,23,4.277412406082236e-14
compound_v3_arb_usdc_e,liquidation,liquidation_shock,24,1.1290938067613592e-14
compound_v3_arb_usdc_e,liquidation,liquidation_shock,25,2.9804299949806104e-15
compound_v3_arb_usdc_e,liquidation,liquidation_shock,26,7.867338306599937e-16
compound_v3_arb_usdc_e,liquidation,liquidation_shock,27,2.0767141696447906e-16
compound_v3_arb_usdc_e,liquidation,liquidation_shock,28,5.481830797903135e-17
compound_v3_arb_usdc_e,liquidation,liquidation_shock,29,1.4470199768111763e-17
compound_v3_arb_usdc_e,liquidation,liquidation_shock,30,3.819648746029804e-18
compound_v3_arb_usdt,basket_return,return_shock,0,0.9946624307208266
compound_v3_arb_usdt,basket_return,return_shock,1,-0.07563750817386664
compound_v3_arb_usdt,basket_return,return_shock,2,0.03417165005921096
compound_v3_arb_usdt,basket_return,return_shock,3,0.0025457503322628187
compound_v3_arb_usdt,basket_return,return_shock,4,0.0021051317589391967
compound_v3_arb_usdt,basket_return,return_shock,5,0.0005035496262442737
compound_v3_arb_usdt,basket_return,return_shock,6,0.00019244544742261354
compound_v3_arb_usdt,basket_return,return_shock,7,5.906508988745843e-05
compound_v3_arb_usdt,basket_return,return_shock,8,1.995174960482771e-05
compound_v3_arb_usdt,basket_return,return_shock,9,6.453647795689297e-06
compound_v3_arb_usdt,basket_return,return_shock,10,2.1282427736187964e-06
compound_v3_arb_usdt,basket_return,return_shock,11,6.957794403197471e-07
compound_v3_arb_usdt,basket_return,return_shock,12,2.2835298746571734e-07
compound_v3_arb_usdt,basket_return,return_shock,13,7.481472382721306e-08
compound_v3_arb_usdt,basket_return,return_shock,14,2.4530441765291208e-08
compound_v3_arb_usdt,basket_return,return_shock,15,8.040301385331842e-09
compound_v3_arb_usdt,basket_return,return_shock,16,2.6357672254100676e-09
compound_v3_arb_usdt,basket_return,return_shock,17,8.639954026575351e-10
compound_v3_arb_usdt,basket_return,return_shock,18,2.8322357433292483e-10
compound_v3_arb_usdt,basket_return,return_shock,19,9.28413146541843e-11
compound_v3_arb_usdt,basket_return,return_shock,20,3.0433779442346144e-11
compound_v3_arb_usdt,basket_return,return_shock,21,9.97629484169416e-12
compound_v3_arb_usdt,basket_return,return_shock,22,3.2702669806806623e-12
compound_v3_arb_usdt,basket_return,return_shock,23,1.0720052151798972e-12
compound_v3_arb_usdt,basket_return,return_shock,24,3.5140723315644763e-13
compound_v3_arb_usdt,basket_return,return_shock,25,1.1519256418887327e-13
compound_v3_arb_usdt,basket_return,return_shock,26,3.776054179844764e-14
compound_v3_arb_usdt,basket_return,return_shock,27,1.2378042755115707e-14
compound_v3_arb_usdt,basket_return,return_shock,28,4.057567415745217e-15
compound_v3_arb_usdt,basket_return,return_shock,29,1.3300853442033003e-15
compound_v3_arb_usdt,basket_return,return_shock,30,4.36006810287245e-16
compound_v3_arb_usdt,basket_return,liquidation_shock,0,0.0
compound_v3_arb_usdt,basket_return,liquidation_shock,1,-0.06346988694930014
compound_v3_arb_usdt,basket_return,liquidation_shock,2,-0.011488660598501371
compound_v3_arb_usdt,basket_return,liquidation_shock,3,-0.005133704318874872
compound_v3_arb_usdt,basket_return,liquidation_shock,4,-0.0014820797626318794
compound_v3_arb_usdt,basket_return,liquidation_shock,5,-0.0005153025503584738
compound_v3_arb_usdt,basket_return,liquidation_shock,6,-0.0001645918213962196
compound_v3_arb_usdt,basket_return,liquidation_shock,7,-5.458886152686328e-05
compound_v3_arb_usdt,basket_return,liquidation_shock,8,-1.7801203583003704e-05
compound_v3_arb_usdt,basket_return,liquidation_shock,9,-5.848983902745581e-06
compound_v3_arb_usdt,basket_return,liquidation_shock,10,-1.9153093538664495e-06
compound_v3_arb_usdt,basket_return,liquidation_shock,11,-6.281402512142996e-07
compound_v3_arb_usdt,basket_return,liquidation_shock,12,-2.058633701371891e-07
compound_v3_arb_usdt,basket_return,liquidation_shock,13,-6.74891152382223e-08
compound_v3_arb_usdt,basket_return,liquidation_shock,14,-2.2122244490688234e-08
compound_v3_arb_usdt,basket_return,liquidation_shock,15,-7.251889072624018e-09
compound_v3_arb_usdt,basket_return,liquidation_shock,16,-2.377175495090265e-09
compound_v3_arb_usdt,basket_return,liquidation_shock,17,-7.792497176491732e-10
compound_v3_arb_usdt,basket_return,liquidation_shock,18,-2.554404565003306e-10
compound_v3_arb_usdt,basket_return,liquidation_shock,19,-8.37343736163712e-11
compound_v3_arb_usdt,basket_return,liquidation_shock,20,-2.7448422670158923e-11
compound_v3_arb_usdt,basket_return,liquidation_shock,21,-8.997694082361378e-12
compound_v3_arb_usdt,basket_return,liquidation_shock,22,-2.949476621120476e-12
compound_v3_arb_usdt,basket_return,liquidation_shock,23,-9.668491857713385e-13
compound_v3_arb_usdt,basket_return,liquidation_shock,24,-3.1693667276663e-13
compound_v3_arb_usdt,basket_return,liquidation_shock,25,-1.0389299387249033e-13
compound_v3_arb_usdt,basket_return,liquidation_shock,26,-3.4056500896149965e-14
compound_v3_arb_usdt,basket_return,liquidation_shock,27,-1.1163844785506104e-14
compound_v3_arb_usdt,basket_return,liquidation_shock,28,-3.659548893567977e-15
compound_v3_arb_usdt,basket_return,liquidation_shock,29,-1.1996134282038307e-15
compound_v3_arb_usdt,basket_return,liquidation_shock,30,-3.9323764170584454e-16
compound_v3_arb_usdt,liquidation,return_shock,0,-0.22259039411750112
compound_v3_arb_usdt,liquidation,return_shock,1,-0.3695241037822244
compound_v3_arb_usdt,liquidation,return_shock,2,-0.07759838313317416
compound_v3_arb_usdt,liquidation,return_shock,3,-0.03182740981746285
compound_v3_arb_usdt,liquidation,return_shock,4,-0.009495071452199957
compound_v3_arb_usdt,liquidation,return_shock,5,-0.003250221862899206
compound_v3_arb_usdt,liquidation,return_shock,6,-0.0010452205745361
compound_v3_arb_usdt,liquidation,return_shock,7,-0.0003455943920991455
compound_v3_arb_usdt,liquidation,return_shock,8,-0.00011285151755924239
compound_v3_arb_usdt,liquidation,return_shock,9,-3.7057078181095774e-05
compound_v3_arb_usdt,liquidation,return_shock,10,-1.2138058819284236e-05
compound_v3_arb_usdt,liquidation,return_shock,11,-3.980277618691851e-06
compound_v3_arb_usdt,liquidation,return_shock,12,-1.3045472136675882e-06
compound_v3_arb_usdt,liquidation,return_shock,13,-4.276650079770088e-07
compound_v3_arb_usdt,liquidation,return_shock,14,-1.4018578564946749e-07
compound_v3_arb_usdt,liquidation,return_shock,15,-4.595404981362596e-08
compound_v3_arb_usdt,liquidation,return_shock,16,-1.506381063352208e-08
compound_v3_arb_usdt,liquidation,return_shock,17,-4.937985661102777e-09
compound_v3_arb_usdt,liquidation,return_shock,18,-1.6186876230484299e-09
compound_v3_arb_usdt,liquidation,return_shock,19,-5.30611983011224e-10
compound_v3_arb_usdt,liquidation,return_shock,20,-1.7393649292726958e-10
compound_v3_arb_usdt,liquidation,return_shock,21,-5.7017020953566546e-11
compound_v3_arb_usdt,liquidation,return_shock,22,-1.8690385756728045e-11
compound_v3_arb_usdt,liquidation,return_shock,23,-6.12677651903178e-12
compound_v3_arb_usdt,liquidation,return_shock,24,-2.008379590402728e-12
compound_v3_arb_usdt,liquidation,return_shock,25,-6.583541321436127e-13
compound_v3_arb_usdt,liquidation,return_shock,26,-2.158108768623921e-13
compound_v3_arb_usdt,liquidation,return_shock,27,-7.074358986219373e-14
compound_v3_arb_usdt,liquidation,return_shock,28,-2.3190005864352634e-14
compound_v3_arb_usdt,liquidation,return_shock,29,-7.601768207578398e-15
compound_v3_arb_usdt,liquidation,return_shock,30,-2.4918872467983505e-15
compound_v3_arb_usdt,liquidation,liquidation_shock,0,0.8630559289767054
compound_v3_arb_usdt,liquidation,liquidation_shock,1,0.23605473509246652
compound_v3_arb_usdt,liquidation,liquidation_shock,2,0.08425809352425663
compound_v3_arb_usdt,liquidation,liquidation_shock,3,0.026610387681487546
compound_v3_arb_usdt,liquidation,liquidation_shock,4,0.008871202878360743
compound_v3_arb_usdt,liquidation,liquidation_shock,5,0.0028862545794183015
compound_v3_arb_usdt,liquidation,liquidation_shock,6,0.0009493186802714483
compound_v3_arb_usdt,liquidation,liquidation_shock,7,0.0003107212625687105
compound_v3_arb_usdt,liquidation,liquidation_shock,8,0.00010192438371731711
compound_v3_arb_usdt,liquidation,liquidation_shock,9,3.3401080396694375e-05
compound_v3_arb_usdt,liquidation,liquidation_shock,10,1.0950478614077016e-05
compound_v3_arb_usdt,liquidation,liquidation_shock,11,3.58938898418365e-06
compound_v3_arb_usdt,liquidation,liquidation_shock,12,1.1766467123949436e-06
compound_v3_arb_usdt,liquidation,liquidation_shock,13,3.857043776244162e-07
compound_v3_arb_usdt,liquidation,liquidation_shock,14,1.2643598546586297e-07
compound_v3_arb_usdt,liquidation,liquidation_shock,15,4.144607447768428e-08
compound_v3_arb_usdt,liquidation,liquidation_shock,16,1.3586188688341279e-08
compound_v3_arb_usdt,liquidation,liquidation_shock,17,4.453599852613745e-09
compound_v3_arb_usdt,liquidation,liquidation_shock,18,1.4599065380163238e-09
compound_v3_arb_usdt,liquidation,liquidation_shock,19,4.78562622239549e-10
compound_v3_arb_usdt,liquidation,liquidation_shock,20,1.5687457379196104e-10
compound_v3_arb_usdt,liquidation,liquidation_shock,21,5.1424054436736464e-11
compound_v3_arb_usdt,liquidation,liquidation_shock,22,1.6856992093093148e-11
compound_v3_arb_usdt,liquidation,liquidation_shock,23,5.5257832529033625e-12
compound_v3_arb_usdt,liquidation,liquidation_shock,24,1.8113718369096796e-12
compound_v3_arb_usdt,liquidation,liquidation_shock,25,5.937742710836424e-13
compound_v3_arb_usdt,liquidation,liquidation_shock,26,1.946413641972981e-13
compound_v3_arb_usdt,liquidation,liquidation_shock,27,6.380414659600495e-14
compound_v3_arb_usdt,liquidation,liquidation_shock,28,2.0915231151241054e-14
compound_v3_arb_usdt,liquidation,liquidation_shock,29,6.8560887873743285e-15
compound_v3_arb_usdt,liquidation,liquidation_shock,30,2.2474508229250683e-15
compound_v3_eth_usdc,basket_return,return_shock,0,0.9822615700056937
compound_v3_eth_usdc,basket_return,return_shock,1,-0.05168503854320814
compound_v3_eth_usdc,basket_return,return_shock,2,0.06770454283782035
compound_v3_eth_usdc,basket_return,return_shock,3,-0.050739402909270495
compound_v3_eth_usdc,basket_return,return_shock,4,-0.008035838743376015
compound_v3_eth_usdc,basket_return,return_shock,5,-0.024053832991301684
compound_v3_eth_usdc,basket_return,return_shock,6,-0.00434319003762164
compound_v3_eth_usdc,basket_return,return_shock,7,-0.0032451102110564525
compound_v3_eth_usdc,basket_return,return_shock,8,0.0003087135279652182
compound_v3_eth_usdc,basket_return,return_shock,9,0.00021525745103188169
compound_v3_eth_usdc,basket_return,return_shock,10,0.0005785461056933826
compound_v3_eth_usdc,basket_return,return_shock,11,0.00023186213823961374
compound_v3_eth_usdc,basket_return,return_shock,12,0.00014042810204648176
compound_v3_eth_usdc,basket_return,return_shock,13,3.0258348378521944e-05
compound_v3_eth_usdc,basket_return,return_shock,14,4.748542792916253e-06
compound_v3_eth_usdc,basket_return,return_shock,15,-1.0989087700306789e-05
compound_v3_eth_usdc,basket_return,return_shock,16,-7.551877902841395e-06
compound_v3_eth_usdc,basket_return,return_shock,17,-5.124312984186047e-06
compound_v3_eth_usdc,basket_return,return_shock,18,-2.012775229795595e-06
compound_v3_eth_usdc,basket_return,return_shock,19,-6.729886712988044e-07
compound_v3_eth_usdc,basket_return,return_shock,20,4.502394301647801e-08
compound_v3_eth_usdc,basket_return,return_shock,21,1.6354065094380963e-07
compound_v3_eth_usdc,basket_return,return_shock,22,1.5288064776353635e-07
compound_v3_eth_usdc,basket_return,return_shock,23,8.344204806920484e-08
compound_v3_eth_usdc,basket_return,return_shock,24,3.7368941035036386e-08
compound_v3_eth_usdc,basket_return,return_shock,25,9.396120903996408e-09
compound_v3_eth_usdc,basket_return,return_shock,26,-6.722365626407644e-10
compound_v3_eth_usdc,basket_return,return_shock,27,-3.357729767557256e-09
compound_v3_eth_usdc,basket_return,return_shock,28,-2.643012989603339e-09
compound_v3_eth_usdc,basket_return,return_shock,29,-1.5101883899878632e-09
compound_v3_eth_usdc,basket_return,return_shock,30,-6.130955986686439e-10
compound_v3_eth_usdc,basket_return,liquidation_shock,0,0.0
compound_v3_eth_usdc,basket_return,liquidation_shock,1,-0.08219328624059008
compound_v3_eth_usdc,basket_return,liquidation_shock,2,0.1207529457321264
compound_v3_eth_usdc,basket_return,liquidation_shock,3,0.013917167580497497
compound_v3_eth_usdc,basket_return,liquidation_shock,4,0.011451175135326631
compound_v3_eth_usdc,basket_return,liquidation_shock,5,0.0026413061005170226
compound_v3_eth_usdc,basket_return,liquidation_shock,6,0.0018654415306134902
compound_v3_eth_usdc,basket_return,liquidation_shock,7,-0.0019553962172201554
compound_v3_eth_usdc,basket_return,liquidation_shock,8,-0.0006431925606179426
compound_v3_eth_usdc,basket_return,liquidation_shock,9,-0.0005034031775370181
compound_v3_eth_usdc,basket_return,liquidation_shock,10,-0.00018718550091809366
compound_v3_eth_usdc,basket_return,liquidation_shock,11,-8.551426427958489e-05
compound_v3_eth_usdc,basket_return,liquidation_shock,12,1.7184795402167525e-05
compound_v3_eth_usdc,basket_return,liquidation_shock,13,1.5451872012024395e-05
compound_v3_eth_usdc,basket_return,liquidation_shock,14,1.5787117824110294e-05
compound_v3_eth_usdc,basket_return,liquidation_shock,15,8.133641472679157e-06
compound_v3_eth_usdc,basket_return,liquidation_shock,16,3.993780883024988e-06
compound_v3_eth_usdc,basket_return,liquidation_shock,17,7.384298623218548e-07
compound_v3_eth_usdc,basket_return,liquidation_shock,18,-7.605907906650907e-08
compound_v3_eth_usdc,basket_return,liquidation_shock,19,-3.6038145979759444e-07
compound_v3_eth_usdc,basket_return,liquidation_shock,20,-2.6578531116197825e-07
compound_v3_eth_usdc,basket_return,liquidation_shock,21,-1.562898321333352e-07
compound_v3_eth_usdc,basket_return,liquidation_shock,22,-5.835503566470256e-08
compound_v3_eth_usdc,basket_return,liquidation_shock,23,-1.5227853591981912e-08
compound_v3_eth_usdc,basket_return,liquidation_shock,24,3.349365715874099e-09
compound_v3_eth_usdc,basket_return,liquidation_shock,25,6.363639577580447e-09
compound_v3_eth_usdc,basket_return,liquidation_shock,26,4.995355134800351e-09
compound_v3_eth_usdc,basket_return,liquidation_shock,27,2.5862191551244847e-09
compound_v3_eth_usdc,basket_return,liquidation_shock,28,1.0423338810906846e-09
compound_v3_eth_usdc,basket_return,liquidation_shock,29,2.1963713291627412e-10
compound_v3_eth_usdc,basket_return,liquidation_shock,30,-6.885100503369309e-11
compound_v3_eth_usdc,liquidation,return_shock,0,-0.30793362364457066
compound_v3_eth_usdc,liquidation,return_shock,1,-0.4424003210687398
compound_v3_eth_usdc,liquidation,return_shock,2,-0.17010869660185346
compound_v3_eth_usdc,liquidation,return_shock,3,-0.14495731195839653
compound_v3_eth_usdc,liquidation,return_shock,4,-0.026884875502745938
compound_v3_eth_usdc,liquidation,return_shock,5,-0.004606730680864397
compound_v3_eth_usdc,liquidation,return_shock,6,0.008296785628480673
compound_v3_eth_usdc,liquidation,return_shock,7,0.005841520951406338
compound_v3_eth_usdc,liquidation,return_shock,8,0.00467518736262223
compound_v3_eth_usdc,liquidation,return_shock,9,0.0017743095761345233
compound_v3_eth_usdc,liquidation,return_shock,10,0.000627723021745067
compound_v3_eth_usdc,liquidation,return_shock,11,-2.094458514548043e-06
compound_v3_eth_usdc,liquidation,return_shock,12,-0.00012000928531861641
compound_v3_eth_usdc,liquidation,return_shock,13,-0.0001308817948998735
compound_v3_eth_usdc,liquidation,return_shock,14,-7.183504948340955e-05
compound_v3_eth_usdc,liquidation,return_shock,15,-3.347782467541169e-05
compound_v3_eth_usdc,liquidation,return_shock,16,-9.198379934942308e-06
compound_v3_eth_usdc,liquidation,return_shock,17,-1.2636839006062087e-07
compound_v3_eth_usdc,liquidation,return_shock,18,2.677342626261274e-06
compound_v3_eth_usdc,liquidation,return_shock,19,2.207206864962036e-06
compound_v3_eth_usdc,liquidation,return_shock,20,1.3117612936868933e-06
compound_v3_eth_usdc,liquidation,return_shock,21,5.537125957659712e-07
compound_v3_eth_usdc,liquidation,return_shock,22,1.578009068408057e-07
compound_v3_eth_usdc,liquidation,return_shock,23,-1.1327356707897425e-08
compound_v3_eth_usdc,liquidation,return_shock,24,-4.827978906103799e-08
compound_v3_eth_usdc,liquidation,return_shock,25,-4.05490186544358e-08
compound_v3_eth_usdc,liquidation,return_shock,26,-2.267900329172435e-08
compound_v3_eth_usdc,liquidation,return_shock,27,-9.588732521911075e-09
compound_v3_eth_usdc,liquidation,return_shock,28,-2.4395806026326224e-09
compound_v3_eth_usdc,liquidation,return_shock,29,3.071159935912952e-10
compound_v3_eth_usdc,liquidation,return_shock,30,9.206667149208067e-10
compound_v3_eth_usdc,liquidation,liquidation_shock,0,0.7934750864804883
compound_v3_eth_usdc,liquidation,liquidation_shock,1,0.16351716914240397
compound_v3_eth_usdc,liquidation,liquidation_shock,2,0.026845810690243874
compound_v3_eth_usdc,liquidation,liquidation_shock,3,8.271285713448209e-05
compound_v3_eth_usdc,liquidation,liquidation_shock,4,-0.004473955634874896
compound_v3_eth_usdc,liquidation,liquidation_shock,5,-0.017410340429088476
compound_v3_eth_usdc,liquidation,liquidation_shock,6,-0.007071557111511751
compound_v3_eth_usdc,liquidation,liquidation_shock,7,-0.0029782636671911917
compound_v3_eth_usdc,liquidation,liquidation_shock,8,-0.0008577898949939796
compound_v3_eth_usdc,liquidation,liquidation_shock,9,-9.19617491313721e-05
compound_v3_eth_usdc,liquidation,liquidation_shock,10,0.00033396839047391446
compound_v3_eth_usdc,liquidation,liquidation_shock,11,0.0002238985496199783
compound_v3_eth_usdc,liquidation,liquidation_shock,12,0.00012917018673640855
compound_v3_eth_usdc,liquidation,liquidation_shock,13,5.394761197066848e-05
compound_v3_eth_usdc,liquidation,liquidation_shock,14,1.6399569830008425e-05
compound_v3_eth_usdc,liquidation,liquidation_shock,15,-2.3623306191610684e-06
compound_v3_eth_usdc,liquidation,liquidation_shock,16,-5.070950806930991e-06
compound_v3_eth_usdc,liquidation,liquidation_shock,17,-4.137770106861338e-06
compound_v3_eth_usdc,liquidation,liquidation_shock,18,-2.2660639471797687e-06
compound_v3_eth_usdc,liquidation,liquidation_shock,19,-9.649403125996531e-07
compound_v3_eth_usdc,liquidation,liquidation_shock,20,-2.192648931084183e-07
compound_v3_eth_usdc,liquidation,liquidation_shock,21,4.04741226311073e-08
compound_v3_eth_usdc,liquidation,liquidation_shock,22,9.718461967898225e-08
compound_v3_eth_usdc,liquidation,liquidation_shock,23,7.371142215117688e-08
compound_v3_eth_usdc,liquidation,liquidation_shock,24,4.038530558742686e-08
compound_v3_eth_usdc,liquidation,liquidation_shock,25,1.5756418581470532e-08
compound_v3_eth_usdc,liquidation,liquidation_shock,26,3.602875879884694e-09
compound_v3_eth_usdc,liquidation,liquidation_shock,27,-1.0017585633856644e-09
compound_v3_eth_usdc,liquidation,liquidation_shock,28,-1.7941755096482271e-09
compound_v3_eth_usdc,liquidation,liquidation_shock,29,-1.331123220257019e-09
compound_v3_eth_usdc,liquidation,liquidation_shock,30,-6.951536456460597e-10
compound_v3_eth_usds,basket_return,return_shock,0,1.0003195702123209
compound_v3_eth_usds,basket_return,return_shock,1,-0.03303962175535861
compound_v3_eth_usds,basket_return,return_shock,2,-0.0034209694731166633
compound_v3_eth_usds,basket_return,return_shock,3,0.00027021843721224554
compound_v3_eth_usds,basket_return,return_shock,4,6.220784544112957e-06
compound_v3_eth_usds,basket_return,return_shock,5,-1.451864372009765e-06
compound_v3_eth_usds,basket_return,return_shock,6,2.215588593786986e-08
compound_v3_eth_usds,basket_return,return_shock,7,5.864111799977916e-09
compound_v3_eth_usds,basket_return,return_shock,8,-3.0560175226209e-10
compound_v3_eth_usds,basket_return,return_shock,9,-1.615488626165035e-11
compound_v3_eth_usds,basket_return,return_shock,10,1.959742617991709e-12
compound_v3_eth_usds,basket_return,return_shock,11,5.553710258726184e-15
compound_v3_eth_usds,basket_return,return_shock,12,-9.151030821311544e-15
compound_v3_eth_usds,basket_return,return_shock,13,2.9347913279287984e-16
compound_v3_eth_usds,basket_return,return_shock,14,3.160101342294513e-17
compound_v3_eth_usds,basket_return,return_shock,15,-2.4425468189679382e-18
compound_v3_eth_usds,basket_return,return_shock,16,-5.933114910162566e-20
compound_v3_eth_usds,basket_return,return_shock,17,1.3231665378987706e-20
compound_v3_eth_usds,basket_return,return_shock,18,-1.8986333145619063e-22
compound_v3_eth_usds,basket_return,return_shock,19,-5.38630655595332e-23
compound_v3_eth_usds,basket_return,return_shock,20,2.744655632354916e-24
compound_v3_eth_usds,basket_return,return_shock,21,1.5055880314671625e-25
compound_v3_eth_usds,basket_return,return_shock,22,-1.7791321563539274e-26
compound_v3_eth_usds,basket_return,return_shock,23,-6.823712714950177e-29
compound_v3_eth_usds,basket_return,return_shock,24,8.36975635959676e-29
compound_v3_eth_usds,basket_return,return_shock,25,-2.604510763985295e-30
compound_v3_eth_usds,basket_return,return_shock,26,-2.9180843687046562e-31
compound_v3_eth_usds,basket_return,return_shock,27,2.2072536893013744e-32
compound_v3_eth_usds,basket_return,return_shock,28,5.6467822832377125e-34
compound_v3_eth_usds,basket_return,return_shock,29,-1.205642544136035e-34
compound_v3_eth_usds,basket_return,return_shock,30,1.6200016972137253e-36
compound_v3_eth_usds,basket_return,liquidation_shock,0,0.0
compound_v3_eth_usds,basket_return,liquidation_shock,1,0.023324013140640518
compound_v3_eth_usds,basket_return,liquidation_shock,2,-0.0008127154078456344
compound_v3_eth_usds,basket_return,liquidation_shock,3,-7.828975185803363e-05
compound_v3_eth_usds,basket_return,liquidation_shock,4,6.442700883248714e-06
compound_v3_eth_usds,basket_return,liquidation_shock,5,1.3335050756548102e-07
compound_v3_eth_usds,basket_return,liquidation_shock,6,-3.409458487787304e-08
compound_v3_eth_usds,basket_return,liquidation_shock,7,5.784982094691005e-10
compound_v3_eth_usds,basket_return,liquidation_shock,8,1.3568065516960133e-10
compound_v3_eth_usds,basket_return,liquidation_shock,9,-7.371912005101933e-12
compound_v3_eth_usds,basket_return,liquidation_shock,10,-3.632926109615761e-13
compound_v3_eth_usds,basket_return,liquidation_shock,11,4.6354022042493414e-14
compound_v3_eth_usds,basket_return,liquidation_shock,12,4.5337150425481604e-17
compound_v3_eth_usds,basket_return,liquidation_shock,13,-2.134528863821925e-16
compound_v3_eth_usds,basket_return,liquidation_shock,14,7.230450609163052e-18
compound_v3_eth_usds,basket_return,liquidation_shock,15,7.237000152934357e-19
compound_v3_eth_usds,basket_return,liquidation_shock,16,-5.826567999130294e-20
compound_v3_eth_usds,basket_return,liquidation_shock,17,-1.2776163732949257e-21
compound_v3_eth_usds,basket_return,liquidation_shock,18,3.108364720692518e-22
compound_v3_eth_usds,basket_return,liquidation_shock,19,-4.991287425578225e-24
compound_v3_eth_usds,basket_return,liquidation_shock,20,-1.2468397585056057e-24
compound_v3_eth_usds,basket_return,liquidation_shock,21,6.625958525409804e-26
compound_v3_eth_usds,basket_return,liquidation_shock,22,3.390218582274053e-27
compound_v3_eth_usds,basket_return,liquidation_shock,23,-4.20987432005064e-28
compound_v3_eth_usds,basket_return,liquidation_shock,24,-8.267475061387738e-31
compound_v3_eth_usds,basket_return,liquidation_shock,25,1.9530403892166878e-30
compound_v3_eth_usds,basket_return,liquidation_shock,26,-6.427400440622174e-32
compound_v3_eth_usds,basket_return,liquidation_shock,27,-6.687279250628141e-33
compound_v3_eth_usds,basket_return,liquidation_shock,28,5.2679650694034435e-34
compound_v3_eth_usds,basket_return,liquidation_shock,29,1.2209949518402502e-35
compound_v3_eth_usds,basket_return,liquidation_shock,30,-2.833311204967058e-36
compound_v3_eth_usds,liquidation,return_shock,0,-0.2017278789793824
compound_v3_eth_usds,liquidation,return_shock,1,-0.17981015685498225
compound_v3_eth_usds,liquidation,return_shock,2,0.007187458952461445
compound_v3_eth_usds,liquidation,return_shock,3,0.0005714251825687773
compound_v3_eth_usds,liquidation,return_shock,4,-5.276322305628783e-05
compound_v3_eth_usds,liquidation,return_shock,5,-7.733353771836943e-07
compound_v3_eth_usds,liquidation,return_shock,6,2.681146005379157e-07
compound_v3_eth_usds,liquidation,return_shock,7,-5.807609470100655e-09
compound_v3_eth_usds,liquidation,return_shock,8,-1.0231239184731095e-09
compound_v3_eth_usds,liquidation,return_shock,9,6.219551364234381e-11
compound_v3_eth_usds,liquidation,return_shock,10,2.5092779222537975e-12
compound_v3_eth_usds,liquidation,return_shock,11,-3.7171552803450667e-13
compound_v3_eth_usds,liquidation,return_shock,12,1.4829625283877715e-15
compound_v3_eth_usds,liquidation,return_shock,13,1.6473494445910718e-15
compound_v3_eth_usds,liquidation,return_shock,14,-6.417946364406971e-17
compound_v3_eth_usds,liquidation,return_shock,15,-5.293333391934827e-18
compound_v3_eth_usds,liquidation,return_shock,16,4.777929278004094e-19
compound_v3_eth_usds,liquidation,return_shock,17,7.546065925215142e-21
compound_v3_eth_usds,liquidation,return_shock,18,-2.446816523404115e-21
compound_v3_eth_usds,liquidation,return_shock,19,5.07670305506096e-23
compound_v3_eth_usds,liquidation,return_shock,20,9.414856506857866e-24
compound_v3_eth_usds,liquidation,return_shock,21,-5.6010064444797045e-25
compound_v3_eth_usds,liquidation,return_shock,22,-2.3516583238120405e-26
compound_v3_eth_usds,liquidation,return_shock,23,3.37951132754273e-27
compound_v3_eth_usds,liquidation,return_shock,24,-1.0268978379825079e-29
compound_v3_eth_usds,liquidation,return_shock,25,-1.5089118626169527e-29
compound_v3_eth_usds,liquidation,return_shock,26,5.727110197791974e-31
compound_v3_eth_usds,liquidation,return_shock,27,4.9012873126677844e-32
compound_v3_eth_usds,liquidation,return_shock,28,-4.325557808473229e-33
compound_v3_eth_usds,liquidation,return_shock,29,-7.330386516144787e-35
compound_v3_eth_usds,liquidation,return_shock,30,2.232533101341586e-35
compound_v3_eth_usds,liquidation,liquidation_shock,0,0.9638898212166566
compound_v3_eth_usds,liquidation,liquidation_shock,1,-0.006453554005125181
compound_v3_eth_usds,liquidation,liquidation_shock,2,-0.004180838141668476
compound_v3_eth_usds,liquidation,liquidation_shock,3,0.00017517719267182405
compound_v3_eth_usds,liquidation,liquidation_shock,4,1.3005634341900815e-05
compound_v3_eth_usds,liquidation,liquidation_shock,5,-1.2538688382772432e-06
compound_v3_eth_usds,liquidation,liquidation_shock,6,-1.575510837188969e-08
compound_v3_eth_usds,liquidation,liquidation_shock,7,6.2801142562035525e-09
compound_v3_eth_usds,liquidation,liquidation_shock,8,-1.4681510761230847e-10
compound_v3_eth_usds,liquidation,liquidation_shock,9,-2.3589187563392804e-11
compound_v3_eth_usds,liquidation,liquidation_shock,10,1.4930119919894457e-12
compound_v3_eth_usds,liquidation,liquidation_shock,11,5.5797152872818615e-14
compound_v3_eth_usds,liquidation,liquidation_shock,12,-8.76842849921998e-15
compound_v3_eth_usds,liquidation,liquidation_shock,13,5.0496773770456904e-17
compound_v3_eth_usds,liquidation,liquidation_shock,14,3.8318847739740127e-17
compound_v3_eth_usds,liquidation,liquidation_shock,15,-1.5660127581910358e-18
compound_v3_eth_usds,liquidation,liquidation_shock,16,-1.2057922069955749e-19
compound_v3_eth_usds,liquidation,liquidation_shock,17,1.1359401367726804e-20
compound_v3_eth_usds,liquidation,liquidation_shock,18,1.5532518466022898e-22
compound_v3_eth_usds,liquidation,liquidation_shock,19,-5.733334355325293e-23
compound_v3_eth_usds,liquidation,liquidation_shock,20,1.2878019755685817e-24
compound_v3_eth_usds,liquidation,liquidation_shock,21,2.1718406435947594e-25
compound_v3_eth_usds,liquidation,liquidation_shock,22,-1.345392157741215e-26
compound_v3_eth_usds,liquidation,liquidation_shock,23,-5.239001132005817e-28
compound_v3_eth_usds,liquidation,liquidation_shock,24,7.974973181918862e-29
compound_v3_eth_usds,liquidation,liquidation_shock,25,-3.8422385637060085e-31
compound_v3_eth_usds,liquidation,liquidation_shock,26,-3.511288049089024e-31
compound_v3_eth_usds,liquidation,liquidation_shock,27,1.3991130443627332e-32
compound_v3_eth_usds,liquidation,liquidation_shock,28,1.1174106245524586e-33
compound_v3_eth_usds,liquidation,liquidation_shock,29,-1.028858085091419e-34
compound_v3_eth_usds,liquidation,liquidation_shock,30,-1.5224036976165035e-36
compound_v3_eth_usdt,basket_return,return_shock,0,0.9952387289202957
compound_v3_eth_usdt,basket_return,return_shock,1,-0.06867967708408375
compound_v3_eth_usdt,basket_return,return_shock,2,0.004262440436153384
compound_v3_eth_usdt,basket_return,return_shock,3,-0.00033625383641972776
compound_v3_eth_usdt,basket_return,return_shock,4,1.453793619918626e-05
compound_v3_eth_usdt,basket_return,return_shock,5,-2.2051600808966323e-06
compound_v3_eth_usdt,basket_return,return_shock,6,-4.383884748352164e-08
compound_v3_eth_usdt,basket_return,return_shock,7,-2.6747819573205633e-08
compound_v3_eth_usdt,basket_return,return_shock,8,-2.816037512498755e-09
compound_v3_eth_usdt,basket_return,return_shock,9,-5.260922469540721e-10
compound_v3_eth_usdt,basket_return,return_shock,10,-7.565747166144079e-11
compound_v3_eth_usdt,basket_return,return_shock,11,-1.213687420840278e-11
compound_v3_eth_usdt,basket_return,return_shock,12,-1.8563321799246255e-12
compound_v3_eth_usdt,basket_return,return_shock,13,-2.8978812779234975e-13
compound_v3_eth_usdt,basket_return,return_shock,14,-4.4840557552358003e-14
compound_v3_eth_usdt,basket_return,return_shock,15,-6.9648611839789915e-15
compound_v3_eth_usdt,basket_return,return_shock,16,-1.0800453785972766e-15
compound_v3_eth_usdt,basket_return,return_shock,17,-1.6760166543637956e-16
compound_v3_eth_usdt,basket_return,return_shock,18,-2.6000542950751782e-17
compound_v3_eth_usdt,basket_return,return_shock,19,-4.0340706420035654e-18
compound_v3_eth_usdt,basket_return,return_shock,20,-6.258640632236361e-19
compound_v3_eth_usdt,basket_return,return_shock,21,-9.710176399164655e-20
compound_v3_eth_usdt,basket_return,return_shock,22,-1.5065018185951532e-20
compound_v3_eth_usdt,basket_return,return_shock,23,-2.3372984330547145e-21
compound_v3_eth_usdt,basket_return,return_shock,24,-3.62625071790798e-22
compound_v3_eth_usdt,basket_return,return_shock,25,-5.626027531048908e-23
compound_v3_eth_usdt,basket_return,return_shock,26,-8.728622691684384e-24
compound_v3_eth_usdt,basket_return,return_shock,27,-1.3542213503477795e-24
compound_v3_eth_usdt,basket_return,return_shock,28,-2.1010363341078603e-25
compound_v3_eth_usdt,basket_return,return_shock,29,-3.259698869966708e-26
compound_v3_eth_usdt,basket_return,return_shock,30,-5.057331192894184e-27
compound_v3_eth_usdt,basket_return,liquidation_shock,0,0.0
compound_v3_eth_usdt,basket_return,liquidation_shock,1,0.0010221436443531814
compound_v3_eth_usdt,basket_return,liquidation_shock,2,9.023199902495746e-05
compound_v3_eth_usdt,basket_return,liquidation_shock,3,1.8569851481275504e-05
compound_v3_eth_usdt,basket_return,liquidation_shock,4,2.5754237030597354e-06
compound_v3_eth_usdt,basket_return,liquidation_shock,5,4.2000766076798603e-07
compound_v3_eth_usdt,basket_return,liquidation_shock,6,6.379632612282124e-08
compound_v3_eth_usdt,basket_return,liquidation_shock,7,9.989210766487517e-09
compound_v3_eth_usdt,basket_return,liquidation_shock,8,1.5436867372648136e-09
compound_v3_eth_usdt,basket_return,liquidation_shock,9,2.399073190635538e-10
compound_v3_eth_usdt,basket_return,liquidation_shock,10,3.719361949601708e-11
compound_v3_eth_usdt,basket_return,liquidation_shock,11,5.7723129216935294e-12
compound_v3_eth_usdt,basket_return,liquidation_shock,12,8.954359365874958e-13
compound_v3_eth_usdt,basket_return,liquidation_shock,13,1.3893254093072073e-13
compound_v3_eth_usdt,basket_return,liquidation_shock,14,2.155444697175436e-14
compound_v3_eth_usdt,basket_return,liquidation_shock,15,3.34414842635134e-15
compound_v3_eth_usdt,basket_return,liquidation_shock,16,5.188327892864961e-16
compound_v3_eth_usdt,basket_return,liquidation_shock,17,8.049561292466622e-17
compound_v3_eth_usdt,basket_return,liquidation_shock,18,1.2488657258557093e-17
compound_v3_eth_usdt,basket_return,liquidation_shock,19,1.9375808160074746e-18
compound_v3_eth_usdt,basket_return,liquidation_shock,20,3.0061017090445648e-19
compound_v3_eth_usdt,basket_return,liquidation_shock,21,4.663882668563978e-20
compound_v3_eth_usdt,basket_return,liquidation_shock,22,7.235882704947404e-21
compound_v3_eth_usdt,basket_return,liquidation_shock,23,1.1226268862787673e-21
compound_v3_eth_usdt,basket_return,liquidation_shock,24,1.7417240628656422e-22
compound_v3_eth_usdt,basket_return,liquidation_shock,25,2.702235954430151e-23
compound_v3_eth_usdt,basket_return,liquidation_shock,26,4.1924431566625255e-24
compound_v3_eth_usdt,basket_return,liquidation_shock,27,6.5044577692176265e-25
compound_v3_eth_usdt,basket_return,liquidation_shock,28,1.0091483477149335e-25
compound_v3_eth_usdt,basket_return,liquidation_shock,29,1.5656653084863358e-26
compound_v3_eth_usdt,basket_return,liquidation_shock,30,2.4290857369539387e-27
compound_v3_eth_usdt,liquidation,return_shock,0,-0.2716124719322818
compound_v3_eth_usdt,liquidation,return_shock,1,-0.3872481816665205
compound_v3_eth_usdt,liquidation,return_shock,2,-0.03700308747376806
compound_v3_eth_usdt,liquidation,return_shock,3,-0.007284108775330917
compound_v3_eth_usdt,liquidation,return_shock,4,-0.0010269163609525004
compound_v3_eth_usdt,liquidation,return_shock,5,-0.00016622367765529674
compound_v3_eth_usdt,liquidation,return_shock,6,-2.5327701034684692e-05
compound_v3_eth_usdt,liquidation,return_shock,7,-3.96037783497136e-06
compound_v3_eth_usdt,liquidation,return_shock,8,-6.123781421035158e-07
compound_v3_eth_usdt,liquidation,return_shock,9,-9.514672448386208e-08
compound_v3_eth_usdt,liquidation,return_shock,10,-1.4752520508781625e-08
compound_v3_eth_usdt,liquidation,return_shock,11,-2.289429081885717e-09
compound_v3_eth_usdt,liquidation,return_shock,12,-3.5515723263618316e-10
compound_v3_eth_usdt,liquidation,return_shock,13,-5.510440564606097e-11
compound_v3_eth_usdt,liquidation,return_shock,14,-8.549109229555504e-12
compound_v3_eth_usdt,liquidation,return_shock,15,-1.326382613789442e-12
compound_v3_eth_usdt,liquidation,return_shock,16,-2.0578371097274608e-13
compound_v3_eth_usdt,liquidation,return_shock,17,-3.192681974934441e-14
compound_v3_eth_usdt,liquidation,return_shock,18,-4.95335269343098e-15
compound_v3_eth_usdt,liquidation,return_shock,19,-7.684990000705973e-16
compound_v3_eth_usdt,liquidation,return_shock,20,-1.1923044418436115e-16
compound_v3_eth_usdt,liquidation,return_shock,21,-1.8498269527266846e-17
compound_v3_eth_usdt,liquidation,return_shock,22,-2.8699544704907077e-18
compound_v3_eth_usdt,liquidation,return_shock,23,-4.452653775785793e-19
compound_v3_eth_usdt,liquidation,return_shock,24,-6.908167197983585e-20
compound_v3_eth_usdt,liquidation,return_shock,25,-1.0717827337230793e-20
compound_v3_eth_usdt,liquidation,return_shock,26,-1.662840796991139e-21
compound_v3_eth_usdt,liquidation,return_shock,27,-2.5798507781912955e-22
compound_v3_eth_usdt,liquidation,return_shock,28,-4.0025659979816175e-23
compound_v3_eth_usdt,liquidation,return_shock,29,-6.2098686898502186e-24
compound_v3_eth_usdt,liquidation,return_shock,30,-9.634436798970773e-25
compound_v3_eth_usdt,liquidation,liquidation_shock,0,0.8699400209978208
compound_v3_eth_usdt,liquidation,liquidation_shock,1,0.136549964458548
compound_v3_eth_usdt,liquidation,liquidation_shock,2,0.021079607573608904
compound_v3_eth_usdt,liquidation,liquidation_shock,3,0.003277512436770643
compound_v3_eth_usdt,liquidation,liquidation_shock,4,0.0005080240387530248
compound_v3_eth_usdt,liquidation,liquidation_shock,5,7.885011887273938e-05
compound_v3_eth_usdt,liquidation,liquidation_shock,6,1.2231260203362373e-05
compound_v3_eth_usdt,liquidation,liquidation_shock,7,1.8977870320992734e-06
compound_v3_eth_usdt,liquidation,liquidation_shock,8,2.944268721408277e-07
compound_v3_eth_usdt,liquidation,liquidation_shock,9,4.5680134166872345e-08
compound_v3_eth_usdt,liquidation,liquidation_shock,10,7.0871021989011025e-09
compound_v3_eth_usdt,liquidation,liquidation_shock,11,1.0995468210181502e-09
compound_v3_eth_usdt,liquidation,liquidation_shock,12,1.7059141095310868e-10
compound_v3_eth_usdt,liquidation,liquidation_shock,13,2.6466790754694053e-11
compound_v3_eth_usdt,liquidation,liquidation_shock,14,4.1062473789840786e-12
compound_v3_eth_usdt,liquidation,liquidation_shock,15,6.370728004224859e-13
compound_v3_eth_usdt,liquidation,liquidation_shock,16,9.884005128029583e-14
compound_v3_eth_usdt,liquidation,liquidation_shock,17,1.533475650697723e-14
compound_v3_eth_usdt,liquidation,liquidation_shock,18,2.3791443704845103e-15
compound_v3_eth_usdt,liquidation,liquidation_shock,19,3.6911756574514363e-16
compound_v3_eth_usdt,liquidation,liquidation_shock,20,5.726755317370484e-17
compound_v3_eth_usdt,liquidation,liquidation_shock,21,8.884899980514465e-18
compound_v3_eth_usdt,liquidation,liquidation_shock,22,1.3784672685428741e-18
compound_v3_eth_usdt,liquidation,liquidation_shock,23,2.138653237828181e-19
compound_v3_eth_usdt,liquidation,liquidation_shock,24,3.3180604105429267e-20
compound_v3_eth_usdt,liquidation,liquidation_shock,25,5.147877502530552e-21
compound_v3_eth_usdt,liquidation,liquidation_shock,26,7.9867873098728645e-22
compound_v3_eth_usdt,liquidation,liquidation_shock,27,1.2391276113808407e-22
compound_v3_eth_usdt,liquidation,liquidation_shock,28,1.9224716744119946e-23
compound_v3_eth_usdt,liquidation,liquidation_shock,29,2.9826607889127667e-24
compound_v3_eth_usdt,liquidation,liquidation_shock,30,4.62751441288731e-25
euler_v2_sonic,basket_return,return_shock,0,0.9988271635996346
euler_v2_sonic,basket_return,return_shock,1,-0.0717097875081884
euler_v2_sonic,basket_return,return_shock,2,0.005471029622883396
euler_v2_sonic,basket_return,return_shock,3,-0.0003773480208753264
euler_v2_sonic,basket_return,return_shock,4,3.07059704165568e-05
euler_v2_sonic,basket_return,return_shock,5,-1.893968469230937e-06
euler_v2_sonic,basket_return,return_shock,6,1.8304767705678515e-07
euler_v2_sonic,basket_return,return_shock,7,-8.122025042910856e-09
euler_v2_sonic,basket_return,return_shock,8,1.2427956024871046e-09
euler_v2_sonic,basket_return,return_shock,9,-1.2926408346931149e-11
euler_v2_sonic,basket_return,return_shock,10,1.0457766753259535e-11
euler_v2_sonic,basket_return,return_shock,11,3.8513267729471456e-13
euler_v2_sonic,basket_return,return_shock,12,1.116292690867899e-13
euler_v2_sonic,basket_return,return_shock,13,8.773177788840159e-15
euler_v2_sonic,basket_return,return_shock,14,1.4146179935149972e-15
euler_v2_sonic,basket_return,return_shock,15,1.4586992596868806e-16
euler_v2_sonic,basket_return,return_shock,16,1.9586493551270877e-17
euler_v2_sonic,basket_return,return_shock,17,2.237130171941435e-18
euler_v2_sonic,basket_return,return_shock,18,2.81593776073125e-19
euler_v2_sonic,basket_return,return_shock,19,3.341051606255311e-20
euler_v2_sonic,basket_return,return_shock,20,4.1081377591679834e-21
euler_v2_sonic,basket_return,return_shock,21,4.943138496893431e-22
euler_v2_sonic,basket_return,return_shock,22,6.026285877909544e-23
euler_v2_sonic,basket_return,return_shock,23,7.288683302378956e-24
euler_v2_sonic,basket_return,return_shock,24,8.857997034252365e-25
euler_v2_sonic,basket_return,return_shock,25,1.0733904238167863e-25
euler_v2_sonic,basket_return,return_shock,26,1.303003092863431e-26
euler_v2_sonic,basket_return,return_shock,27,1.5800452156416243e-27
euler_v2_sonic,basket_return,return_shock,28,1.9172306698679607e-28
euler_v2_sonic,basket_return,return_shock,29,2.325461582457337e-29
euler_v2_sonic,basket_return,return_shock,30,2.8212849587371493e-30
euler_v2_sonic,basket_return,liquidation_shock,0,0.0
euler_v2_sonic,basket_return,liquidation_shock,1,-0.0020372528307285686
euler_v2_sonic,basket_return,liquidation_shock,2,-9.746950348161974e-05
euler_v2_sonic,basket_return,liquidation_shock,3,-2.2819974435187697e-05
euler_v2_sonic,basket_return,liquidation_shock,4,-1.9604706758180667e-06
euler_v2_sonic,basket_return,liquidation_shock,5,-2.9717526036932715e-07
euler_v2_sonic,basket_return,liquidation_shock,6,-3.169030778960106e-08
euler_v2_sonic,basket_return,liquidation_shock,7,-4.164704239156593e-09
euler_v2_sonic,basket_return,liquidation_shock,8,-4.816891185636941e-10
euler_v2_sonic,basket_return,liquidation_shock,9,-6.016298573547717e-11
euler_v2_sonic,basket_return,liquidation_shock,10,-7.171389164558011e-12
euler_v2_sonic,basket_return,liquidation_shock,11,-8.792978277881248e-13
euler_v2_sonic,basket_return,liquidation_shock,12,-1.0598260443658805e-13
euler_v2_sonic,basket_return,liquidation_shock,13,-1.2907187154554729e-14
euler_v2_sonic,basket_return,liquidation_shock,14,-1.5620788961923427e-15
euler_v2_sonic,basket_return,liquidation_shock,15,-1.8976866858592555e-16
euler_v2_sonic,basket_return,liquidation_shock,16,-2.3000988490228232e-17
euler_v2_sonic,basket_return,liquidation_shock,17,-2.7917322585294696e-18
euler_v2_sonic,basket_return,liquidation_shock,18,-3.3855906273105803e-19
euler_v2_sonic,basket_return,liquidation_shock,19,-4.1078740708158543e-20
euler_v2_sonic,basket_return,liquidation_shock,20,-4.9827070132577054e-21
euler_v2_sonic,basket_return,liquidation_shock,21,-6.044981871496768e-22
euler_v2_sonic,basket_return,liquidation_shock,22,-7.332892931524299e-23
euler_v2_sonic,basket_return,liquidation_shock,23,-8.895811009697061e-24
euler_v2_sonic,basket_return,liquidation_shock,24,-1.0791396913402965e-24
euler_v2_sonic,basket_return,liquidation_shock,25,-1.3091238579898308e-25
euler_v2_sonic,basket_return,liquidation_shock,26,-1.5880975505306747e-26
euler_v2_sonic,basket_return,liquidation_shock,27,-1.92653822837565e-27
euler_v2_sonic,basket_return,liquidation_shock,28,-2.3370911650671076e-28
euler_v2_sonic,basket_return,liquidation_shock,29,-2.8351441787299975e-29
euler_v2_sonic,basket_return,liquidation_shock,30,-3.439329248369565e-30
euler_v2_sonic,liquidation,return_shock,0,-0.17715665331866107
euler_v2_sonic,liquidation,return_shock,1,-0.14063032764579947
euler_v2_sonic,liquidation,return_shock,2,-0.008307140435835757
euler_v2_sonic,liquidation,return_shock,3,-0.0016507882832850218
euler_v2_sonic,liquidation,return_shock,4,-0.00015301568042567208
euler_v2_sonic,liquidation,return_shock,5,-2.2033201244601967e-05
euler_v2_sonic,liquidation,return_shock,6,-2.417874837225628e-06
euler_v2_sonic,liquidation,return_shock,7,-3.120471333142766e-07
euler_v2_sonic,liquidation,return_shock,8,-3.647837149440847e-08
euler_v2_sonic,liquidation,return_shock,9,-4.526325565855572e-09
euler_v2_sonic,liquidation,return_shock,10,-5.416632185748624e-10
euler_v2_sonic,liquidation,return_shock,11,-6.625525336218073e-11
euler_v2_sonic,liquidation,return_shock,12,-7.997374523205233e-12
euler_v2_sonic,liquidation,return_shock,13,-9.731122776515323e-13
euler_v2_sonic,liquidation,return_shock,14,-1.1783248464186436e-13
euler_v2_sonic,liquidation,return_shock,15,-1.4310233994840035e-14
euler_v2_sonic,liquidation,return_shock,16,-1.7348158238519345e-15
euler_v2_sonic,liquidation,return_shock,17,-2.1053745012808326e-16
euler_v2_sonic,liquidation,return_shock,18,-2.553413133252243e-17
euler_v2_sonic,liquidation,return_shock,19,-3.0980252939478528e-18
euler_v2_sonic,liquidation,return_shock,20,-3.7578944473472604e-19
euler_v2_sonic,liquidation,return_shock,21,-4.558976270500907e-20
euler_v2_sonic,liquidation,return_shock,22,-5.530340224763207e-21
euler_v2_sonic,liquidation,return_shock,23,-6.709026758910923e-22
euler_v2_sonic,liquidation,return_shock,24,-8.138665038176831e-23
euler_v2_sonic,liquidation,return_shock,25,-9.87314051896862e-24
euler_v2_sonic,liquidation,return_shock,26,-1.1977117722137886e-24
euler_v2_sonic,liquidation,return_shock,27,-1.4529559012524161e-25
euler_v2_sonic,liquidation,return_shock,28,-1.7625874022789642e-26
euler_v2_sonic,liquidation,return_shock,29,-2.138208406983799e-27
euler_v2_sonic,liquidation,return_shock,30,-2.5938730200276647e-28
euler_v2_sonic,liquidation,liquidation_shock,0,0.9681220751893092
euler_v2_sonic,liquidation,liquidation_shock,1,0.11618512581791654
euler_v2_sonic,liquidation,liquidation_shock,2,0.014186944059495879
euler_v2_sonic,liquidation,liquidation_shock,3,0.0017142353736720975
euler_v2_sonic,liquidation,liquidation_shock,4,0.0002084540059706277
euler_v2_sonic,liquidation,liquidation_shock,5,2.5251031972243195e-05
euler_v2_sonic,liquidation,liquidation_shock,6,3.0659124467995654e-06
euler_v2_sonic,liquidation,liquidation_shock,7,3.7172997385107823e-07
euler_v2_sonic,liquidation,liquidation_shock,8,4.51093425157462e-08
euler_v2_sonic,liquidation,liquidation_shock,9,5.471175824246459e-09
euler_v2_sonic,liquidation,liquidation_shock,10,6.637903717602783e-10
euler_v2_sonic,liquidation,liquidation_shock,11,8.051907912203057e-11
euler_v2_sonic,liquidation,liquidation_shock,12,9.768245541431944e-12
euler_v2_sonic,liquidation,liquidation_shock,13,1.1849611321629506e-12
euler_v2_sonic,liquidation,liquidation_shock,14,1.4375069430252746e-13
euler_v2_sonic,liquidation,liquidation_shock,15,1.7438322654715277e-14
euler_v2_sonic,liquidation,liquidation_shock,16,2.1154666434588914e-15
euler_v2_sonic,liquidation,liquidation_shock,17,2.5662773332732567e-16
euler_v2_sonic,liquidation,liquidation_shock,18,3.11317444668903e-17
euler_v2_sonic,liquidation,liquidation_shock,19,3.77660735489297e-18
euler_v2_sonic,liquidation,liquidation_shock,20,4.581430633290094e-19
euler_v2_sonic,liquidation,liquidation_shock,21,5.557760772528638e-20
euler_v2_sonic,liquidation,liquidation_shock,22,6.742157819021676e-21
euler_v2_sonic,liquidation,liquidation_shock,23,8.1789542439714445e-22
euler_v2_sonic,liquidation,liquidation_shock,24,9.921943839906905e-23
euler_v2_sonic,liquidation,liquidation_shock,25,1.2036374082329972e-23
euler_v2_sonic,liquidation,liquidation_shock,26,1.4601404548620633e-24
euler_v2_sonic,liquidation,liquidation_shock,27,1.7713058773815725e-25
euler_v2_sonic,liquidation,liquidation_shock,28,2.1487827550249686e-26
euler_v2_sonic,liquidation,liquidation_shock,29,2.606702366891806e-27
euler_v2_sonic,liquidation,liquidation_shock,30,3.1622076766282427e-28
fluid_lending_arbitrum,basket_return,return_shock,0,0.8921060368650768
fluid_lending_arbitrum,basket_return,return_shock,1,0.08661378394936
fluid_lending_arbitrum,basket_return,return_shock,2,0.06666513804140103
fluid_lending_arbitrum,basket_return,return_shock,3,-0.043904795178251986
fluid_lending_arbitrum,basket_return,return_shock,4,0.08687352776148448
fluid_lending_arbitrum,basket_return,return_shock,5,-0.0883651354098323
fluid_lending_arbitrum,basket_return,return_shock,6,-0.07611514692043812
fluid_lending_arbitrum,basket_return,return_shock,7,0.009540346097176083
fluid_lending_arbitrum,basket_return,return_shock,8,-0.012975176798726314
fluid_lending_arbitrum,basket_return,return_shock,9,-0.06000153508588019
fluid_lending_arbitrum,basket_return,return_shock,10,0.09405125711227033
fluid_lending_arbitrum,basket_return,return_shock,11,-0.05026843803991656
fluid_lending_arbitrum,basket_return,return_shock,12,-0.07144525637324463
fluid_lending_arbitrum,basket_return,return_shock,13,0.006049506951861653
fluid_lending_arbitrum,basket_return,return_shock,14,0.13655120759947129
fluid_lending_arbitrum,basket_return,return_shock,15,-0.01828483300032317
fluid_lending_arbitrum,basket_return,return_shock,16,-0.03339898198198777
fluid_lending_arbitrum,basket_return,return_shock,17,0.11547150615062547
fluid_lending_arbitrum,basket_return,return_shock,18,0.026185283169144365
fluid_lending_arbitrum,basket_return,return_shock,19,0.02427157003336083
fluid_lending_arbitrum,basket_return,return_shock,20,-0.009647547929151254
fluid_lending_arbitrum,basket_return,return_shock,21,0.011488310657988571
fluid_lending_arbitrum,basket_return,return_shock,22,0.0012875563011857116
fluid_lending_arbitrum,basket_return,return_shock,23,0.03454163245360287
fluid_lending_arbitrum,basket_return,return_shock,24,0.04933961164396144
fluid_lending_arbitrum,basket_return,return_shock,25,0.06571361944820348
fluid_lending_arbitrum,basket_return,return_shock,26,0.028930331864057985
fluid_lending_arbitrum,basket_return,return_shock,27,0.09769282970249916
fluid_lending_arbitrum,basket_return,return_shock,28,0.019258268457698575
fluid_lending_arbitrum,basket_return,return_shock,29,-0.09111586349929293
fluid_lending_arbitrum,basket_return,return_shock,30,-0.031098052788267442
fluid_lending_arbitrum,basket_return,liquidation_shock,0,0.0
fluid_lending_arbitrum,basket_return,liquidation_shock,1,0.09273400550561584
fluid_lending_arbitrum,basket_return,liquidation_shock,2,0.1311374949122381
fluid_lending_arbitrum,basket_return,liquidation_shock,3,0.009963192277283907
fluid_lending_arbitrum,basket_return,liquidation_shock,4,-0.013437480829977862
fluid_lending_arbitrum,basket_return,liquidation_shock,5,-0.0337710195212958
fluid_lending_arbitrum,basket_return,liquidation_shock,6,0.07476568434197887
fluid_lending_arbitrum,basket_return,liquidation_shock,7,0.09906345778412005
fluid_lending_arbitrum,basket_return,liquidation_shock,8,-0.029305590336515294
fluid_lending_arbitrum,basket_return,liquidation_shock,9,0.10495843835632984
fluid_lending_arbitrum,basket_return,liquidation_shock,10,-0.048663563925098276
fluid_lending_arbitrum,basket_return,liquidation_shock,11,0.06771467161024926
fluid_lending_arbitrum,basket_return,liquidation_shock,12,0.037024012750201854
fluid_lending_arbitrum,basket_return,liquidation_shock,13,-0.04241237488774848
fluid_lending_arbitrum,basket_return,liquidation_shock,14,-0.11090034072649013
fluid_lending_arbitrum,basket_return,liquidation_shock,15,-0.006810016830182819
fluid_lending_arbitrum,basket_return,liquidation_shock,16,-0.0450674903610931
fluid_lending_arbitrum,basket_return,liquidation_shock,17,0.03266900119035127
fluid_lending_arbitrum,basket_return,liquidation_shock,18,-0.05736509115745264
fluid_lending_arbitrum,basket_return,liquidation_shock,19,-0.010128191928852337
fluid_lending_arbitrum,basket_return,liquidation_shock,20,0.061567261676683506
fluid_lending_arbitrum,basket_return,liquidation_shock,21,0.08520291063588159
fluid_lending_arbitrum,basket_return,liquidation_shock,22,-0.038262659778946884
fluid_lending_arbitrum,basket_return,liquidation_shock,23,0.014790079695181535
fluid_lending_arbitrum,basket_return,liquidation_shock,24,-0.04709333903387901
fluid_lending_arbitrum,basket_return,liquidation_shock,25,-0.004085899151163388
fluid_lending_arbitrum,basket_return,liquidation_shock,26,-0.012702495175919275
fluid_lending_arbitrum,basket_return,liquidation_shock,27,0.025170562804325107
fluid_lending_arbitrum,basket_return,liquidation_shock,28,-0.06467569540279473
fluid_lending_arbitrum,basket_return,liquidation_shock,29,-0.04418814280668538
fluid_lending_arbitrum,basket_return,liquidation_shock,30,0.06804112916407505
fluid_lending_arbitrum,liquidation,return_shock,0,-0.0027214947215663593
fluid_lending_arbitrum,liquidation,return_shock,1,0.09809408324228013
fluid_lending_arbitrum,liquidation,return_shock,2,0.12246200819935947
fluid_lending_arbitrum,liquidation,return_shock,3,0.06550457384916111
fluid_lending_arbitrum,liquidation,return_shock,4,0.05057036796771197
fluid_lending_arbitrum,liquidation,return_shock,5,0.0473364308491143
fluid_lending_arbitrum,liquidation,return_shock,6,-0.004821690527713239
fluid_lending_arbitrum,liquidation,return_shock,7,-0.02480368645557304
fluid_lending_arbitrum,liquidation,return_shock,8,0.04984103919882047
fluid_lending_arbitrum,liquidation,return_shock,9,-0.02837963248362946
fluid_lending_arbitrum,liquidation,return_shock,10,-0.026556028312176475
fluid_lending_arbitrum,liquidation,return_shock,11,-0.04074769088747982
fluid_lending_arbitrum,liquidation,return_shock,12,0.02095259161555308
fluid_lending_arbitrum,liquidation,return_shock,13,-0.04801222890603192
fluid_lending_arbitrum,liquidation,return_shock,14,0.020978457223440126
fluid_lending_arbitrum,liquidation,return_shock,15,0.057427939867825635
fluid_lending_arbitrum,liquidation,return_shock,16,0.0987352637496706
fluid_lending_arbitrum,liquidation,return_shock,17,-0.050824274193140395
fluid_lending_arbitrum,liquidation,return_shock,18,-0.0791905743789832
fluid_lending_arbitrum,liquidation,return_shock,19,-0.03597583282397117
fluid_lending_arbitrum,liquidation,return_shock,20,0.03107889598509547
fluid_lending_arbitrum,liquidation,return_shock,21,0.06037364167361309
fluid_lending_arbitrum,liquidation,return_shock,22,0.07073423752009259
fluid_lending_arbitrum,liquidation,return_shock,23,0.06175697427605051
fluid_lending_arbitrum,liquidation,return_shock,24,0.014200718649060655
fluid_lending_arbitrum,liquidation,return_shock,25,0.0281899320764894
fluid_lending_arbitrum,liquidation,return_shock,26,0.014794148796494728
fluid_lending_arbitrum,liquidation,return_shock,27,-0.14696460019173915
fluid_lending_arbitrum,liquidation,return_shock,28,-0.07117816112862614
fluid_lending_arbitrum,liquidation,return_shock,29,0.0206678362933406
fluid_lending_arbitrum,liquidation,return_shock,30,0.13793150399232043
fluid_lending_arbitrum,liquidation,liquidation_shock,0,0.7840161364368005
fluid_lending_arbitrum,liquidation,liquidation_shock,1,0.24505447008740547
fluid_lending_arbitrum,liquidation,liquidation_shock,2,0.11174370012306978
fluid_lending_arbitrum,liquidation,liquidation_shock,3,0.06688911022273354
fluid_lending_arbitrum,liquidation,liquidation_shock,4,-0.005447423086015882
fluid_lending_arbitrum,liquidation,liquidation_shock,5,0.0024974630207442103
fluid_lending_arbitrum,liquidation,liquidation_shock,6,0.011858436242067094
fluid_lending_arbitrum,liquidation,liquidation_shock,7,0.14409156030138112
fluid_lending_arbitrum,liquidation,liquidation_shock,8,0.16226845267064255
fluid_lending_arbitrum,liquidation,liquidation_shock,9,0.214070849214198
fluid_lending_arbitrum,liquidation,liquidation_shock,10,0.06864543819642796
fluid_lending_arbitrum,liquidation,liquidation_shock,11,-0.010560066582370424
fluid_lending_arbitrum,liquidation,liquidation_shock,12,0.07420810563048953
fluid_lending_arbitrum,liquidation,liquidation_shock,13,-0.009041059185863651
fluid_lending_arbitrum,liquidation,liquidation_shock,14,0.11780632238243476
fluid_lending_arbitrum,liquidation,liquidation_shock,15,0.025580810313310682
fluid_lending_arbitrum,liquidation,liquidation_shock,16,0.10022558823255412
fluid_lending_arbitrum,liquidation,liquidation_shock,17,0.010035469309738447
fluid_lending_arbitrum,liquidation,liquidation_shock,18,-0.05639834929223415
fluid_lending_arbitrum,liquidation,liquidation_shock,19,-0.0143824284803054
fluid_lending_arbitrum,liquidation,liquidation_shock,20,0.10464064040664497
fluid_lending_arbitrum,liquidation,liquidation_shock,21,0.05799839172426963
fluid_lending_arbitrum,liquidation,liquidation_shock,22,0.10146651997644553
fluid_lending_arbitrum,liquidation,liquidation_shock,23,0.048236329000685425
fluid_lending_arbitrum,liquidation,liquidation_shock,24,0.06638499922069512
fluid_lending_arbitrum,liquidation,liquidation_shock,25,0.01704352459288017
fluid_lending_arbitrum,liquidation,liquidation_shock,26,-0.00942200452380664
fluid_lending_arbitrum,liquidation,liquidation_shock,27,-0.03878663136144319
fluid_lending_arbitrum,liquidation,liquidation_shock,28,-0.03363525249628102
fluid_lending_arbitrum,liquidation,liquidation_shock,29,0.10462242194710171
fluid_lending_arbitrum,liquidation,liquidation_shock,30,0.008299557472949593
fluid_lending_ethereum,basket_return,return_shock,0,0.8780345781351271
fluid_lending_ethereum,basket_return,return_shock,1,-0.07213129473301015
fluid_lending_ethereum,basket_return,return_shock,2,0.10504865388285294
fluid_lending_ethereum,basket_return,return_shock,3,-0.016194610005570015
fluid_lending_ethereum,basket_return,return_shock,4,0.013172908120227002
fluid_lending_ethereum,basket_return,return_shock,5,-0.0027147789054450004
fluid_lending_ethereum,basket_return,return_shock,6,0.0017212199453601185
fluid_lending_ethereum,basket_return,return_shock,7,-0.00039420372826417805
fluid_lending_ethereum,basket_return,return_shock,8,0.0002354343062487553
fluid_lending_ethereum,basket_return,return_shock,9,-4.952440913881704e-05
fluid_lending_ethereum,basket_return,return_shock,10,3.4571322270780494e-05
fluid_lending_ethereum,basket_return,return_shock,11,-4.5114262484148006e-06
fluid_lending_ethereum,basket_return,return_shock,12,5.7320949033643796e-06
fluid_lending_ethereum,basket_return,return_shock,13,1.3421956606773686e-07
fluid_lending_ethereum,basket_return,return_shock,14,1.132973688617173e-06
fluid_lending_ethereum,basket_return,return_shock,15,2.495396868830761e-07
fluid_lending_ethereum,basket_return,return_shock,16,2.6932172621336346e-07
fluid_lending_ethereum,basket_return,return_shock,17,1.0451152683074318e-07
fluid_lending_ethereum,basket_return,return_shock,18,7.336488706570883e-08
fluid_lending_ethereum,basket_return,return_shock,19,3.5804903456676736e-08
fluid_lending_ethereum,basket_return,return_shock,20,2.1549736287548296e-08
fluid_lending_ethereum,basket_return,return_shock,21,1.1507542195014853e-08
fluid_lending_ethereum,basket_return,return_shock,22,6.551544590673071e-09
fluid_lending_ethereum,basket_return,return_shock,23,3.6137176082084274e-09
fluid_lending_ethereum,basket_return,return_shock,24,2.019647063113955e-09
fluid_lending_ethereum,basket_return,return_shock,25,1.1253071207964284e-09
fluid_lending_ethereum,basket_return,return_shock,26,6.257497271331134e-10
fluid_lending_ethereum,basket_return,return_shock,27,3.494262845893409e-10
fluid_lending_ethereum,basket_return,return_shock,28,1.9418697417767044e-10
fluid_lending_ethereum,basket_return,return_shock,29,1.0841627853873828e-10
fluid_lending_ethereum,basket_return,return_shock,30,6.028368356593233e-11
fluid_lending_ethereum,basket_return,liquidation_shock,0,0.0
fluid_lending_ethereum,basket_return,liquidation_shock,1,0.023815891141165002
fluid_lending_ethereum,basket_return,liquidation_shock,2,-0.0004981577651561823
fluid_lending_ethereum,basket_return,liquidation_shock,3,0.00807350572390579
fluid_lending_ethereum,basket_return,liquidation_shock,4,0.0005217050935350133
fluid_lending_ethereum,basket_return,liquidation_shock,5,0.0022217533575977885
fluid_lending_ethereum,basket_return,liquidation_shock,6,0.00037856908869566983
fluid_lending_ethereum,basket_return,liquidation_shock,7,0.0005947551623309497
fluid_lending_ethereum,basket_return,liquidation_shock,8,0.00016684042258785866
fluid_lending_ethereum,basket_return,liquidation_shock,9,0.00016330919488254838
fluid_lending_ethereum,basket_return,liquidation_shock,10,6.156366694298042e-05
fluid_lending_ethereum,basket_return,liquidation_shock,11,4.6544128565161366e-05
fluid_lending_ethereum,basket_return,liquidation_shock,12,2.0900974649080566e-05
fluid_lending_ethereum,basket_return,liquidation_shock,13,1.3698529654944235e-05
fluid_lending_ethereum,basket_return,liquidation_shock,14,6.799421173076374e-06
fluid_lending_ethereum,basket_return,liquidation_shock,15,4.123046577468249e-06
fluid_lending_ethereum,basket_return,liquidation_shock,16,2.1627446738734458e-06
fluid_lending_ethereum,basket_return,liquidation_shock,17,1.258274915968041e-06
fluid_lending_ethereum,basket_return,liquidation_shock,18,6.797837428894357e-07
fluid_lending_ethereum,basket_return,liquidation_shock,19,3.870547667678342e-07
fluid_lending_ethereum,basket_return,liquidation_shock,20,2.1233733240807892e-07
fluid_lending_ethereum,basket_return,liquidation_shock,21,1.1957474275706532e-07
fluid_lending_ethereum,basket_return,liquidation_shock,22,6.611192592573068e-08
fluid_lending_ethereum,basket_return,liquidation_shock,23,3.702439808206963e-08
fluid_lending_ethereum,basket_return,liquidation_shock,24,2.0550325904177677e-08
fluid_lending_ethereum,basket_return,liquidation_shock,25,1.1477263972580621e-08
fluid_lending_ethereum,basket_return,liquidation_shock,26,6.382620713597372e-09
fluid_lending_ethereum,basket_return,liquidation_shock,27,3.559918227452658e-09
fluid_lending_ethereum,basket_return,liquidation_shock,28,1.9815365807291504e-09
fluid_lending_ethereum,basket_return,liquidation_shock,29,1.1044989967989857e-09
fluid_lending_ethereum,basket_return,liquidation_shock,30,6.150618313087157e-10
fluid_lending_ethereum,liquidation,return_shock,0,-0.029283126244636536
fluid_lending_ethereum,liquidation,return_shock,1,0.0015809381739984747
fluid_lending_ethereum,liquidation,return_shock,2,0.019643981236452106
fluid_lending_ethereum,liquidation,return_shock,3,0.002314422201314738
fluid_lending_ethereum,liquidation,return_shock,4,0.007609001429427093
fluid_lending_ethereum,liquidation,return_shock,5,0.001405285072582108
fluid_lending_ethereum,liquidation,return_shock,6,0.0022399582427049067
fluid_lending_ethereum,liquidation,return_shock,7,0.0006137120564986996
fluid_lending_ethereum,liquidation,return_shock,8,0.0006321516465169343
fluid_lending_ethereum,liquidation,return_shock,9,0.0002288845277463948
fluid_lending_ethereum,liquidation,return_shock,10,0.00018087344177311005
fluid_lending_ethereum,liquidation,return_shock,11,7.853458243064437e-05
fluid_lending_ethereum,liquidation,return_shock,12,5.306576166461889e-05
fluid_lending_ethereum,liquidation,return_shock,13,2.57427990474485e-05
fluid_lending_ethereum,liquidation,return_shock,14,1.5907763858845238e-05
fluid_lending_ethereum,liquidation,return_shock,15,8.227838294529548e-06
fluid_lending_ethereum,liquidation,return_shock,16,4.8397480295986245e-06
fluid_lending_ethereum,liquidation,return_shock,17,2.593607780277727e-06
fluid_lending_ethereum,liquidation,return_shock,18,1.4857780877247496e-06
fluid_lending_ethereum,liquidation,return_shock,19,8.114759879114098e-07
fluid_lending_ethereum,liquidation,return_shock,20,4.5847089767713034e-07
fluid_lending_ethereum,liquidation,return_shock,21,2.5288550346782215e-07
fluid_lending_ethereum,liquidation,return_shock,22,1.4186558112293727e-07
fluid_lending_ethereum,liquidation,return_shock,23,7.864560539323797e-08
fluid_lending_ethereum,liquidation,return_shock,24,4.3961822371941534e-08
fluid_lending_ethereum,liquidation,return_shock,25,2.4432365412175954e-08
fluid_lending_ethereum,liquidation,return_shock,26,1.3633216742866231e-08
fluid_lending_ethereum,liquidation,return_shock,27,7.586218090041117e-09
fluid_lending_ethereum,liquidation,return_shock,28,4.229445330405359e-09
fluid_lending_ethereum,liquidation,return_shock,29,2.35488968019366e-09
fluid_lending_ethereum,liquidation,return_shock,30,1.3123465056525994e-09
fluid_lending_ethereum,liquidation,liquidation_shock,0,0.9542614891404574
fluid_lending_ethereum,liquidation,liquidation_shock,1,0.1623345826650107
fluid_lending_ethereum,liquidation,liquidation_shock,2,0.23201497219093212
fluid_lending_ethereum,liquidation,liquidation_shock,3,0.074916934702497
fluid_lending_ethereum,liquidation,liquidation_shock,4,0.062443501867475694
fluid_lending_ethereum,liquidation,liquidation_shock,5,0.02690019686568442
fluid_lending_ethereum,liquidation,liquidation_shock,6,0.017971823932916874
fluid_lending_ethereum,liquidation,liquidation_shock,7,0.008883268402860297
fluid_lending_ethereum,liquidation,liquidation_shock,8,0.005373061466053365
fluid_lending_ethereum,liquidation,liquidation_shock,9,0.0028341287182154207
fluid_lending_ethereum,liquidation,liquidation_shock,10,0.0016382124253847862
fluid_lending_ethereum,liquidation,liquidation_shock,11,0.0008905462796684187
fluid_lending_ethereum,liquidation,liquidation_shock,12,0.0005042728015352527
fluid_lending_ethereum,liquidation,liquidation_shock,13,0.0002779143051133102
fluid_lending_ethereum,liquidation,liquidation_shock,14,0.00015592245535889527
fluid_lending_ethereum,liquidation,liquidation_shock,15,8.646048935190527e-05
fluid_lending_ethereum,liquidation,liquidation_shock,16,4.831076195029132e-05
fluid_lending_ethereum,liquidation,liquidation_shock,17,2.6860905750794056e-05
fluid_lending_ethereum,liquidation,liquidation_shock,18,1.4982325434377263e-05
fluid_lending_ethereum,liquidation,liquidation_shock,19,8.339822472389612e-06
fluid_lending_ethereum,liquidation,liquidation_shock,20,4.648260005445696e-06
fluid_lending_ethereum,liquidation,liquidation_shock,21,2.588672923566542e-06
fluid_lending_ethereum,liquidation,liquidation_shock,22,1.4423717048868587e-06
fluid_lending_ethereum,liquidation,liquidation_shock,23,8.034307280641637e-07
fluid_lending_ethereum,liquidation,liquidation_shock,24,4.4760572899203094e-07
fluid_lending_ethereum,liquidation,liquidation_shock,25,2.4934429899961657e-07
fluid_lending_ethereum,liquidation,liquidation_shock,26,1.3890788807887e-07
fluid_lending_ethereum,liquidation,liquidation_shock,27,7.738243822820603e-08
fluid_lending_ethereum,liquidation,liquidation_shock,28,4.310852370015714e-08
fluid_lending_ethereum,liquidation,liquidation_shock,29,2.4014986929384464e-08
fluid_lending_ethereum,liquidation,liquidation_shock,30,1.3378308021652437e-08
keom_lending_polygon,basket_return,return_shock,0,0.9749359091002331
keom_lending_polygon,basket_return,return_shock,1,-0.019576488239457554
keom_lending_polygon,basket_return,return_shock,2,-0.061878135736921004
keom_lending_polygon,basket_return,return_shock,3,-0.02869738815229159
keom_lending_polygon,basket_return,return_shock,4,-0.03918152188596504
keom_lending_polygon,basket_return,return_shock,5,0.027406542261474636
keom_lending_polygon,basket_return,return_shock,6,-0.08478185600653877
keom_lending_polygon,basket_return,return_shock,7,0.09817869298901251
keom_lending_polygon,basket_return,return_shock,8,-0.008661041966643006
keom_lending_polygon,basket_return,return_shock,9,-0.010848628174488744
keom_lending_polygon,basket_return,return_shock,10,0.010664670471467876
keom_lending_polygon,basket_return,return_shock,11,-0.024044927211860256
keom_lending_polygon,basket_return,return_shock,12,0.012288248132684585
keom_lending_polygon,basket_return,return_shock,13,-0.010408229726181073
keom_lending_polygon,basket_return,return_shock,14,0.013869335343795577
keom_lending_polygon,basket_return,return_shock,15,-0.001975814050379901
keom_lending_polygon,basket_return,return_shock,16,-0.004480134581807002
keom_lending_polygon,basket_return,return_shock,17,0.006356791528884152
keom_lending_polygon,basket_return,return_shock,18,-0.006985540166030312
keom_lending_polygon,basket_return,return_shock,19,0.002130374914053218
keom_lending_polygon,basket_return,return_shock,20,-0.000764793284762308
keom_lending_polygon,basket_return,return_shock,21,0.0017254416164020354
keom_lending_polygon,basket_return,return_shock,22,0.00015242181321067135
keom_lending_polygon,basket_return,return_shock,23,-0.0014702820007192205
keom_lending_polygon,basket_return,return_shock,24,0.0018071860676953434
keom_lending_polygon,basket_return,return_shock,25,-0.0015654599658935751
keom_lending_polygon,basket_return,return_shock,26,0.00028613911339483446
keom_lending_polygon,basket_return,return_shock,27,0.0001609163820331592
keom_lending_polygon,basket_return,return_shock,28,1.960967442835012e-05
keom_lending_polygon,basket_return,return_shock,29,0.00019451466950411162
keom_lending_polygon,basket_return,return_shock,30,-0.00035495717968004264
keom_lending_polygon,basket_return,liquidation_shock,0,0.0
keom_lending_polygon,basket_return,liquidation_shock,1,-0.06772708845930497
keom_lending_polygon,basket_return,liquidation_shock,2,0.07727189999689132
keom_lending_polygon,basket_return,liquidation_shock,3,-0.05323764874490327
keom_lending_polygon,basket_return,liquidation_shock,4,0.05898217196969219
keom_lending_polygon,basket_return,liquidation_shock,5,-0.03666364928309301
keom_lending_polygon,basket_return,liquidation_shock,6,-0.08802508667043261
keom_lending_polygon,basket_return,liquidation_shock,7,0.07335636243504025
keom_lending_polygon,basket_return,liquidation_shock,8,-0.013999651853881039
keom_lending_polygon,basket_return,liquidation_shock,9,0.013045151139323797
keom_lending_polygon,basket_return,liquidation_shock,10,-0.013033648229620502
keom_lending_polygon,basket_return,liquidation_shock,11,0.012910347621645942
keom_lending_polygon,basket_return,liquidation_shock,12,-0.0005388214516990548
keom_lending_polygon,basket_return,liquidation_shock,13,-0.025836062168679234
keom_lending_polygon,basket_return,liquidation_shock,14,0.01803138145209294
keom_lending_polygon,basket_return,liquidation_shock,15,-0.004140030644015749
keom_lending_polygon,basket_return,liquidation_shock,16,0.0008817652212381616
keom_lending_polygon,basket_return,liquidation_shock,17,-0.00015999892072124093
keom_lending_polygon,basket_return,liquidation_shock,18,0.00030752835000093926
keom_lending_polygon,basket_return,liquidation_shock,19,0.000795206526882387
keom_lending_polygon,basket_return,liquidation_shock,20,-0.005509899089285544
keom_lending_polygon,basket_return,liquidation_shock,21,0.0038682173101572733
keom_lending_polygon,basket_return,liquidation_shock,22,-0.001118301108734036
keom_lending_polygon,basket_return,liquidation_shock,23,-0.000585193143563612
keom_lending_polygon,basket_return,liquidation_shock,24,0.000795861445426627
keom_lending_polygon,basket_return,liquidation_shock,25,-0.0005386808838636001
keom_lending_polygon,basket_return,liquidation_shock,26,0.00015865827976402165
keom_lending_polygon,basket_return,liquidation_shock,27,-0.001055929860278362
keom_lending_polygon,basket_return,liquidation_shock,28,0.0006974471831037381
keom_lending_polygon,basket_return,liquidation_shock,29,-0.00024317772475421158
keom_lending_polygon,basket_return,liquidation_shock,30,-0.00032928022403073753
keom_lending_polygon,liquidation,return_shock,0,-0.14178203740672818
keom_lending_polygon,liquidation,return_shock,1,-0.19889458113542283
keom_lending_polygon,liquidation,return_shock,2,-0.05395394140454854
keom_lending_polygon,liquidation,return_shock,3,0.034286525378951466
keom_lending_polygon,liquidation,return_shock,4,-0.044544296873501345
keom_lending_polygon,liquidation,return_shock,5,0.060761717028672495
keom_lending_polygon,liquidation,return_shock,6,0.07169497801565866
keom_lending_polygon,liquidation,return_shock,7,-0.003342231613104489
keom_lending_polygon,liquidation,return_shock,8,-0.03720661665114111
keom_lending_polygon,liquidation,return_shock,9,-0.009670314200435863
keom_lending_polygon,liquidation,return_shock,10,0.010355587649414855
keom_lending_polygon,liquidation,return_shock,11,-0.013655663821095966
keom_lending_polygon,liquidation,return_shock,12,0.011325152775875081
keom_lending_polygon,liquidation,return_shock,13,0.015228616996489874
keom_lending_polygon,liquidation,return_shock,14,-0.0015772860731352483
keom_lending_polygon,liquidation,return_shock,15,-0.004357004074835674
keom_lending_polygon,liquidation,return_shock,16,-0.000629868383304702
keom_lending_polygon,liquidation,return_shock,17,0.0018371946611348297
keom_lending_polygon,liquidation,return_shock,18,-0.002516941146853806
keom_lending_polygon,liquidation,return_shock,19,0.002902813418110971
keom_lending_polygon,liquidation,return_shock,20,0.0032735179657303972
keom_lending_polygon,liquidation,return_shock,21,-0.0008005657536731311
keom_lending_polygon,liquidation,return_shock,22,-4.693749380797033e-05
keom_lending_polygon,liquidation,return_shock,23,0.00035948940194199504
keom_lending_polygon,liquidation,return_shock,24,0.00028838534086655064
keom_lending_polygon,liquidation,return_shock,25,-0.0002886834624859732
keom_lending_polygon,liquidation,return_shock,26,0.0008119457028891432
keom_lending_polygon,liquidation,return_shock,27,0.0007830523108359196
keom_lending_polygon,liquidation,return_shock,28,-0.00017307842342173367
keom_lending_polygon,liquidation,return_shock,29,0.00022095703315636695
keom_lending_polygon,liquidation,return_shock,30,0.00022532481693332687
keom_lending_polygon,liquidation,liquidation_shock,0,0.8599834641222585
keom_lending_polygon,liquidation,liquidation_shock,1,0.16568607056312792
keom_lending_polygon,liquidation,liquidation_shock,2,0.10646951381426266
keom_lending_polygon,liquidation,liquidation_shock,3,0.14423607713815087
keom_lending_polygon,liquidation,liquidation_shock,4,0.1187077781491234
keom_lending_polygon,liquidation,liquidation_shock,5,0.06781257882033939
keom_lending_polygon,liquidation,liquidation_shock,6,0.1040113408370237
keom_lending_polygon,liquidation,liquidation_shock,7,0.18407978931762187
keom_lending_polygon,liquidation,liquidation_shock,8,0.07416901313476798
keom_lending_polygon,liquidation,liquidation_shock,9,0.06802218347940732
keom_lending_polygon,liquidation,liquidation_shock,10,0.08264137749683186
keom_lending_polygon,liquidation,liquidation_shock,11,0.05274051505720969
keom_lending_polygon,liquidation,liquidation_shock,12,0.045835950260429865
keom_lending_polygon,liquidation,liquidation_shock,13,0.05722762394313317
keom_lending_polygon,liquidation,liquidation_shock,14,0.06041847773477681
keom_lending_polygon,liquidation,liquidation_shock,15,0.03664078097815037
keom_lending_polygon,liquidation,liquidation_shock,16,0.035604447279023906
keom_lending_polygon,liquidation,liquidation_shock,17,0.03797689942278119
keom_lending_polygon,liquidation,liquidation_shock,18,0.02621082348098584
keom_lending_polygon,liquidation,liquidation_shock,19,0.02471023543560374
keom_lending_polygon,liquidation,liquidation_shock,20,0.026288621134510012
keom_lending_polygon,liquidation,liquidation_shock,21,0.023792777633032194
keom_lending_polygon,liquidation,liquidation_shock,22,0.018288049321279896
keom_lending_polygon,liquidation,liquidation_shock,23,0.01739132590888524
keom_lending_polygon,liquidation,liquidation_shock,24,0.01679823551591558
keom_lending_polygon,liquidation,liquidation_shock,25,0.012995494453704414
keom_lending_polygon,liquidation,liquidation_shock,26,0.012272901546390607
keom_lending_polygon,liquidation,liquidation_shock,27,0.011921432098784079
keom_lending_polygon,liquidation,liquidation_shock,28,0.010347780302425795
keom_lending_polygon,liquidation,liquidation_shock,29,0.008870993790342029
keom_lending_polygon,liquidation,liquidation_shock,30,0.008235821596960584
layerbank_lending_scroll,basket_return,return_shock,0,0.8100890258071228
layerbank_lending_scroll,basket_return,return_shock,1,0.5595656839479632
layerbank_lending_scroll,basket_return,return_shock,2,0.011638079127902793
layerbank_lending_scroll,basket_return,return_shock,3,-0.020170372112808446
layerbank_lending_scroll,basket_return,return_shock,4,-0.016348579763779052
layerbank_lending_scroll,basket_return,return_shock,5,-0.003953109806440038
layerbank_lending_scroll,basket_return,return_shock,6,-0.04548502650259907
layerbank_lending_scroll,basket_return,return_shock,7,0.0531366865909267
layerbank_lending_scroll,basket_return,return_shock,8,0.015553766688975719
layerbank_lending_scroll,basket_return,return_shock,9,-0.004595562769566707
layerbank_lending_scroll,basket_return,return_shock,10,0.04432993310188201
layerbank_lending_scroll,basket_return,return_shock,11,-0.0072863061419768714
layerbank_lending_scroll,basket_return,return_shock,12,-0.015396894230340335
layerbank_lending_scroll,basket_return,return_shock,13,-0.003886048176528849
layerbank_lending_scroll,basket_return,return_shock,14,0.013067982506082841
layerbank_lending_scroll,basket_return,return_shock,15,0.0002910358360999775
layerbank_lending_scroll,basket_return,return_shock,16,-0.007184160023889037
layerbank_lending_scroll,basket_return,return_shock,17,0.003703533412699751
layerbank_lending_scroll,basket_return,return_shock,18,-0.009245761989312741
layerbank_lending_scroll,basket_return,return_shock,19,-0.003925161368212986
layerbank_lending_scroll,basket_return,return_shock,20,0.001009028703473026
layerbank_lending_scroll,basket_return,return_shock,21,0.0006879614505023953
layerbank_lending_scroll,basket_return,return_shock,22,0.0012109822137441391
layerbank_lending_scroll,basket_return,return_shock,23,0.001479118306321039
layerbank_lending_scroll,basket_return,return_shock,24,0.002454740973653782
layerbank_lending_scroll,basket_return,return_shock,25,-0.0026225947895684794
layerbank_lending_scroll,basket_return,return_shock,26,-0.0021449584236500198
layerbank_lending_scroll,basket_return,return_shock,27,-0.001574973898500442
layerbank_lending_scroll,basket_return,return_shock,28,-0.0021855799230278638
layerbank_lending_scroll,basket_return,return_shock,29,-0.0005764464858991878
layerbank_lending_scroll,basket_return,return_shock,30,2.9412470519403813e-05
layerbank_lending_scroll,basket_return,liquidation_shock,0,0.0
layerbank_lending_scroll,basket_return,liquidation_shock,1,-0.028774231467951692
layerbank_lending_scroll,basket_return,liquidation_shock,2,-0.03468087753402511
layerbank_lending_scroll,basket_return,liquidation_shock,3,0.003943555962949027
layerbank_lending_scroll,basket_return,liquidation_shock,4,0.05289901422617887
layerbank_lending_scroll,basket_return,liquidation_shock,5,0.04866678510408216
layerbank_lending_scroll,basket_return,liquidation_shock,6,0.03268779982909474
layerbank_lending_scroll,basket_return,liquidation_shock,7,-0.011824170172522063
layerbank_lending_scroll,basket_return,liquidation_shock,8,-0.055487978309377524
layerbank_lending_scroll,basket_return,liquidation_shock,9,-0.051131779187297444
layerbank_lending_scroll,basket_return,liquidation_shock,10,-0.01736254495539835
layerbank_lending_scroll,basket_return,liquidation_shock,11,-0.0067208405179539875
layerbank_lending_scroll,basket_return,liquidation_shock,12,-0.0014431700251951538
layerbank_lending_scroll,basket_return,liquidation_shock,13,0.012335015738946985
layerbank_lending_scroll,basket_return,liquidation_shock,14,0.014451178805675414
layerbank_lending_scroll,basket_return,liquidation_shock,15,0.003919162143757042
layerbank_lending_scroll,basket_return,liquidation_shock,16,-0.004688231855037399
layerbank_lending_scroll,basket_return,liquidation_shock,17,-0.01346734501774103
layerbank_lending_scroll,basket_return,liquidation_shock,18,-0.017539191228849702
layerbank_lending_scroll,basket_return,liquidation_shock,19,-0.012676703555888754
layerbank_lending_scroll,basket_return,liquidation_shock,20,-0.005648652343227882
layerbank_lending_scroll,basket_return,liquidation_shock,21,-0.0037493794621869625
layerbank_lending_scroll,basket_return,liquidation_shock,22,-0.0016876020774429575
layerbank_lending_scroll,basket_return,liquidation_shock,23,0.0006681635469827636
layerbank_lending_scroll,basket_return,liquidation_shock,24,-0.00019956405510186638
layerbank_lending_scroll,basket_return,liquidation_shock,25,-0.002703188750339972
layerbank_lending_scroll,basket_return,liquidation_shock,26,-0.004433836015436638
layerbank_lending_scroll,basket_return,liquidation_shock,27,-0.005765075606587103
layerbank_lending_scroll,basket_return,liquidation_shock,28,-0.006062267451243483
layerbank_lending_scroll,basket_return,liquidation_shock,29,-0.004955776108683599
layerbank_lending_scroll,basket_return,liquidation_shock,30,-0.003683155054926647
layerbank_lending_scroll,liquidation,return_shock,0,-0.15880463761918
layerbank_lending_scroll,liquidation,return_shock,1,-0.11745647277257128
layerbank_lending_scroll,liquidation,return_shock,2,0.004812616621325819
layerbank_lending_scroll,liquidation,return_shock,3,-0.0179189490229485
layerbank_lending_scroll,liquidation,return_shock,4,-0.020864355954479902
layerbank_lending_scroll,liquidation,return_shock,5,0.007682647710229252
layerbank_lending_scroll,liquidation,return_shock,6,-0.021232101301479945
layerbank_lending_scroll,liquidation,return_shock,7,0.029964853969879263
layerbank_lending_scroll,liquidation,return_shock,8,0.023313361658368673
layerbank_lending_scroll,liquidation,return_shock,9,0.04252198713933262
layerbank_lending_scroll,liquidation,return_shock,10,0.03285754680812744
layerbank_lending_scroll,liquidation,return_shock,11,0.014180907963447413
layerbank_lending_scroll,liquidation,return_shock,12,0.010226215626259597
layerbank_lending_scroll,liquidation,return_shock,13,-0.0022990215645171874
layerbank_lending_scroll,liquidation,return_shock,14,0.0016370694371367887
layerbank_lending_scroll,liquidation,return_shock,15,0.005066094842922499
layerbank_lending_scroll,liquidation,return_shock,16,0.010606172489370706
layerbank_lending_scroll,liquidation,return_shock,17,0.020483633328471126
layerbank_lending_scroll,liquidation,return_shock,18,0.018412143025482074
layerbank_lending_scroll,liquidation,return_shock,19,0.020218224595023194
layerbank_lending_scroll,liquidation,return_shock,20,0.013614134672273256
layerbank_lending_scroll,liquidation,return_shock,21,0.009517381902360558
layerbank_lending_scroll,liquidation,return_shock,22,0.006684268358577766
layerbank_lending_scroll,liquidation,return_shock,23,0.005901088676479393
layerbank_lending_scroll,liquidation,return_shock,24,0.007013856671303235
layerbank_lending_scroll,liquidation,return_shock,25,0.007846007878944317
layerbank_lending_scroll,liquidation,return_shock,26,0.009948992417064663
layerbank_lending_scroll,liquidation,return_shock,27,0.01063081803009917
layerbank_lending_scroll,liquidation,return_shock,28,0.010293442478273556
layerbank_lending_scroll,liquidation,return_shock,29,0.009720112113348087
layerbank_lending_scroll,liquidation,return_shock,30,0.008116421348329551
layerbank_lending_scroll,liquidation,liquidation_shock,0,0.7976791969458693
layerbank_lending_scroll,liquidation,liquidation_shock,1,0.1338383323496289
layerbank_lending_scroll,liquidation,liquidation_shock,2,0.13454710332029893
layerbank_lending_scroll,liquidation,liquidation_shock,3,0.10225351155824607
layerbank_lending_scroll,liquidation,liquidation_shock,4,0.06061744856939135
layerbank_lending_scroll,liquidation,liquidation_shock,5,0.012187002370047906
layerbank_lending_scroll,liquidation,liquidation_shock,6,0.08614437255745881
layerbank_lending_scroll,liquidation,liquidation_shock,7,0.04873053246310663
layerbank_lending_scroll,liquidation,liquidation_shock,8,0.134587378012619
layerbank_lending_scroll,liquidation,liquidation_shock,9,0.1470043692762368
layerbank_lending_scroll,liquidation,liquidation_shock,10,0.18214228403604243
layerbank_lending_scroll,liquidation,liquidation_shock,11,0.10394780771849645
layerbank_lending_scroll,liquidation,liquidation_shock,12,0.10100245420241949
layerbank_lending_scroll,liquidation,liquidation_shock,13,0.07665210849659625
layerbank_lending_scroll,liquidation,liquidation_shock,14,0.07041824209083326
layerbank_lending_scroll,liquidation,liquidation_shock,15,0.05992905649885832
layerbank_lending_scroll,liquidation,liquidation_shock,16,0.07297391841617855
layerbank_lending_scroll,liquidation,liquidation_shock,17,0.07080010463259237
layerbank_lending_scroll,liquidation,liquidation_shock,18,0.08679201851593046
layerbank_lending_scroll,liquidation,liquidation_shock,19,0.08552862045842706
layerbank_lending_scroll,liquidation,liquidation_shock,20,0.0846459885084435
layerbank_lending_scroll,liquidation,liquidation_shock,21,0.07233110377168542
layerbank_lending_scroll,liquidation,liquidation_shock,22,0.06834200208833029
layerbank_lending_scroll,liquidation,liquidation_shock,23,0.06022177799893914
layerbank_lending_scroll,liquidation,liquidation_shock,24,0.05734637405316627
layerbank_lending_scroll,liquidation,liquidation_shock,25,0.05419300706565028
layerbank_lending_scroll,liquidation,liquidation_shock,26,0.05553131195454459
layerbank_lending_scroll,liquidation,liquidation_shock,27,0.05520117882182811
layerbank_lending_scroll,liquidation,liquidation_shock,28,0.05679461726994701
layerbank_lending_scroll,liquidation,liquidation_shock,29,0.055181164241034295
layerbank_lending_scroll,liquidation,liquidation_shock,30,0.053342264415382645
lodestar_lending_arbitrum,basket_return,return_shock,0,0.9900644226663223
lodestar_lending_arbitrum,basket_return,return_shock,1,-0.024493243926511848
lodestar_lending_arbitrum,basket_return,return_shock,2,0.04114805608230757
lodestar_lending_arbitrum,basket_return,return_shock,3,-0.08587169444178078
lodestar_lending_arbitrum,basket_return,return_shock,4,0.00892355061281418
lodestar_lending_arbitrum,basket_return,return_shock,5,-0.009550635040384212
lodestar_lending_arbitrum,basket_return,return_shock,6,0.014171079821810552
lodestar_lending_arbitrum,basket_return,return_shock,7,-0.0007097328804446304
lodestar_lending_arbitrum,basket_return,return_shock,8,0.0018304377848185217
lodestar_lending_arbitrum,basket_return,return_shock,9,-0.0008693540866634337
lodestar_lending_arbitrum,basket_return,return_shock,10,0.00046816062865055806
lodestar_lending_arbitrum,basket_return,return_shock,11,-0.00018800568203714834
lodestar_lending_arbitrum,basket_return,return_shock,12,0.0002648755604821208
lodestar_lending_arbitrum,basket_return,return_shock,13,4.7979073813086756e-06
lodestar_lending_arbitrum,basket_return,return_shock,14,5.631839600494273e-05
lodestar_lending_arbitrum,basket_return,return_shock,15,-7.205730602264508e-07
lodestar_lending_arbitrum,basket_return,return_shock,16,1.8913296331807935e-05
lodestar_lending_arbitrum,basket_return,return_shock,17,1.599161157424268e-07
lodestar_lending_arbitrum,basket_return,return_shock,18,7.234960688817935e-06
lodestar_lending_arbitrum,basket_return,return_shock,19,1.6668247969372274e-06
lodestar_lending_arbitrum,basket_return,return_shock,20,2.101563665473276e-06
lodestar_lending_arbitrum,basket_return,return_shock,21,6.392057766847351e-07
lodestar_lending_arbitrum,basket_return,return_shock,22,8.013266371628022e-07
lodestar_lending_arbitrum,basket_return,return_shock,23,2.4309117987594237e-07
lodestar_lending_arbitrum,basket_return,return_shock,24,2.827660359576796e-07
lodestar_lending_arbitrum,basket_return,return_shock,25,1.251454847135305e-07
lodestar_lending_arbitrum,basket_return,return_shock,26,9.770871353491947e-08
lodestar_lending_arbitrum,basket_return,return_shock,27,4.7331703174565944e-08
lodestar_lending_arbitrum,basket_return,return_shock,28,3.8032971468720856e-08
lodestar_lending_arbitrum,basket_return,return_shock,29,1.8268902513600262e-08
lodestar_lending_arbitrum,basket_return,return_shock,30,1.370928090762793e-08
lodestar_lending_arbitrum,basket_return,liquidation_shock,0,0.0
lodestar_lending_arbitrum,basket_return,liquidation_shock,1,0.024004405688681976
lodestar_lending_arbitrum,basket_return,liquidation_shock,2,0.056604843582549365
lodestar_lending_arbitrum,basket_return,liquidation_shock,3,-0.06185456052128709
lodestar_lending_arbitrum,basket_return,liquidation_shock,4,-0.0024109683296341306
lodestar_lending_arbitrum,basket_return,liquidation_shock,5,-0.0005700409092870702
lodestar_lending_arbitrum,basket_return,liquidation_shock,6,-0.002965591812093087
lodestar_lending_arbitrum,basket_return,liquidation_shock,7,-0.0016092222572479946
lodestar_lending_arbitrum,basket_return,liquidation_shock,8,0.001049794158560272
lodestar_lending_arbitrum,basket_return,liquidation_shock,9,-0.0013196531291928182
lodestar_lending_arbitrum,basket_return,liquidation_shock,10,-0.0002811871708946846
lodestar_lending_arbitrum,basket_return,liquidation_shock,11,-7.771222446129809e-05
lodestar_lending_arbitrum,basket_return,liquidation_shock,12,-0.0001303635991774307
lodestar_lending_arbitrum,basket_return,liquidation_shock,13,-9.930510807936799e-05
lodestar_lending_arbitrum,basket_return,liquidation_shock,14,-8.294676127902768e-07
lodestar_lending_arbitrum,basket_return,liquidation_shock,15,-3.865903436740825e-05
lodestar_lending_arbitrum,basket_return,liquidation_shock,16,-1.7690952916520917e-05
lodestar_lending_arbitrum,basket_return,liquidation_shock,17,-7.064281951437601e-06
lodestar_lending_arbitrum,basket_return,liquidation_shock,18,-6.045661062918918e-06
lodestar_lending_arbitrum,basket_return,liquidation_shock,19,-4.808193171161513e-06
lodestar_lending_arbitrum,basket_return,liquidation_shock,20,-1.4504829039232613e-06
lodestar_lending_arbitrum,basket_return,liquidation_shock,21,-1.5784450831877094e-06
lodestar_lending_arbitrum,basket_return,liquidation_shock,22,-9.618783271613535e-07
lodestar_lending_arbitrum,basket_return,liquidation_shock,23,-4.82563030026445e-07
lodestar_lending_arbitrum,basket_return,liquidation_shock,24,-3.2013784435449337e-07
lodestar_lending_arbitrum,basket_return,liquidation_shock,25,-2.3603918858342765e-07
lodestar_lending_arbitrum,basket_return,liquidation_shock,26,-1.1140105576258152e-07
lodestar_lending_arbitrum,basket_return,liquidation_shock,27,-7.945418944236508e-08
lodestar_lending_arbitrum,basket_return,liquidation_shock,28,-5.130719277393912e-08
lodestar_lending_arbitrum,basket_return,liquidation_shock,29,-2.906947075249557e-08
lodestar_lending_arbitrum,basket_return,liquidation_shock,30,-1.7924063982645975e-08
lodestar_lending_arbitrum,liquidation,return_shock,0,-0.14403706708023004
lodestar_lending_arbitrum,liquidation,return_shock,1,-0.13484031381513323
lodestar_lending_arbitrum,liquidation,return_shock,2,-0.07671204617041812
lodestar_lending_arbitrum,liquidation,return_shock,3,-0.1105988779687508
lodestar_lending_arbitrum,liquidation,return_shock,4,-0.028840836411012552
lodestar_lending_arbitrum,liquidation,return_shock,5,-0.01657600190470982
lodestar_lending_arbitrum,liquidation,return_shock,6,-0.013503919003430162
lodestar_lending_arbitrum,liquidation,return_shock,7,-0.00842862846561958
lodestar_lending_arbitrum,liquidation,return_shock,8,-0.004063675377569084
lodestar_lending_arbitrum,liquidation,return_shock,9,-0.00402653152681185
lodestar_lending_arbitrum,liquidation,return_shock,10,-0.001919299004174906
lodestar_lending_arbitrum,liquidation,return_shock,11,-0.0011036149748922415
lodestar_lending_arbitrum,liquidation,return_shock,12,-0.0007638850251518225
lodestar_lending_arbitrum,liquidation,return_shock,13,-0.0004808149901123443
lodestar_lending_arbitrum,liquidation,return_shock,14,-0.0002558193396518054
lodestar_lending_arbitrum,liquidation,return_shock,15,-0.0001897647372915592
lodestar_lending_arbitrum,liquidation,return_shock,16,-0.00011018942212850629
lodestar_lending_arbitrum,liquidation,return_shock,17,-6.489884232280084e-05
lodestar_lending_arbitrum,liquidation,return_shock,18,-4.1846008194726085e-05
lodestar_lending_arbitrum,liquidation,return_shock,19,-2.6487357798882355e-05
lodestar_lending_arbitrum,liquidation,return_shock,20,-1.5232280227464759e-05
lodestar_lending_arbitrum,liquidation,return_shock,21,-1.0011887605751598e-05
lodestar_lending_arbitrum,liquidation,return_shock,22,-6.142092310649267e-06
lodestar_lending_arbitrum,liquidation,return_shock,23,-3.7012532790410913e-06
lodestar_lending_arbitrum,liquidation,return_shock,24,-2.3157290179751694e-06
lodestar_lending_arbitrum,liquidation,return_shock,25,-1.4566574658337755e-06
lodestar_lending_arbitrum,liquidation,return_shock,26,-8.729565571548547e-07
lodestar_lending_arbitrum,liquidation,return_shock,27,-5.494703673021515e-07
lodestar_lending_arbitrum,liquidation,return_shock,28,-3.408254304479403e-07
lodestar_lending_arbitrum,liquidation,return_shock,29,-2.083089709675894e-07
lodestar_lending_arbitrum,liquidation,return_shock,30,-1.289779637940604e-07
lodestar_lending_arbitrum,liquidation,liquidation_shock,0,0.947953186475029
lodestar_lending_arbitrum,liquidation,liquidation_shock,1,0.13463347561356476
lodestar_lending_arbitrum,liquidation,liquidation_shock,2,0.027816081119732147
lodestar_lending_arbitrum,liquidation,liquidation_shock,3,0.14852485203787422
lodestar_lending_arbitrum,liquidation,liquidation_shock,4,0.04491471289863724
lodestar_lending_arbitrum,liquidation,liquidation_shock,5,0.012439267379901276
lodestar_lending_arbitrum,liquidation,liquidation_shock,6,0.03065100343577863
lodestar_lending_arbitrum,liquidation,liquidation_shock,7,0.012205124201514535
lodestar_lending_arbitrum,liquidation,liquidation_shock,8,0.004487431874033178
lodestar_lending_arbitrum,liquidation,liquidation_shock,9,0.005853621657676135
lodestar_lending_arbitrum,liquidation,liquidation_shock,10,0.0030356564662630857
lodestar_lending_arbitrum,liquidation,liquidation_shock,11,0.001250805333283632
lodestar_lending_arbitrum,liquidation,liquidation_shock,12,0.0012676135007964034
lodestar_lending_arbitrum,liquidation,liquidation_shock,13,0.0007184867635522942
lodestar_lending_arbitrum,liquidation,liquidation_shock,14,0.00034133146655466735
lodestar_lending_arbitrum,liquidation,liquidation_shock,15,0.00027440203756878487
lodestar_lending_arbitrum,liquidation,liquidation_shock,16,0.00016920024395159012
lodestar_lending_arbitrum,liquidation,liquidation_shock,17,8.608187134514882e-05
lodestar_lending_arbitrum,liquidation,liquidation_shock,18,6.26247372536505e-05
lodestar_lending_arbitrum,liquidation,liquidation_shock,19,3.9271712792020703e-05
lodestar_lending_arbitrum,liquidation,liquidation_shock,20,2.1465000033454497e-05
lodestar_lending_arbitrum,liquidation,liquidation_shock,21,1.4384140268179411e-05
lodestar_lending_arbitrum,liquidation,liquidation_shock,22,9.171522542406564e-06
lodestar_lending_arbitrum,liquidation,liquidation_shock,23,5.203549406051068e-06
lodestar_lending_arbitrum,liquidation,liquidation_shock,24,3.367101392026851e-06
lodestar_lending_arbitrum,liquidation,liquidation_shock,25,2.1365690423612042e-06
lodestar_lending_arbitrum,liquidation,liquidation_shock,26,1.2537965371933363e-06
lodestar_lending_arbitrum,liquidation,liquidation_shock,27,7.900179434495367e-07
lodestar_lending_arbitrum,liquidation,liquidation_shock,28,5.004022171267695e-07
lodestar_lending_arbitrum,liquidation,liquidation_shock,29,2.989398353921694e-07
lodestar_lending_arbitrum,liquidation,liquidation_shock,30,1.8643870034734525e-07
mendi_lending_linea,basket_return,return_shock,0,0.9918359883402758
mendi_lending_linea,basket_return,return_shock,1,-0.06167721813039494
mendi_lending_linea,basket_return,return_shock,2,0.05960975104229666
mendi_lending_linea,basket_return,return_shock,3,-0.015691244971775792
mendi_lending_linea,basket_return,return_shock,4,0.005799237828660941
mendi_lending_linea,basket_return,return_shock,5,-0.0022754272223504545
mendi_lending_linea,basket_return,return_shock,6,0.0006314156174132059
mendi_lending_linea,basket_return,return_shock,7,-0.00031345750022644426
mendi_lending_linea,basket_return,return_shock,8,6.543323339073634e-05
mendi_lending_linea,basket_return,return_shock,9,-4.479461377143566e-05
mendi_lending_linea,basket_return,return_shock,10,5.365398992478954e-06
mendi_lending_linea,basket_return,return_shock,11,-6.868939004019091e-06
mendi_lending_linea,basket_return,return_shock,12,4.315644645738103e-08
mendi_lending_linea,basket_return,return_shock,13,-1.1497899682046245e-06
mendi_lending_linea,basket_return,return_shock,14,-1.3637502734526703e-07
mendi_lending_linea,basket_return,return_shock,15,-2.103715188795623e-07
mendi_lending_linea,basket_return,return_shock,16,-4.920595735177053e-08
mendi_lending_linea,basket_return,return_shock,17,-4.151906253145285e-08
mendi_lending_linea,basket_return,return_shock,18,-1.3459337429301062e-08
mendi_lending_linea,basket_return,return_shock,19,-8.662310112058336e-09
mendi_lending_linea,basket_return,return_shock,20,-3.3450196025116355e-09
mendi_lending_linea,basket_return,return_shock,21,-1.8743163143872143e-09
mendi_lending_linea,basket_return,return_shock,22,-7.965463341440623e-10
mendi_lending_linea,basket_return,return_shock,23,-4.1464489798117637e-10
mendi_lending_linea,basket_return,return_shock,24,-1.8572365819839835e-10
mendi_lending_linea,basket_return,return_shock,25,-9.291714406048624e-11
mendi_lending_linea,basket_return,return_shock,26,-4.2833699889934927e-11
mendi_lending_linea,basket_return,return_shock,27,-2.0973427977630475e-11
mendi_lending_linea,basket_return,return_shock,28,-9.821820619527504e-12
mendi_lending_linea,basket_return,return_shock,29,-4.7533091856505574e-12
mendi_lending_linea,basket_return,return_shock,30,-2.245171140246306e-12
mendi_lending_linea,basket_return,liquidation_shock,0,0.0
mendi_lending_linea,basket_return,liquidation_shock,1,-0.0056438655756919556
mendi_lending_linea,basket_return,liquidation_shock,2,0.05303182795370239
mendi_lending_linea,basket_return,liquidation_shock,3,0.011694905926787784
mendi_lending_linea,basket_return,liquidation_shock,4,0.011502174652408697
mendi_lending_linea,basket_return,liquidation_shock,5,0.0035797824437192936
mendi_lending_linea,basket_return,liquidation_shock,6,0.0024104141462943755
mendi_lending_linea,basket_return,liquidation_shock,7,0.0009077426869928985
mendi_lending_linea,basket_return,liquidation_shock,8,0.0005194563421132199
mendi_lending_linea,basket_return,liquidation_shock,9,0.00021763884398642107
mendi_lending_linea,basket_return,liquidation_shock,10,0.0001145477722141535
mendi_lending_linea,basket_return,liquidation_shock,11,5.090509082793336e-05
mendi_lending_linea,basket_return,liquidation_shock,12,2.5619183936697592e-05
mendi_lending_linea,basket_return,liquidation_shock,13,1.1759320023919173e-05
mendi_lending_linea,basket_return,liquidation_shock,14,5.776477011540904e-06
mendi_lending_linea,basket_return,liquidation_shock,15,2.6987461009347826e-06
mendi_lending_linea,basket_return,liquidation_shock,16,1.3083559037121316e-06
mendi_lending_linea,basket_return,liquidation_shock,17,6.171923861043727e-07
mendi_lending_linea,basket_return,liquidation_shock,18,2.9707998699434814e-07
mendi_lending_linea,basket_return,liquidation_shock,19,1.4088266357276053e-07
mendi_lending_linea,basket_return,liquidation_shock,20,6.75485601834482e-08
mendi_lending_linea,basket_return,liquidation_shock,21,3.212543142907145e-08
mendi_lending_linea,basket_return,liquidation_shock,22,1.5370373155268115e-08
mendi_lending_linea,basket_return,liquidation_shock,23,7.321467855855056e-09
mendi_lending_linea,basket_return,liquidation_shock,24,3.498892213199167e-09
mendi_lending_linea,basket_return,liquidation_shock,25,1.6680747667695321e-09
mendi_lending_linea,basket_return,liquidation_shock,26,7.966613663859977e-10
mendi_lending_linea,basket_return,liquidation_shock,27,3.799802814334596e-10
mendi_lending_linea,basket_return,liquidation_shock,28,1.8141361427616604e-10
mendi_lending_linea,basket_return,liquidation_shock,29,8.655008217104867e-11
mendi_lending_linea,basket_return,liquidation_shock,30,4.131377242979985e-11
mendi_lending_linea,liquidation,return_shock,0,-0.10778444289538006
mendi_lending_linea,liquidation,return_shock,1,-0.13681275602205048
mendi_lending_linea,liquidation,return_shock,2,0.017664926399563886
mendi_lending_linea,liquidation,return_shock,3,-0.015849048068137767
mendi_lending_linea,liquidation,return_shock,4,0.001987195298261578
mendi_lending_linea,liquidation,return_shock,5,-0.002263343512670008
mendi_lending_linea,liquidation,return_shock,6,7.703362021957605e-05
mendi_lending_linea,liquidation,return_shock,7,-0.0003667978015824172
mendi_lending_linea,liquidation,return_shock,8,-3.2176800781646415e-05
mendi_lending_linea,liquidation,return_shock,9,-6.558350561391293e-05
mendi_lending_linea,liquidation,return_shock,10,-1.358320385143117e-05
mendi_lending_linea,liquidation,return_shock,11,-1.2721175171134158e-05
mendi_lending_linea,liquidation,return_shock,12,-3.872286298583381e-06
mendi_lending_linea,liquidation,return_shock,13,-2.6225764906596004e-06
mendi_lending_linea,liquidation,return_shock,14,-9.786446836779385e-07
mendi_lending_linea,liquidation,return_shock,15,-5.63203678166495e-07
mendi_lending_linea,liquidation,return_shock,16,-2.3489670332821576e-07
mendi_lending_linea,liquidation,return_shock,17,-1.2403825489370058e-07
mendi_lending_linea,liquidation,return_shock,18,-5.4988835447903334e-08
mendi_lending_linea,liquidation,return_shock,19,-2.7724458077576652e-08
mendi_lending_linea,liquidation,return_shock,20,-1.2708834751353733e-08
mendi_lending_linea,liquidation,return_shock,21,-6.249046678358972e-09
mendi_lending_linea,liquidation,return_shock,22,-2.9174229808411915e-09
mendi_lending_linea,liquidation,return_shock,23,-1.4151281913118192e-09
mendi_lending_linea,liquidation,return_shock,24,-6.672974369211535e-10
mendi_lending_linea,liquidation,return_shock,25,-3.2129125529256333e-10
mendi_lending_linea,liquidation,return_shock,26,-1.523315264911091e-10
mendi_lending_linea,liquidation,return_shock,27,-7.304951056251588e-11
mendi_lending_linea,liquidation,return_shock,28,-3.473756099926208e-11
mendi_lending_linea,liquidation,return_shock,29,-1.662158172167701e-11
mendi_lending_linea,liquidation,return_shock,30,-7.916958498817712e-12
mendi_lending_linea,liquidation,liquidation_shock,0,0.9264085650974034
mendi_lending_linea,liquidation,liquidation_shock,1,0.27852278328607666
mendi_lending_linea,liquidation,liquidation_shock,2,0.15942033567147415
mendi_lending_linea,liquidation,liquidation_shock,3,0.06457487335655909
mendi_lending_linea,liquidation,liquidation_shock,4,0.03436860571131446
mendi_lending_linea,liquidation,liquidation_shock,5,0.01507583508105514
mendi_lending_linea,liquidation,liquidation_shock,6,0.007649276464581152
mendi_lending_linea,liquidation,liquidation_shock,7,0.003488268232745287
mendi_lending_linea,liquidation,liquidation_shock,8,0.0017215336439590095
mendi_lending_linea,liquidation,liquidation_shock,9,0.0008014970062445384
mendi_lending_linea,liquidation,liquidation_shock,10,0.0003895642574257738
mendi_lending_linea,liquidation,liquidation_shock,11,0.0001834222301134287
mendi_lending_linea,liquidation,liquidation_shock,12,8.84122270667707e-05
mendi_lending_linea,liquidation,liquidation_shock,13,4.188404673412163e-05
mendi_lending_linea,liquidation,liquidation_shock,14,2.009732596953478e-05
mendi_lending_linea,liquidation,liquidation_shock,15,9.552718401107165e-06
mendi_lending_linea,liquidation,liquidation_shock,16,4.572385614174828e-06
mendi_lending_linea,liquidation,liquidation_shock,17,2.177326091753897e-06
mendi_lending_linea,liquidation,liquidation_shock,18,1.0407686792962011e-06
mendi_lending_linea,liquidation,liquidation_shock,19,4.960969897446354e-07
mendi_lending_linea,liquidation,liquidation_shock,20,2.3696184917375185e-07
mendi_lending_linea,liquidation,liquidation_shock,21,1.130124196213497e-07
mendi_lending_linea,liquidation,liquidation_shock,22,5.3959038307430204e-08
mendi_lending_linea,liquidation,liquidation_shock,23,2.5741879034266514e-08
mendi_lending_linea,liquidation,liquidation_shock,24,1.2288066014478875e-08
mendi_lending_linea,liquidation,liquidation_shock,25,5.863129912521922e-09
mendi_lending_linea,liquidation,liquidation_shock,26,2.7984733145624208e-09
mendi_lending_linea,liquidation,liquidation_shock,27,1.335381247945699e-09
mendi_lending_linea,liquidation,liquidation_shock,28,6.373364832904959e-10
mendi_lending_linea,liquidation,liquidation_shock,29,3.0414008495586016e-10
mendi_lending_linea,liquidation,liquidation_shock,30,1.4515159994041736e-10
moonwell_lending_base,basket_return,return_shock,0,0.9893900403618148
moonwell_lending_base,basket_return,return_shock,1,-0.1012891183627534
moonwell_lending_base,basket_return,return_shock,2,0.010457704985451339
moonwell_lending_base,basket_return,return_shock,3,-0.0010534543810430154
moonwell_lending_base,basket_return,return_shock,4,0.0001138736415993433
moonwell_lending_base,basket_return,return_shock,5,-9.962699925499148e-06
moonwell_lending_base,basket_return,return_shock,6,1.5333664136670143e-06
moonwell_lending_base,basket_return,return_shock,7,-5.431964845689459e-09
moonwell_lending_base,basket_return,return_shock,8,4.568621689662798e-08
moonwell_lending_base,basket_return,return_shock,9,8.721253332841797e-09
moonwell_lending_base,basket_return,return_shock,10,3.089139633312222e-09
moonwell_lending_base,basket_return,return_shock,11,8.667535152196964e-10
moonwell_lending_base,basket_return,return_shock,12,2.6276880472716385e-10
moonwell_lending_base,basket_return,return_shock,13,7.753548490109976e-11
moonwell_lending_base,basket_return,return_shock,14,2.3092322285324773e-11
moonwell_lending_base,basket_return,return_shock,15,6.855473322359648e-12
moonwell_lending_base,basket_return,return_shock,16,2.0374620449101316e-12
moonwell_lending_base,basket_return,return_shock,17,6.053061044696955e-13
moonwell_lending_base,basket_return,return_shock,18,1.7985316737990123e-13
moonwell_lending_base,basket_return,return_shock,19,5.3436901495155066e-14
moonwell_lending_base,basket_return,return_shock,20,1.5877104488846733e-14
moonwell_lending_base,basket_return,return_shock,21,4.717359453672429e-15
moonwell_lending_base,basket_return,return_shock,22,1.4016108624196888e-15
moonwell_lending_base,basket_return,return_shock,23,4.1644308678799225e-16
moonwell_lending_base,basket_return,return_shock,24,1.2373254811280197e-16
moonwell_lending_base,basket_return,return_shock,25,3.6763108240420205e-17
moonwell_lending_base,basket_return,return_shock,26,1.0922963959706965e-17
moonwell_lending_base,basket_return,return_shock,27,3.2454040551150325e-18
moonwell_lending_base,basket_return,return_shock,28,9.642664347729125e-19
moonwell_lending_base,basket_return,return_shock,29,2.865004604709424e-19
moonwell_lending_base,basket_return,return_shock,30,8.5124308926751e-20
moonwell_lending_base,basket_return,liquidation_shock,0,0.0
moonwell_lending_base,basket_return,liquidation_shock,1,-0.0015335537075945392
moonwell_lending_base,basket_return,liquidation_shock,2,-0.0002983054359371136
moonwell_lending_base,basket_return,liquidation_shock,3,-0.00010477464205001871
moonwell_lending_base,basket_return,liquidation_shock,4,-2.947414932917882e-05
moonwell_lending_base,basket_return,liquidation_shock,5,-8.927213426733637e-06
moonwell_lending_base,basket_return,liquidation_shock,6,-2.6349973463033438e-06
moonwell_lending_base,basket_return,liquidation_shock,7,-7.846926280536824e-07
moonwell_lending_base,basket_return,liquidation_shock,8,-2.3296241413965849e-07
moonwell_lending_base,basket_return,liquidation_shock,9,-6.923604581375079e-08
moonwell_lending_base,basket_return,liquidation_shock,10,-2.0569311040994737e-08
moonwell_lending_base,basket_return,liquidation_shock,11,-6.11170107479533e-09
moonwell_lending_base,basket_return,liquidation_shock,12,-1.8158731871137216e-09
moonwell_lending_base,basket_return,liquidation_shock,13,-5.395298409836588e-10
moonwell_lending_base,basket_return,liquidation_shock,14,-1.6030355920403643e-10
moonwell_lending_base,basket_return,liquidation_shock,15,-4.762901938826742e-11
moonwell_lending_base,basket_return,liquidation_shock,16,-1.415141430371084e-11
moonwell_lending_base,basket_return,liquidation_shock,17,-4.204633483224516e-12
moonwell_lending_base,basket_return,liquidation_shock,18,-1.249270287841778e-12
moonwell_lending_base,basket_return,liquidation_shock,19,-3.7118010361052755e-13
moonwell_lending_base,basket_return,liquidation_shock,20,-1.1028411500857427e-13
moonwell_lending_base,basket_return,liquidation_shock,21,-3.2767343782601724e-14
moonwell_lending_base,basket_return,liquidation_shock,22,-9.73575221920678e-15
moonwell_lending_base,basket_return,liquidation_shock,23,-2.8926626441579366e-15
moonwell_lending_base,basket_return,liquidation_shock,24,-8.594607774990375e-16
moonwell_lending_base,basket_return,liquidation_shock,25,-2.553608626236013e-16
moonwell_lending_base,basket_return,liquidation_shock,26,-7.587218854669338e-17
moonwell_lending_base,basket_return,liquidation_shock,27,-2.2542957193012985e-17
moonwell_lending_base,basket_return,liquidation_shock,28,-6.697907741152898e-18
moonwell_lending_base,basket_return,liquidation_shock,29,-1.9900657985957655e-18
moonwell_lending_base,basket_return,liquidation_shock,30,-5.912834329452961e-19
moonwell_lending_base,liquidation,return_shock,0,-0.05663255477722985
moonwell_lending_base,liquidation,return_shock,1,-0.04902401500075998
moonwell_lending_base,liquidation,return_shock,2,-0.011262481211300584
moonwell_lending_base,liquidation,return_shock,3,-0.003685205683897311
moonwell_lending_base,liquidation,return_shock,4,-0.0010601660136954785
moonwell_lending_base,liquidation,return_shock,5,-0.00031856158268221853
moonwell_lending_base,liquidation,return_shock,6,-9.42841922399796e-05
moonwell_lending_base,liquidation,return_shock,7,-2.805104118266234e-05
moonwell_lending_base,liquidation,return_shock,8,-8.33060296690863e-06
moonwell_lending_base,liquidation,return_shock,9,-2.475563489992745e-06
moonwell_lending_base,liquidation,return_shock,10,-7.354927481970732e-07
moonwell_lending_base,liquidation,return_shock,11,-2.185319493742364e-07
moonwell_lending_base,liquidation,return_shock,12,-6.492924589619678e-08
moonwell_lending_base,liquidation,return_shock,13,-1.9291660914770638e-08
moonwell_lending_base,liquidation,return_shock,14,-5.731886130188977e-09
moonwell_lending_base,liquidation,return_shock,15,-1.7030443055290932e-09
moonwell_lending_base,liquidation,return_shock,16,-5.060042688014152e-10
moonwell_lending_base,liquidation,return_shock,17,-1.5034274294460569e-10
moonwell_lending_base,liquidation,return_shock,18,-4.466946381290831e-11
moonwell_lending_base,liquidation,return_shock,19,-1.3272080768102314e-11
moonwell_lending_base,liquidation,return_shock,20,-3.943367839393383e-12
moonwell_lending_base,liquidation,return_shock,21,-1.171643709548844e-12
moonwell_lending_base,liquidation,return_shock,22,-3.4811588398226054e-13
moonwell_lending_base,liquidation,return_shock,23,-1.0343133131594796e-13
moonwell_lending_base,liquidation,return_shock,24,-3.0731261597781e-14
moonwell_lending_base,liquidation,return_shock,25,-9.13079651397319e-15
moonwell_lending_base,liquidation,return_shock,26,-2.7129196994917014e-15
moonwell_lending_base,liquidation,return_shock,27,-8.060559979240898e-16
moonwell_lending_base,liquidation,return_shock,28,-2.3949336646803594e-16
moonwell_lending_base,liquidation,return_shock,29,-7.115767729528798e-17
moonwell_lending_base,liquidation,return_shock,30,-2.1142193258766102e-17
moonwell_lending_base,liquidation,liquidation_shock,0,0.9532050246361319
moonwell_lending_base,liquidation,liquidation_shock,1,0.28308899810904525
moonwell_lending_base,liquidation,liquidation_shock,2,0.08412352061932216
moonwell_lending_base,liquidation,liquidation_shock,3,0.024993257589404464
moonwell_lending_base,liquidation,liquidation_shock,4,0.007426069857741911
moonwell_lending_base,liquidation,liquidation_shock,5,0.002206401685216574
moonwell_lending_base,liquidation,liquidation_shock,6,0.0006555620372442851
moonwell_lending_base,liquidation,liquidation_shock,7,0.0001947788270072829
moonwell_lending_base,liquidation,liquidation_shock,8,5.787221876278844e-05
moonwell_lending_base,liquidation,liquidation_shock,9,1.719484911201896e-05
moonwell_lending_base,liquidation,liquidation_shock,10,5.10889123981487e-06
moonwell_lending_base,liquidation,liquidation_shock,11,1.5179411257772875e-06
moonwell_lending_base,liquidation,liquidation_shock,12,4.510069183583643e-07
moonwell_lending_base,liquidation,liquidation_shock,13,1.3400206104691373e-07
moonwell_lending_base,liquidation,liquidation_shock,14,3.981436129809296e-08
moonwell_lending_base,liquidation,liquidation_shock,15,1.1829544652198536e-08
moonwell_lending_base,liquidation,liquidation_shock,16,3.5147650783370256e-09
moonwell_lending_base,liquidation,liquidation_shock,17,1.0442983156358122e-09
moonwell_lending_base,liquidation,liquidation_shock,18,3.102793352499788e-10
moonwell_lending_base,liquidation,liquidation_shock,19,9.218942943879695e-11
moonwell_lending_base,liquidation,liquidation_shock,20,2.739109548957978e-11
moonwell_lending_base,liquidation,liquidation_shock,21,8.138374612857559e-12
moonwell_lending_base,liquidation,liquidation_shock,22,2.4180537563539183e-12
moonwell_lending_base,liquidation,liquidation_shock,23,7.184461574648008e-13
moonwell_lending_base,liquidation,liquidation_shock,24,2.1346294714070455e-13
moonwell_lending_base,liquidation,liquidation_shock,25,6.342358342173615e-14
moonwell_lending_base,liquidation,liquidation_shock,26,1.8844258396762747e-14
moonwell_lending_base,liquidation,liquidation_shock,27,5.598959493705663e-15
moonwell_lending_base,liquidation,liquidation_shock,28,1.663549010638812e-15
moonwell_lending_base,liquidation,liquidation_shock,29,4.942695716781785e-16
moonwell_lending_base,liquidation,liquidation_shock,30,1.4685615387617383e-16
morpho_ethereum,basket_return,return_shock,0,0.987760614129298
morpho_ethereum,basket_return,return_shock,1,-0.004303316474309646
morpho_ethereum,basket_return,return_shock,2,0.019998743504113285
morpho_ethereum,basket_return,return_shock,3,-0.0019027776858251263
morpho_ethereum,basket_return,return_shock,4,-0.001046674228826027
morpho_ethereum,basket_return,return_shock,5,-0.00035256046399402584
morpho_ethereum,basket_return,return_shock,6,-0.00020615488268098083
morpho_ethereum,basket_return,return_shock,7,-4.788793629057732e-05
morpho_ethereum,basket_return,return_shock,8,-2.289846447885962e-05
morpho_ethereum,basket_return,return_shock,9,-5.571806771285913e-06
morpho_ethereum,basket_return,return_shock,10,-2.2495913229471545e-06
morpho_ethereum,basket_return,return_shock,11,-5.947406268112269e-07
morpho_ethereum,basket_return,return_shock,12,-2.138077484103517e-07
morpho_ethereum,basket_return,return_shock,13,-6.040163287696834e-08
morpho_ethereum,basket_return,return_shock,14,-2.0208641012815113e-08
morpho_ethereum,basket_return,return_shock,15,-5.961003688225303e-09
morpho_ethereum,basket_return,return_shock,16,-1.9143951330112687e-09
morpho_ethereum,basket_return,return_shock,17,-5.788789774213519e-10
morpho_ethereum,basket_return,return_shock,18,-1.819453235745494e-10
morpho_ethereum,basket_return,return_shock,19,-5.572705320852829e-11
morpho_ethereum,basket_return,return_shock,20,-1.7333320039890255e-11
morpho_ethereum,basket_return,return_shock,21,-5.340606894801902e-12
morpho_ethereum,basket_return,return_shock,22,-1.6535248136048863e-12
morpho_ethereum,basket_return,return_shock,23,-5.106993767885902e-13
morpho_ethereum,basket_return,return_shock,24,-1.57841092649039e-13
morpho_ethereum,basket_return,return_shock,25,-4.878768833452654e-14
morpho_ethereum,basket_return,return_shock,26,-1.50708639944309e-14
morpho_ethereum,basket_return,return_shock,27,-4.658845103661322e-15
morpho_ethereum,basket_return,return_shock,28,-1.4390765006611608e-15
morpho_ethereum,basket_return,return_shock,29,-4.448191290249482e-16
morpho_ethereum,basket_return,return_shock,30,-1.374123837245546e-16
morpho_ethereum,basket_return,liquidation_shock,0,0.0
morpho_ethereum,basket_return,liquidation_shock,1,-0.0034779046996045106
morpho_ethereum,basket_return,liquidation_shock,2,0.015695492705854512
morpho_ethereum,basket_return,liquidation_shock,3,0.000930747239033909
morpho_ethereum,basket_return,liquidation_shock,4,0.0018646187943166072
morpho_ethereum,basket_return,liquidation_shock,5,0.00022439300316688747
morpho_ethereum,basket_return,liquidation_shock,6,0.000176659125497122
morpho_ethereum,basket_return,liquidation_shock,7,3.144527674377688e-05
morpho_ethereum,basket_return,liquidation_shock,8,1.5959982655945303e-05
morpho_ethereum,basket_return,liquidation_shock,9,3.629679132778509e-06
morpho_ethereum,basket_return,liquidation_shock,10,1.4470667351613115e-06
morpho_ethereum,basket_return,liquidation_shock,11,3.8180861505444654e-07
morpho_ethereum,basket_return,liquidation_shock,12,1.3338786229291554e-07
morpho_ethereum,basket_return,liquidation_shock,13,3.827194076588613e-08
morpho_ethereum,basket_return,liquidation_shock,14,1.2483800489034275e-08
morpho_ethereum,basket_return,liquidation_shock,15,3.740622966941865e-09
morpho_ethereum,basket_return,liquidation_shock,16,1.1803193875743692e-09
morpho_ethereum,basket_return,liquidation_shock,17,3.609238588135171e-10
morpho_ethereum,basket_return,liquidation_shock,18,1.1223438696056495e-10
morpho_ethereum,basket_return,liquidation_shock,19,3.4608238577163904e-11
morpho_ethereum,basket_return,liquidation_shock,20,1.0701645059594035e-11
morpho_ethereum,basket_return,liquidation_shock,21,3.3092124810152905e-12
morpho_ethereum,basket_return,liquidation_shock,22,1.021578026155796e-12
morpho_ethereum,basket_return,liquidation_shock,23,3.1606466852449457e-13
morpho_ethereum,basket_return,liquidation_shock,24,9.755572981699025e-14
morpho_ethereum,basket_return,liquidation_shock,25,3.0175843801290754e-14
morpho_ethereum,basket_return,liquidation_shock,26,9.316570775373951e-15
morpho_ethereum,basket_return,liquidation_shock,27,2.8807545913811027e-15
morpho_ethereum,basket_return,liquidation_shock,28,8.896868284527506e-16
morpho_ethereum,basket_return,liquidation_shock,29,2.750174285462282e-16
morpho_ethereum,basket_return,liquidation_shock,30,8.495520915737418e-17
morpho_ethereum,liquidation,return_shock,0,-0.216950946763242
morpho_ethereum,liquidation,return_shock,1,-0.12190357224882607
morpho_ethereum,liquidation,return_shock,2,-0.09544693665377575
morpho_ethereum,liquidation,return_shock,3,-0.021157889362360443
morpho_ethereum,liquidation,return_shock,4,-0.011502666328070853
morpho_ethereum,liquidation,return_shock,5,-0.0026733203273606827
morpho_ethereum,liquidation,return_shock,6,-0.001154517388327069
morpho_ethereum,liquidation,return_shock,7,-0.0002958940480224737
morpho_ethereum,liquidation,return_shock,8,-0.00011032355415721845
morpho_ethereum,liquidation,return_shock,9,-3.0589311812532007e-05
morpho_ethereum,liquidation,return_shock,10,-1.0433370220951867e-05
morpho_ethereum,liquidation,return_shock,11,-3.046181899150468e-06
morpho_ethereum,liquidation,return_shock,12,-9.877882881230783e-07
morpho_ethereum,liquidation,return_shock,13,-2.9717142114701715e-07
morpho_ethereum,liquidation,return_shock,14,-9.382523712854742e-08
morpho_ethereum,liquidation,return_shock,15,-2.8672334038153177e-08
morpho_ethereum,liquidation,return_shock,16,-8.935317690702565e-09
morpho_ethereum,liquidation,return_shock,17,-2.750735125086345e-09
morpho_ethereum,liquidation,return_shock,18,-8.522618832006449e-10
morpho_ethereum,liquidation,return_shock,19,-2.6316496356231113e-10
morpho_ethereum,liquidation,return_shock,20,-8.135128227919349e-11
morpho_ethereum,liquidation,return_shock,21,-2.514526967156392e-11
morpho_ethereum,liquidation,return_shock,22,-7.767572267421143e-12
morpho_ethereum,liquidation,return_shock,23,-2.4013421269415883e-12
morpho_ethereum,liquidation,return_shock,24,-7.417199466227287e-13
morpho_ethereum,liquidation,return_shock,25,-2.292806084169163e-13
morpho_ethereum,liquidation,return_shock,26,-7.082565117336658e-14
morpho_ethereum,liquidation,return_shock,27,-2.1890553699424027e-14
morpho_ethereum,liquidation,return_shock,28,-6.762807737165573e-15
morpho_ethereum,liquidation,return_shock,29,-2.0899895519647196e-15
morpho_ethereum,liquidation,return_shock,30,-6.457287771326026e-16
morpho_ethereum,liquidation,liquidation_shock,0,0.9520254729470685
morpho_ethereum,liquidation,liquidation_shock,1,0.08522616130650215
morpho_ethereum,liquidation,liquidation_shock,2,0.09252828677556177
morpho_ethereum,liquidation,liquidation_shock,3,0.014454073310334176
morpho_ethereum,liquidation,liquidation_shock,4,0.008369477658075065
morpho_ethereum,liquidation,liquidation_shock,5,0.001777355226581574
morpho_ethereum,liquidation,liquidation_shock,6,0.0007549687834572852
morpho_ethereum,liquidation,liquidation_shock,7,0.00019215344071335774
morpho_ethereum,liquidation,liquidation_shock,8,6.922580698048562e-05
morpho_ethereum,liquidation,liquidation_shock,9,1.951205987663851e-05
morpho_ethereum,liquidation,liquidation_shock,10,6.4554447210441185e-06
morpho_ethereum,liquidation,liquidation_shock,11,1.918910118249679e-06
morpho_ethereum,liquidation,liquidation_shock,12,6.091262475551595e-07
morpho_ethereum,liquidation,liquidation_shock,13,1.8568388803517132e-07
morpho_ethereum,liquidation,liquidation_shock,14,5.7866683902526324e-08
morpho_ethereum,liquidation,liquidation_shock,15,1.7827180312767057e-08
morpho_ethereum,liquidation,liquidation_shock,16,5.515705488221035e-09
morpho_ethereum,liquidation,liquidation_shock,17,1.7054643754312371e-09
morpho_ethereum,liquidation,liquidation_shock,18,5.264849893855751e-10
morpho_ethereum,liquidation,liquidation_shock,19,1.629163949072885e-10
morpho_ethereum,liquidation,liquidation_shock,20,5.0277598049084163e-11
morpho_ethereum,liquidation,liquidation_shock,21,1.555473938909676e-11
morpho_ethereum,liquidation,liquidation_shock,22,4.801705549982606e-12
morpho_ethereum,liquidation,liquidation_shock,23,1.4849297675589664e-12
morpho_ethereum,liquidation,liquidation_shock,24,4.585560744609621e-13
morpho_ethereum,liquidation,liquidation_shock,25,1.417597316016235e-13
morpho_ethereum,liquidation,liquidation_shock,26,4.378812497735583e-14
morpho_ethereum,liquidation,liquidation_shock,27,1.3533718410289005e-14
morpho_ethereum,liquidation,liquidation_shock,28,4.1811321887807916e-15
morpho_ethereum,liquidation,liquidation_shock,29,1.2921021806773464e-15
morpho_ethereum,liquidation,liquidation_shock,30,3.992217690999591e-16
sparklend_ethereum,basket_return,return_shock,0,0.9842009500173221
sparklend_ethereum,basket_return,return_shock,1,-0.06605400884699383
sparklend_ethereum,basket_return,return_shock,2,0.06254679164999817
sparklend_ethereum,basket_return,return_shock,3,-0.05195985929866292
sparklend_ethereum,basket_return,return_shock,4,-0.003650410953173236
sparklend_ethereum,basket_return,return_shock,5,-0.014731664784967593
sparklend_ethereum,basket_return,return_shock,6,-0.0016147435414780712
sparklend_ethereum,basket_return,return_shock,7,-0.00282604837567927
sparklend_ethereum,basket_return,return_shock,8,-9.301791125572357e-05
sparklend_ethereum,basket_return,return_shock,9,-0.0004013895574943649
sparklend_ethereum,basket_return,return_shock,10,6.726769123108046e-05
sparklend_ethereum,basket_return,return_shock,11,-4.072267226277901e-05
sparklend_ethereum,basket_return,return_shock,12,2.9075832567313626e-05
sparklend_ethereum,basket_return,return_shock,13,-2.619110862883164e-06
sparklend_ethereum,basket_return,return_shock,14,7.349853352732174e-06
sparklend_ethereum,basket_return,return_shock,15,-2.463500770962523e-07
sparklend_ethereum,basket_return,return_shock,16,1.4062952413012896e-06
sparklend_ethereum,basket_return,return_shock,17,-1.3988283159163523e-07
sparklend_ethereum,basket_return,return_shock,18,2.1859996250953265e-07
sparklend_ethereum,basket_return,return_shock,19,-5.981466790523613e-08
sparklend_ethereum,basket_return,return_shock,20,2.9111943850205375e-08
sparklend_ethereum,basket_return,return_shock,21,-1.758527713057118e-08
sparklend_ethereum,basket_return,return_shock,22,3.8399220034957214e-09
sparklend_ethereum,basket_return,return_shock,23,-4.038636488499665e-09
sparklend_ethereum,basket_return,return_shock,24,6.794153192416017e-10
sparklend_ethereum,basket_return,return_shock,25,-7.761341229906844e-10
sparklend_ethereum,basket_return,return_shock,26,1.7099680896711594e-10
sparklend_ethereum,basket_return,return_shock,27,-1.3119146653988028e-10
sparklend_ethereum,basket_return,return_shock,28,4.592328322965037e-11
sparklend_ethereum,basket_return,return_shock,29,-2.0824937723134703e-11
sparklend_ethereum,basket_return,return_shock,30,1.1192410973216476e-11
sparklend_ethereum,basket_return,liquidation_shock,0,0.0
sparklend_ethereum,basket_return,liquidation_shock,1,-0.02464132964774861
sparklend_ethereum,basket_return,liquidation_shock,2,0.1026516828443604
sparklend_ethereum,basket_return,liquidation_shock,3,0.01163033707579715
sparklend_ethereum,basket_return,liquidation_shock,4,0.02674358247230903
sparklend_ethereum,basket_return,liquidation_shock,5,0.0025567793446393265
sparklend_ethereum,basket_return,liquidation_shock,6,0.004721402412796561
sparklend_ethereum,basket_return,liquidation_shock,7,-4.945489990975901e-05
sparklend_ethereum,basket_return,liquidation_shock,8,0.0006158815217380581
sparklend_ethereum,basket_return,liquidation_shock,9,-0.0001669136268204858
sparklend_ethereum,basket_return,liquidation_shock,10,5.61168377633268e-05
sparklend_ethereum,basket_return,liquidation_shock,11,-5.789927008140835e-05
sparklend_ethereum,basket_return,liquidation_shock,12,3.378596279447663e-06
sparklend_ethereum,basket_return,liquidation_shock,13,-1.3327810850918649e-05
sparklend_ethereum,basket_return,liquidation_shock,14,6.046059694278058e-07
sparklend_ethereum,basket_return,liquidation_shock,15,-2.392136233904362e-06
sparklend_ethereum,basket_return,liquidation_shock,16,3.339088839467401e-07
sparklend_ethereum,basket_return,liquidation_shock,17,-3.54150455591503e-07
sparklend_ethereum,basket_return,liquidation_shock,18,1.2444175060834128e-07
sparklend_ethereum,basket_return,liquidation_shock,19,-4.6241845083382e-08
sparklend_ethereum,basket_return,liquidation_shock,20,3.361844114233835e-08
sparklend_ethereum,basket_return,liquidation_shock,21,-6.4686603710875296e-09
sparklend_ethereum,basket_return,liquidation_shock,22,7.287632663435436e-09
sparklend_ethereum,basket_return,liquidation_shock,23,-1.2903906868532274e-09
sparklend_ethereum,basket_return,liquidation_shock,24,1.3436733894626496e-09
sparklend_ethereum,basket_return,liquidation_shock,25,-3.387672743978898e-10
sparklend_ethereum,basket_return,liquidation_shock,26,2.2167019607415284e-10
sparklend_ethereum,basket_return,liquidation_shock,27,-8.880260899070433e-11
sparklend_ethereum,basket_return,liquidation_shock,28,3.5286678148790525e-11
sparklend_ethereum,basket_return,liquidation_shock,29,-2.0840806096737056e-11
sparklend_ethereum,basket_return,liquidation_shock,30,6.065639049703612e-12
sparklend_ethereum,liquidation,return_shock,0,-0.3155887284654093
sparklend_ethereum,liquidation,return_shock,1,-0.3480326464976086
sparklend_ethereum,liquidation,return_shock,2,-0.12213690607964224
sparklend_ethereum,liquidation,return_shock,3,-0.08541961908933213
sparklend_ethereum,liquidation,return_shock,4,-0.02174814865643269
sparklend_ethereum,liquidation,return_shock,5,-0.013027955846902065
sparklend_ethereum,liquidation,return_shock,6,-0.0015435158667164081
sparklend_ethereum,liquidation,return_shock,7,-0.001129091013766473
sparklend_ethereum,liquidation,return_shock,8,0.0003563161076543194
sparklend_ethereum,liquidation,return_shock,9,3.946810946986876e-05
sparklend_ethereum,liquidation,return_shock,10,0.000162370226348766
sparklend_ethereum,liquidation,return_shock,11,3.358556784044098e-05
sparklend_ethereum,liquidation,return_shock,12,3.658248479052258e-05
sparklend_ethereum,liquidation,return_shock,13,5.580170685492989e-06
sparklend_ethereum,liquidation,return_shock,14,5.681850042288455e-06
sparklend_ethereum,liquidation,return_shock,15,5.672038888522805e-08
sparklend_ethereum,liquidation,return_shock,16,5.847686210073409e-07
sparklend_ethereum,liquidation,return_shock,17,-2.321642056363718e-07
sparklend_ethereum,liquidation,return_shock,18,2.0716003396245936e-08
sparklend_ethereum,liquidation,return_shock,19,-7.871234494363842e-08
sparklend_ethereum,liquidation,return_shock,20,-4.7364014899986105e-09
sparklend_ethereum,liquidation,return_shock,21,-1.6952730369647858e-08
sparklend_ethereum,liquidation,return_shock,22,-4.2340507990232444e-10
sparklend_ethereum,liquidation,return_shock,23,-2.7453057031029135e-09
sparklend_ethereum,liquidation,return_shock,24,3.1498230063441883e-10
sparklend_ethereum,liquidation,return_shock,25,-3.432568835053566e-10
sparklend_ethereum,liquidation,return_shock,26,1.5190838012667187e-10
sparklend_ethereum,liquidation,return_shock,27,-3.373207034692969e-11
sparklend_ethereum,liquidation,return_shock,28,4.1756457720708926e-11
sparklend_ethereum,liquidation,return_shock,29,-3.679722176859812e-12
sparklend_ethereum,liquidation,return_shock,30,8.679611898774037e-12
sparklend_ethereum,liquidation,liquidation_shock,0,0.827763537153378
sparklend_ethereum,liquidation,liquidation_shock,1,0.20292252838050198
sparklend_ethereum,liquidation,liquidation_shock,2,0.15061165356658865
sparklend_ethereum,liquidation,liquidation_shock,3,0.032235391547249054
sparklend_ethereum,liquidation,liquidation_shock,4,0.019830094497804658
sparklend_ethereum,liquidation,liquidation_shock,5,0.0009446973596107608
sparklend_ethereum,liquidation,liquidation_shock,6,0.0012631450332413073
sparklend_ethereum,liquidation,liquidation_shock,7,-0.0009310582889742172
sparklend_ethereum,liquidation,liquidation_shock,8,-0.00016274956511105976
sparklend_ethereum,liquidation,liquidation_shock,9,-0.00031414268447662577
sparklend_ethereum,liquidation,liquidation_shock,10,-6.156622920745075e-05
sparklend_ethereum,liquidation,liquidation_shock,11,-6.299193787043975e-05
sparklend_ethereum,liquidation,liquidation_shock,12,-7.606940317235261e-06
sparklend_ethereum,liquidation,liquidation_shock,13,-8.829742394127006e-06
sparklend_ethereum,liquidation,liquidation_shock,14,5.704752982808589e-07
sparklend_ethereum,liquidation,liquidation_shock,15,-7.712667147432758e-07
sparklend_ethereum,liquidation,liquidation_shock,16,5.218981626197153e-07
sparklend_ethereum,liquidation,liquidation_shock,17,-5.1035370518527136e-09
sparklend_ethereum,liquidation,liquidation_shock,18,1.4898320922276738e-07
sparklend_ethereum,liquidation,liquidation_shock,19,8.596575508012253e-09
sparklend_ethereum,liquidation,liquidation_shock,20,2.9342478071979324e-08
sparklend_ethereum,liquidation,liquidation_shock,21,-1.7720803181010909e-10
sparklend_ethereum,liquidation,liquidation_shock,22,4.4179666582172606e-09
sparklend_ethereum,liquidation,liquidation_shock,23,-8.156744922925703e-10
sparklend_ethereum,liquidation,liquidation_shock,24,5.155754091990634e-10
sparklend_ethereum,liquidation,liquidation_shock,25,-3.1079346663953613e-10
sparklend_ethereum,liquidation,liquidation_shock,26,4.948712979675263e-11
sparklend_ethereum,liquidation,liquidation_shock,27,-7.75790640114265e-11
sparklend_ethereum,liquidation,liquidation_shock,28,6.724169864167975e-12
sparklend_ethereum,liquidation,liquidation_shock,29,-1.5149626572497138e-11
sparklend_ethereum,liquidation,liquidation_shock,30,2.0967126060606426e-12
sparklend_gnosis,basket_return,return_shock,0,0.9834506280012436
sparklend_gnosis,basket_return,return_shock,1,-0.04452940429360388
sparklend_gnosis,basket_return,return_shock,2,0.04043138885786996
sparklend_gnosis,basket_return,return_shock,3,-0.06074844589578263
sparklend_gnosis,basket_return,return_shock,4,0.037665552205035806
sparklend_gnosis,basket_return,return_shock,5,-0.004259487664747201
sparklend_gnosis,basket_return,return_shock,6,0.00509447603114843
sparklend_gnosis,basket_return,return_shock,7,-3.315538528984499e-06
sparklend_gnosis,basket_return,return_shock,8,0.003124368965694808
sparklend_gnosis,basket_return,return_shock,9,0.000181542365107471
sparklend_gnosis,basket_return,return_shock,10,0.0008056949518014094
sparklend_gnosis,basket_return,return_shock,11,0.0004002165600906861
sparklend_gnosis,basket_return,return_shock,12,0.00038347054186388987
sparklend_gnosis,basket_return,return_shock,13,0.00016594379310198227
sparklend_gnosis,basket_return,return_shock,14,0.00016406220694106512
sparklend_gnosis,basket_return,return_shock,15,0.00010044076751942736
sparklend_gnosis,basket_return,return_shock,16,7.279387543623334e-05
sparklend_gnosis,basket_return,return_shock,17,4.653247861562875e-05
sparklend_gnosis,basket_return,return_shock,18,3.501055475547448e-05
sparklend_gnosis,basket_return,return_shock,19,2.306623527633989e-05
sparklend_gnosis,basket_return,return_shock,20,1.614073180766339e-05
sparklend_gnosis,basket_return,return_shock,21,1.1040840673022589e-05
sparklend_gnosis,basket_return,return_shock,22,7.750681997542003e-06
sparklend_gnosis,basket_return,return_shock,23,5.2750325309743915e-06
sparklend_gnosis,basket_return,return_shock,24,3.6638183504819235e-06
sparklend_gnosis,basket_return,return_shock,25,2.526385772130204e-06
sparklend_gnosis,basket_return,return_shock,26,1.7483628210859321e-06
sparklend_gnosis,basket_return,return_shock,27,1.203190228478075e-06
sparklend_gnosis,basket_return,return_shock,28,8.326080929239358e-07
sparklend_gnosis,basket_return,return_shock,29,5.745634224218359e-07
sparklend_gnosis,basket_return,return_shock,30,3.9680668806464425e-07
sparklend_gnosis,basket_return,liquidation_shock,0,0.0
sparklend_gnosis,basket_return,liquidation_shock,1,-0.01804135950177888
sparklend_gnosis,basket_return,liquidation_shock,2,0.0954920531218119
sparklend_gnosis,basket_return,liquidation_shock,3,-0.07700385844960411
sparklend_gnosis,basket_return,liquidation_shock,4,-0.018555633325319273
sparklend_gnosis,basket_return,liquidation_shock,5,-0.0025256223535739903
sparklend_gnosis,basket_return,liquidation_shock,6,-0.002215147112166139
sparklend_gnosis,basket_return,liquidation_shock,7,-0.008044321015375408
sparklend_gnosis,basket_return,liquidation_shock,8,-0.002072160372993144
sparklend_gnosis,basket_return,liquidation_shock,9,-0.0015951484686944884
sparklend_gnosis,basket_return,liquidation_shock,10,-0.0014325903235262623
sparklend_gnosis,basket_return,liquidation_shock,11,-0.0011104130458683649
sparklend_gnosis,basket_return,liquidation_shock,12,-0.000550898905193566
sparklend_gnosis,basket_return,liquidation_shock,13,-0.00044860001290938147
sparklend_gnosis,basket_return,liquidation_shock,14,-0.00032220950558955043
sparklend_gnosis,basket_return,liquidation_shock,15,-0.00021578096161112991
sparklend_gnosis,basket_return,liquidation_shock,16,-0.00014146190790683145
sparklend_gnosis,basket_return,liquidation_shock,17,-0.00010368053001148423
sparklend_gnosis,basket_return,liquidation_shock,18,-7.080431011632346e-05
sparklend_gnosis,basket_return,liquidation_shock,19,-4.826077654502273e-05
sparklend_gnosis,basket_return,liquidation_shock,20,-3.3325981040134285e-05
sparklend_gnosis,basket_return,liquidation_shock,21,-2.3313856541465856e-05
sparklend_gnosis,basket_return,liquidation_shock,22,-1.59619354912773e-05
sparklend_gnosis,basket_return,liquidation_shock,23,-1.1011549557426835e-05
sparklend_gnosis,basket_return,liquidation_shock,24,-7.621211728487555e-06
sparklend_gnosis,basket_return,liquidation_shock,25,-5.269153377287196e-06
sparklend_gnosis,basket_return,liquidation_shock,26,-3.6286443843563403e-06
sparklend_gnosis,basket_return,liquidation_shock,27,-2.5077322701757637e-06
sparklend_gnosis,basket_return,liquidation_shock,28,-1.7325119419690541e-06
sparklend_gnosis,basket_return,liquidation_shock,29,-1.1959757942110628e-06
sparklend_gnosis,basket_return,liquidation_shock,30,-8.254228866618334e-07
sparklend_gnosis,liquidation,return_shock,0,-0.14963074146588418
sparklend_gnosis,liquidation,return_shock,1,-0.2984519078197491
sparklend_gnosis,liquidation,return_shock,2,-0.05422036694345574
sparklend_gnosis,liquidation,return_shock,3,-0.04494665056275757
sparklend_gnosis,liquidation,return_shock,4,-0.04850785604557971
sparklend_gnosis,liquidation,return_shock,5,-0.03581916595645583
sparklend_gnosis,liquidation,return_shock,6,-0.01664338436583571
sparklend_gnosis,liquidation,return_shock,7,-0.014377594700134498
sparklend_gnosis,liquidation,return_shock,8,-0.010442364418851754
sparklend_gnosis,liquidation,return_shock,9,-0.006806009865497902
sparklend_gnosis,liquidation,return_shock,10,-0.004464151303136264
sparklend_gnosis,liquidation,return_shock,11,-0.003321317707898093
sparklend_gnosis,liquidation,return_shock,12,-0.0022563310255556863
sparklend_gnosis,liquidation,return_shock,13,-0.0015295084359419318
sparklend_gnosis,liquidation,return_shock,14,-0.0010605266458876433
sparklend_gnosis,liquidation,return_shock,15,-0.000743190787957417
sparklend_gnosis,liquidation,return_shock,16,-0.0005074615013768542
sparklend_gnosis,liquidation,return_shock,17,-0.0003500848700105761
sparklend_gnosis,liquidation,return_shock,18,-0.00024261299429694256
sparklend_gnosis,liquidation,return_shock,19,-0.00016767874919591317
sparklend_gnosis,liquidation,return_shock,20,-0.00011540601120633272
sparklend_gnosis,liquidation,return_shock,21,-7.978610089710926e-05
sparklend_gnosis,liquidation,return_shock,22,-5.513096482139893e-05
sparklend_gnosis,liquidation,return_shock,23,-3.804894555781766e-05
sparklend_gnosis,liquidation,return_shock,24,-2.6259476716442824e-05
sparklend_gnosis,liquidation,return_shock,25,-1.814202191024841e-05
sparklend_gnosis,liquidation,return_shock,26,-1.2526158096719996e-05
sparklend_gnosis,liquidation,return_shock,27,-8.647528677458211e-06
sparklend_gnosis,liquidation,return_shock,28,-5.971094083033129e-06
sparklend_gnosis,liquidation,return_shock,29,-4.123481712343701e-06
sparklend_gnosis,liquidation,return_shock,30,-2.8469781367087636e-06
sparklend_gnosis,liquidation,liquidation_shock,0,0.8494811283757798
sparklend_gnosis,liquidation,liquidation_shock,1,0.2838397006015938
sparklend_gnosis,liquidation,liquidation_shock,2,0.08181896894144347
sparklend_gnosis,liquidation,liquidation_shock,3,0.1420689999556279
sparklend_gnosis,liquidation,liquidation_shock,4,0.11672844445736315
sparklend_gnosis,liquidation,liquidation_shock,5,0.05271508216918625
sparklend_gnosis,liquidation,liquidation_shock,6,0.03921900362721616
sparklend_gnosis,liquidation,liquidation_shock,7,0.032379581591253224
sparklend_gnosis,liquidation,liquidation_shock,8,0.020975505544565995
sparklend_gnosis,liquidation,liquidation_shock,9,0.013305981709733787
sparklend_gnosis,liquidation,liquidation_shock,10,0.009853196352136396
sparklend_gnosis,liquidation,liquidation_shock,11,0.006907221439150767
sparklend_gnosis,liquidation,liquidation_shock,12,0.0046082811991013896
sparklend_gnosis,liquidation,liquidation_shock,13,0.003180056349070112
sparklend_gnosis,liquidation,liquidation_shock,14,0.002239776504916035
sparklend_gnosis,liquidation,liquidation_shock,15,0.0015356351199892664
sparklend_gnosis,liquidation,liquidation_shock,16,0.0010530782913507077
sparklend_gnosis,liquidation,liquidation_shock,17,0.0007307175872696599
sparklend_gnosis,liquidation,liquidation_shock,18,0.0005058168491468441
sparklend_gnosis,liquidation,liquidation_shock,19,0.0003480109863581043
sparklend_gnosis,liquidation,liquidation_shock,20,0.00024030636219206337
sparklend_gnosis,liquidation,liquidation_shock,21,0.00016619781773549516
sparklend_gnosis,liquidation,liquidation_shock,22,0.00011471270849282617
sparklend_gnosis,liquidation,liquidation_shock,23,7.914475214148821e-05
sparklend_gnosis,liquidation,liquidation_shock,24,5.467491181535142e-05
sparklend_gnosis,liquidation,liquidation_shock,25,3.7760233327582764e-05
sparklend_gnosis,liquidation,liquidation_shock,26,2.6065487453005367e-05
sparklend_gnosis,liquidation,liquidation_shock,27,1.7997026744775855e-05
sparklend_gnosis,liquidation,liquidation_shock,28,1.2428768610208269e-05
sparklend_gnosis,liquidation,liquidation_shock,29,8.581544122194104e-06
sparklend_gnosis,liquidation,liquidation_shock,30,5.925020384675219e-06
venus_core_pool_binance,basket_return,return_shock,0,0.8643057792920384
venus_core_pool_binance,basket_return,return_shock,1,0.24186594533126804
venus_core_pool_binance,basket_return,return_shock,2,-0.014538309809275642
venus_core_pool_binance,basket_return,return_shock,3,-0.0054901564229168035
venus_core_pool_binance,basket_return,return_shock,4,-0.011564721097132531
venus_core_pool_binance,basket_return,return_shock,5,-0.08234703421398662
venus_core_pool_binance,basket_return,return_shock,6,-0.07256822323804323
venus_core_pool_binance,basket_return,return_shock,7,0.06410558963424876
venus_core_pool_binance,basket_return,return_shock,8,-0.027304884363732896
venus_core_pool_binance,basket_return,return_shock,9,-0.042783035632315135
venus_core_pool_binance,basket_return,return_shock,10,0.029104463082407297
venus_core_pool_binance,basket_return,return_shock,11,-0.011756187965946878
venus_core_pool_binance,basket_return,return_shock,12,-0.03317364813756282
venus_core_pool_binance,basket_return,return_shock,13,0.037063542559733466
venus_core_pool_binance,basket_return,return_shock,14,0.02352798361126248
venus_core_pool_binance,basket_return,return_shock,15,-0.08404683928957025
venus_core_pool_binance,basket_return,return_shock,16,-0.08320886483122451
venus_core_pool_binance,basket_return,return_shock,17,0.06448845230722207
venus_core_pool_binance,basket_return,return_shock,18,0.023727222837609356
venus_core_pool_binance,basket_return,return_shock,19,-0.014929910961346448
venus_core_pool_binance,basket_return,return_shock,20,0.01192051563938228
venus_core_pool_binance,basket_return,return_shock,21,0.0035805956035133246
venus_core_pool_binance,basket_return,return_shock,22,0.019108906096013904
venus_core_pool_binance,basket_return,return_shock,23,0.04440546196426372
venus_core_pool_binance,basket_return,return_shock,24,0.0381818288606801
venus_core_pool_binance,basket_return,return_shock,25,0.08409299831518252
venus_core_pool_binance,basket_return,return_shock,26,0.042212791409420004
venus_core_pool_binance,basket_return,return_shock,27,0.029129658080645764
venus_core_pool_binance,basket_return,return_shock,28,-0.010549556042430689
venus_core_pool_binance,basket_return,return_shock,29,-0.044720478588633664
venus_core_pool_binance,basket_return,return_shock,30,-0.018610699284443488
venus_core_pool_binance,basket_return,liquidation_shock,0,0.0
venus_core_pool_binance,basket_return,liquidation_shock,1,-0.027716877194612757
venus_core_pool_binance,basket_return,liquidation_shock,2,0.05811223687422853
venus_core_pool_binance,basket_return,liquidation_shock,3,0.018447156698607862
venus_core_pool_binance,basket_return,liquidation_shock,4,-0.11121886749338299
venus_core_pool_binance,basket_return,liquidation_shock,5,-0.06557286447821975
venus_core_pool_binance,basket_return,liquidation_shock,6,0.04678716034146661
venus_core_pool_binance,basket_return,liquidation_shock,7,0.08308852908046678
venus_core_pool_binance,basket_return,liquidation_shock,8,0.053848738922940446
venus_core_pool_binance,basket_return,liquidation_shock,9,-0.0243313165508393
venus_core_pool_binance,basket_return,liquidation_shock,10,-0.008026351615233927
venus_core_pool_binance,basket_return,liquidation_shock,11,0.005047641274229989
venus_core_pool_binance,basket_return,liquidation_shock,12,0.08122387804523981
venus_core_pool_binance,basket_return,liquidation_shock,13,-0.02496505097909616
venus_core_pool_binance,basket_return,liquidation_shock,14,-0.03843574517348239
venus_core_pool_binance,basket_return,liquidation_shock,15,-0.0026247681233559027
venus_core_pool_binance,basket_return,liquidation_shock,16,0.040723209347108845
venus_core_pool_binance,basket_return,liquidation_shock,17,-0.02872028529187913
venus_core_pool_binance,basket_return,liquidation_shock,18,-0.08306039284282407
venus_core_pool_binance,basket_return,liquidation_shock,19,-0.10349976045771983
venus_core_pool_binance,basket_return,liquidation_shock,20,-0.024370665998360398
venus_core_pool_binance,basket_return,liquidation_shock,21,0.03806928809117098
venus_core_pool_binance,basket_return,liquidation_shock,22,0.05234830256867759
venus_core_pool_binance,basket_return,liquidation_shock,23,-0.01197085923460789
venus_core_pool_binance,basket_return,liquidation_shock,24,-0.01579560040092459
venus_core_pool_binance,basket_return,liquidation_shock,25,-0.05781855138166214
venus_core_pool_binance,basket_return,liquidation_shock,26,-0.018354188305508046
venus_core_pool_binance,basket_return,liquidation_shock,27,-0.07663751141536236
venus_core_pool_binance,basket_return,liquidation_shock,28,-0.06709929017006627
venus_core_pool_binance,basket_return,liquidation_shock,29,-0.01964662874049085
venus_core_pool_binance,basket_return,liquidation_shock,30,-0.00464580556373904
venus_core_pool_binance,liquidation,return_shock,0,-0.1138226678723887
venus_core_pool_binance,liquidation,return_shock,1,-0.039430285072248855
venus_core_pool_binance,liquidation,return_shock,2,-0.03697973251153216
venus_core_pool_binance,liquidation,return_shock,3,-0.06015047158176333
venus_core_pool_binance,liquidation,return_shock,4,0.044723671417641865
venus_core_pool_binance,liquidation,return_shock,5,0.016785753784649703
venus_core_pool_binance,liquidation,return_shock,6,-0.03493936341600371
venus_core_pool_binance,liquidation,return_shock,7,-0.04783711191974762
venus_core_pool_binance,liquidation,return_shock,8,0.05507565445278983
venus_core_pool_binance,liquidation,return_shock,9,0.07746754856026729
venus_core_pool_binance,liquidation,return_shock,10,0.041703283949846945
venus_core_pool_binance,liquidation,return_shock,11,0.12768142446441244
venus_core_pool_binance,liquidation,return_shock,12,0.05617402530127084
venus_core_pool_binance,liquidation,return_shock,13,0.00992803195207063
venus_core_pool_binance,liquidation,return_shock,14,-0.005071840041247486
venus_core_pool_binance,liquidation,return_shock,15,0.02202869991770391
venus_core_pool_binance,liquidation,return_shock,16,0.07499989585554123
venus_core_pool_binance,liquidation,return_shock,17,-0.0739310589756923
venus_core_pool_binance,liquidation,return_shock,18,-0.061668271799528336
venus_core_pool_binance,liquidation,return_shock,19,-0.039202825775993086
venus_core_pool_binance,liquidation,return_shock,20,-0.018799518880632974
venus_core_pool_binance,liquidation,return_shock,21,-0.012422302392392755
venus_core_pool_binance,liquidation,return_shock,22,0.04280688651021694
venus_core_pool_binance,liquidation,return_shock,23,0.03883053257941884
venus_core_pool_binance,liquidation,return_shock,24,-0.03476560636392186
venus_core_pool_binance,liquidation,return_shock,25,-0.01039949133338137
venus_core_pool_binance,liquidation,return_shock,26,0.06917415450783808
venus_core_pool_binance,liquidation,return_shock,27,0.0026838257139731427
venus_core_pool_binance,liquidation,return_shock,28,0.0033008180034933806
venus_core_pool_binance,liquidation,return_shock,29,0.03432833656873333
venus_core_pool_binance,liquidation,return_shock,30,0.0067216714996563
venus_core_pool_binance,liquidation,liquidation_shock,0,0.7947894506966534
venus_core_pool_binance,liquidation,liquidation_shock,1,0.21443023217971424
venus_core_pool_binance,liquidation,liquidation_shock,2,0.02119879594043646
venus_core_pool_binance,liquidation,liquidation_shock,3,0.04432211881461158
venus_core_pool_binance,liquidation,liquidation_shock,4,0.06617295505278172
venus_core_pool_binance,liquidation,liquidation_shock,5,0.14395855091495535
venus_core_pool_binance,liquidation,liquidation_shock,6,-0.023425625194974334
venus_core_pool_binance,liquidation,liquidation_shock,7,0.02390689680195214
venus_core_pool_binance,liquidation,liquidation_shock,8,-0.02160706107143863
venus_core_pool_binance,liquidation,liquidation_shock,9,-0.036402647277708505
venus_core_pool_binance,liquidation,liquidation_shock,10,0.09047992984623426
venus_core_pool_binance,liquidation,liquidation_shock,11,0.020964946103829152
venus_core_pool_binance,liquidation,liquidation_shock,12,0.016121346382575643
venus_core_pool_binance,liquidation,liquidation_shock,13,-0.04970339039743762
venus_core_pool_binance,liquidation,liquidation_shock,14,0.04082704106819314
venus_core_pool_binance,liquidation,liquidation_shock,15,-0.070574958587583
venus_core_pool_binance,liquidation,liquidation_shock,16,0.03665378889181986
venus_core_pool_binance,liquidation,liquidation_shock,17,0.1712623279563724
venus_core_pool_binance,liquidation,liquidation_shock,18,0.12723601363981088
venus_core_pool_binance,liquidation,liquidation_shock,19,0.16857834178024228
venus_core_pool_binance,liquidation,liquidation_shock,20,-0.023739077790778978
venus_core_pool_binance,liquidation,liquidation_shock,21,-0.011956430481694114
venus_core_pool_binance,liquidation,liquidation_shock,22,-0.0271974098229583
venus_core_pool_binance,liquidation,liquidation_shock,23,0.013078034142254676
venus_core_pool_binance,liquidation,liquidation_shock,24,0.07220325398049549
venus_core_pool_binance,liquidation,liquidation_shock,25,0.09716855880700191
venus_core_pool_binance,liquidation,liquidation_shock,26,-0.03359389325585769
venus_core_pool_binance,liquidation,liquidation_shock,27,0.14773213820544495
venus_core_pool_binance,liquidation,liquidation_shock,28,0.15242032118927398
venus_core_pool_binance,liquidation,liquidation_shock,29,0.05487837698863358
venus_core_pool_binance,liquidation,liquidation_shock,30,0.041540391641355714
zerolend_base,basket_return,return_shock,0,0.9977213580277777
zerolend_base,basket_return,return_shock,1,-0.06385955426759427
zerolend_base,basket_return,return_shock,2,-0.005018406928502799
zerolend_base,basket_return,return_shock,3,-0.0024865666256712114
zerolend_base,basket_return,return_shock,4,-0.0008405374829317986
zerolend_base,basket_return,return_shock,5,-0.00029574873344022227
zerolend_base,basket_return,return_shock,6,-0.00010355560308126272
zerolend_base,basket_return,return_shock,7,-3.628083945896909e-05
zerolend_base,basket_return,return_shock,8,-1.2710151527491564e-05
zerolend_base,basket_return,return_shock,9,-4.452744364313114e-06
zerolend_base,basket_return,return_shock,10,-1.559927311198399e-06
zerolend_base,basket_return,return_shock,11,-5.46488482033107e-07
zerolend_base,basket_return,return_shock,12,-1.914510083592248e-07
zerolend_base,basket_return,return_shock,13,-6.707092623182324e-08
zerolend_base,basket_return,return_shock,14,-2.3496920612840407e-08
zerolend_base,basket_return,return_shock,15,-8.231663245435232e-09
zerolend_base,basket_return,return_shock,16,-2.883794046996062e-09
zerolend_base,basket_return,return_shock,17,-1.0102779787674825e-09
zerolend_base,basket_return,return_shock,18,-3.5393012737704026e-10
zerolend_base,basket_return,return_shock,19,-1.2399214641692089e-10
zerolend_base,basket_return,return_shock,20,-4.3438100302484895e-11
zerolend_base,basket_return,return_shock,21,-1.5217645733336892e-11
zerolend_base,basket_return,return_shock,22,-5.331189440899629e-12
zerolend_base,basket_return,return_shock,23,-1.8676726579655685e-12
zerolend_base,basket_return,return_shock,24,-6.543007326941927e-13
zerolend_base,basket_return,return_shock,25,-2.29220814995756e-13
zerolend_base,basket_return,return_shock,26,-8.030280175748446e-14
zerolend_base,basket_return,return_shock,27,-2.8132436272077848e-14
zerolend_base,basket_return,return_shock,28,-9.85562089094553e-15
zerolend_base,basket_return,return_shock,29,-3.452714233727747e-15
zerolend_base,basket_return,return_shock,30,-1.2095874741629273e-15
zerolend_base,basket_return,liquidation_shock,0,0.0
zerolend_base,basket_return,liquidation_shock,1,0.038091791411919526
zerolend_base,basket_return,liquidation_shock,2,0.011745644365246522
zerolend_base,basket_return,liquidation_shock,3,0.004181969894751526
zerolend_base,basket_return,liquidation_shock,4,0.001462249417993852
zerolend_base,basket_return,liquidation_shock,5,0.0005123873187994271
zerolend_base,basket_return,liquidation_shock,6,0.00017949940147025814
zerolend_base,basket_return,liquidation_shock,7,6.28841348087407e-05
zerolend_base,basket_return,liquidation_shock,8,2.203015553204644e-05
zerolend_base,basket_return,liquidation_shock,9,7.717812610539782e-06
zerolend_base,basket_return,liquidation_shock,10,2.703777021919469e-06
zerolend_base,basket_return,liquidation_shock,11,9.472127142555954e-07
zerolend_base,basket_return,liquidation_shock,12,3.318365079986994e-07
zerolend_base,basket_return,liquidation_shock,13,1.1625210092054815e-07
zerolend_base,basket_return,liquidation_shock,14,4.072653443046053e-08
zerolend_base,basket_return,liquidation_shock,15,1.4267704356167004e-08
zerolend_base,basket_return,liquidation_shock,16,4.998397001899109e-09
zerolend_base,basket_return,liquidation_shock,17,1.751085666265262e-09
zerolend_base,basket_return,liquidation_shock,18,6.134568761614229e-10
zerolend_base,basket_return,liquidation_shock,19,2.1491200925216381e-10
zerolend_base,basket_return,liquidation_shock,20,7.529000572918612e-11
zerolend_base,basket_return,liquidation_shock,21,2.6376306202831724e-11
zerolend_base,basket_return,liquidation_shock,22,9.240396811868592e-12
zerolend_base,basket_return,liquidation_shock,23,3.2371831212523774e-12
zerolend_base,basket_return,liquidation_shock,24,1.1340805783428417e-12
zerolend_base,basket_return,liquidation_shock,25,3.973018238390118e-13
zerolend_base,basket_return,liquidation_shock,26,1.3918652892941633e-13
zerolend_base,basket_return,liquidation_shock,27,4.876113995205121e-14
zerolend_base,basket_return,liquidation_shock,28,1.7082463279397304e-14
zerolend_base,basket_return,liquidation_shock,29,5.9844899438139945e-15
zerolend_base,basket_return,liquidation_shock,30,2.0965430630139427e-15
zerolend_base,liquidation,return_shock,0,-0.09374325751778845
zerolend_base,liquidation,return_shock,1,-0.2101372615463211
zerolend_base,liquidation,return_shock,2,-0.06617466109783378
zerolend_base,liquidation,return_shock,3,-0.023495361293935032
zerolend_base,liquidation,return_shock,4,-0.008218001715392104
zerolend_base,liquidation,return_shock,5,-0.002879558567931248
zerolend_base,liquidation,return_shock,6,-0.0010087710542179044
zerolend_base,liquidation,return_shock,7,-0.00035340317751391195
zerolend_base,liquidation,return_shock,8,-0.0001238074996351144
zerolend_base,liquidation,return_shock,9,-4.337341480684571e-05
zerolend_base,liquidation,return_shock,10,-1.519498442754001e-05
zerolend_base,liquidation,return_shock,11,-5.323250521144758e-06
zerolend_base,liquidation,return_shock,12,-1.8648914204577746e-06
zerolend_base,liquidation,return_shock,13,-6.533263832965777e-07
zerolend_base,liquidation,return_shock,14,-2.288794717081853e-07
zerolend_base,liquidation,return_shock,15,-8.018321915172767e-08
zerolend_base,liquidation,return_shock,16,-2.8090542963723627e-08
zerolend_base,liquidation,return_shock,17,-9.840944431323863e-09
zerolend_base,liquidation,return_shock,18,-3.447572637719015e-09
zerolend_base,liquidation,return_shock,19,-1.207786221667538e-09
zerolend_base,liquidation,return_shock,20,-4.2312308123407215e-10
zerolend_base,liquidation,return_shock,21,-1.482324757984339e-10
zerolend_base,liquidation,return_shock,22,-5.193020153201682e-11
zerolend_base,liquidation,return_shock,23,-1.8192678875733748e-11
zerolend_base,liquidation,return_shock,24,-6.373431161662484e-12
zerolend_base,liquidation,return_shock,25,-2.232800625455557e-12
zerolend_base,liquidation,return_shock,26,-7.822158122649754e-13
zerolend_base,liquidation,return_shock,27,-2.740332343074821e-13
zerolend_base,liquidation,return_shock,28,-9.600191191172346e-14
zerolend_base,liquidation,return_shock,29,-3.363229687814063e-14
zerolend_base,liquidation,return_shock,30,-1.178238402522125e-14
zerolend_base,liquidation,liquidation_shock,0,0.9041590613606333
zerolend_base,liquidation,liquidation_shock,1,0.33309046569357836
zerolend_base,liquidation,liquidation_shock,2,0.11600560168789144
zerolend_base,liquidation,liquidation_shock,3,0.04066896716401802
zerolend_base,liquidation,liquidation_shock,4,0.014246328345386642
zerolend_base,liquidation,liquidation_shock,5,0.004990959086792126
zerolend_base,liquidation,liquidation_shock,6,0.0017484778159619781
zerolend_base,liquidation,liquidation_shock,7,0.0006125433587996154
zerolend_base,liquidation,liquidation_shock,8,0.00021459197346563013
zerolend_base,liquidation,liquidation_shock,9,7.517788792604694e-05
zerolend_base,liquidation,liquidation_shock,10,2.633702802805085e-05
zerolend_base,liquidation,liquidation_shock,11,9.226636510827652e-06
zerolend_base,liquidation,liquidation_shock,12,3.2323624825625373e-06
zerolend_base,liquidation,liquidation_shock,13,1.1323917666485383e-06
zerolend_base,liquidation,liquidation_shock,14,3.9671018336909814e-07
zerolend_base,liquidation,liquidation_shock,15,1.3897925984973935e-07
zerolend_base,liquidation,liquidation_shock,16,4.868852748962683e-08
zerolend_base,liquidation,liquidation_shock,17,1.7057024995464423e-08
zerolend_base,liquidation,liquidation_shock,18,5.975578163826865e-09
zerolend_base,liquidation,liquidation_shock,19,2.093421004043748e-09
zerolend_base,liquidation,liquidation_shock,20,7.333870263300116e-10
zerolend_base,liquidation,liquidation_shock,21,2.5692707264818144e-10
zerolend_base,liquidation,liquidation_shock,22,9.000911972754187e-11
zerolend_base,liquidation,liquidation_shock,23,3.1532845295835395e-11
zerolend_base,liquidation,liquidation_shock,24,1.10468843097333e-11
zerolend_base,liquidation,liquidation_shock,25,3.87004889053729e-12
zerolend_base,liquidation,liquidation_shock,26,1.3557920944236356e-12
zerolend_base,liquidation,liquidation_shock,27,4.749738970471843e-13
zerolend_base,liquidation,liquidation_shock,28,1.6639734351902583e-13
zerolend_base,liquidation,liquidation_shock,29,5.829388962702961e-14
zerolend_base,liquidation,liquidation_shock,30,2.0422066218020868e-14
zerolend_ethereum,basket_return,return_shock,0,0.9706746736063812
zerolend_ethereum,basket_return,return_shock,1,0.23709112619796616
zerolend_ethereum,basket_return,return_shock,2,0.052980910544526416
zerolend_ethereum,basket_return,return_shock,3,0.01291339685032987
zerolend_ethereum,basket_return,return_shock,4,0.0026751295057734045
zerolend_ethereum,basket_return,return_shock,5,0.0006440562070382351
zerolend_ethereum,basket_return,return_shock,6,8.349564081954576e-05
zerolend_ethereum,basket_return,return_shock,7,3.823872052650273e-06
zerolend_ethereum,basket_return,return_shock,8,-1.8257856418648026e-05
zerolend_ethereum,basket_return,return_shock,9,-1.3402557832303105e-05
zerolend_ethereum,basket_return,return_shock,10,-1.00228709861848e-05
zerolend_ethereum,basket_return,return_shock,11,-6.391745020684083e-06
zerolend_ethereum,basket_return,return_shock,12,-4.203573537833595e-06
zerolend_ethereum,basket_return,return_shock,13,-2.6741538700184944e-06
zerolend_ethereum,basket_return,return_shock,14,-1.720546871343214e-06
zerolend_ethereum,basket_return,return_shock,15,-1.0979344434599584e-06
zerolend_ethereum,basket_return,return_shock,16,-7.031090295273384e-07
zerolend_ethereum,basket_return,return_shock,17,-4.4928932417167553e-07
zerolend_ethereum,basket_return,return_shock,18,-2.8739693431910864e-07
zerolend_ethereum,basket_return,return_shock,19,-1.8373047342555148e-07
zerolend_ethereum,basket_return,return_shock,20,-1.1749251207476681e-07
zerolend_ethereum,basket_return,return_shock,21,-7.51221576049315e-08
zerolend_ethereum,basket_return,return_shock,22,-4.8035551572955664e-08
zerolend_ethereum,basket_return,return_shock,23,-3.071409136867222e-08
zerolend_ethereum,basket_return,return_shock,24,-1.9639162559818693e-08
zerolend_ethereum,basket_return,return_shock,25,-1.2557486062139967e-08
zerolend_ethereum,basket_return,return_shock,26,-8.029442138203999e-09
zerolend_ethereum,basket_return,return_shock,27,-5.134125538849981e-09
zerolend_ethereum,basket_return,return_shock,28,-3.2828301841876427e-09
zerolend_ethereum,basket_return,return_shock,29,-2.099084467920499e-09
zerolend_ethereum,basket_return,return_shock,30,-1.3421827213017618e-09
zerolend_ethereum,basket_return,liquidation_shock,0,0.0
zerolend_ethereum,basket_return,liquidation_shock,1,-0.011321205581590521
zerolend_ethereum,basket_return,liquidation_shock,2,0.001639966463332763
zerolend_ethereum,basket_return,liquidation_shock,3,-0.0007457643531931941
zerolend_ethereum,basket_return,liquidation_shock,4,0.0004144875242334003
zerolend_ethereum,basket_return,liquidation_shock,5,2.9061170665912726e-05
zerolend_ethereum,basket_return,liquidation_shock,6,0.00011394328605222458
zerolend_ethereum,basket_return,liquidation_shock,7,4.413550467094152e-05
zerolend_ethereum,basket_return,liquidation_shock,8,3.879051624807817e-05
zerolend_ethereum,basket_return,liquidation_shock,9,2.1416918451152286e-05
zerolend_ethereum,basket_return,liquidation_shock,10,1.488722395781248e-05
zerolend_ethereum,basket_return,liquidation_shock,11,9.125471479004115e-06
zerolend_ethereum,basket_return,liquidation_shock,12,5.970800028123493e-06
zerolend_ethereum,basket_return,liquidation_shock,13,3.772352553699571e-06
zerolend_ethereum,basket_return,liquidation_shock,14,2.427629704904279e-06
zerolend_ethereum,basket_return,liquidation_shock,15,1.547025206163069e-06
zerolend_ethereum,basket_return,liquidation_shock,16,9.90969122011092e-07
zerolend_ethereum,basket_return,liquidation_shock,17,6.330371394878573e-07
zerolend_ethereum,basket_return,liquidation_shock,18,4.049766242092372e-07
zerolend_ethereum,basket_return,liquidation_shock,19,2.5887830417898043e-07
zerolend_ethereum,basket_return,liquidation_shock,20,1.655536688784613e-07
zerolend_ethereum,basket_return,liquidation_shock,21,1.0584927438495117e-07
zerolend_ethereum,basket_return,liquidation_shock,22,6.768412250808066e-08
zerolend_ethereum,basket_return,liquidation_shock,23,4.327721472546724e-08
zerolend_ethereum,basket_return,liquidation_shock,24,2.7672334574211234e-08
zerolend_ethereum,basket_return,liquidation_shock,25,1.7693953381465157e-08
zerolend_ethereum,basket_return,liquidation_shock,26,1.1313784149248982e-08
zerolend_ethereum,basket_return,liquidation_shock,27,7.2341717512639136e-09
zerolend_ethereum,basket_return,liquidation_shock,28,4.625629522076168e-09
zerolend_ethereum,basket_return,liquidation_shock,29,2.9576875398433135e-09
zerolend_ethereum,basket_return,liquidation_shock,30,1.8911851429134854e-09
zerolend_ethereum,liquidation,return_shock,0,-0.1443099386457033
zerolend_ethereum,liquidation,return_shock,1,-0.10259310109872095
zerolend_ethereum,liquidation,return_shock,2,-0.16076643727190915
zerolend_ethereum,liquidation,return_shock,3,-0.09397872910481575
zerolend_ethereum,liquidation,return_shock,4,-0.06854432070380996
zerolend_ethereum,liquidation,return_shock,5,-0.04223819011716543
zerolend_ethereum,liquidation,return_shock,6,-0.02784355960245629
zerolend_ethereum,liquidation,return_shock,7,-0.017589583066992084
zerolend_ethereum,liquidation,return_shock,8,-0.011335667987114868
zerolend_ethereum,liquidation,return_shock,9,-0.007221902866962835
zerolend_ethereum,liquidation,return_shock,10,-0.004627561741365241
zerolend_ethereum,liquidation,return_shock,11,-0.0029558148685497497
zerolend_ethereum,liquidation,return_shock,12,-0.0018910886837683338
zerolend_ethereum,liquidation,return_shock,13,-0.0012088251279982391
zerolend_ethereum,liquidation,return_shock,14,-0.0007730641204415827
zerolend_ethereum,liquidation,return_shock,15,-0.0004942656128155841
zerolend_ethereum,liquidation,return_shock,16,-0.00031605431534074307
zerolend_ethereum,liquidation,return_shock,17,-0.0002020845048912691
zerolend_ethereum,liquidation,return_shock,18,-0.00012921715590392282
zerolend_ethereum,liquidation,return_shock,19,-8.262261057718847e-05
zerolend_ethereum,liquidation,return_shock,20,-5.2830182203256633e-05
zerolend_ethereum,liquidation,return_shock,21,-3.37802561238413e-05
zerolend_ethereum,liquidation,return_shock,22,-2.1599565786796433e-05
zerolend_ethereum,liquidation,return_shock,23,-1.3811041776752944e-05
zerolend_ethereum,liquidation,return_shock,24,-8.830965928312265e-06
zerolend_ethereum,liquidation,return_shock,25,-5.646636002610167e-06
zerolend_ethereum,liquidation,return_shock,26,-3.610534301836857e-06
zerolend_ethereum,liquidation,return_shock,27,-2.3086234647182515e-06
zerolend_ethereum,liquidation,return_shock,28,-1.4761645221858162e-06
zerolend_ethereum,liquidation,return_shock,29,-9.438791799744077e-07
zerolend_ethereum,liquidation,return_shock,30,-6.03528881091065e-07
zerolend_ethereum,liquidation,liquidation_shock,0,0.8698220246811381
zerolend_ethereum,liquidation,liquidation_shock,1,0.25782926464657757
zerolend_ethereum,liquidation,liquidation_shock,2,0.2681328447756686
zerolend_ethereum,liquidation,liquidation_shock,3,0.1369767633696303
zerolend_ethereum,liquidation,liquidation_shock,4,0.09938727148806234
zerolend_ethereum,liquidation,liquidation_shock,5,0.05957873175708996
zerolend_ethereum,liquidation,liquidation_shock,6,0.039447573761270706
zerolend_ethereum,liquidation,liquidation_shock,7,0.02476667764603305
zerolend_ethereum,liquidation,liquidation_shock,8,0.015991230161641622
zerolend_ethereum,liquidation,liquidation_shock,9,0.010172537636917533
zerolend_ethereum,liquidation,liquidation_shock,10,0.00652225368814709
zerolend_ethereum,liquidation,liquidation_shock,11,0.004164389296413929
zerolend_ethereum,liquidation,liquidation_shock,12,0.0026648088676280296
zerolend_ethereum,liquidation,liquidation_shock,13,0.0017032221202574686
zerolend_ethereum,liquidation,liquidation_shock,14,0.0010892973899167622
zerolend_ethereum,liquidation,liquidation_shock,15,0.0006964317453812417
zerolend_ethereum,liquidation,liquidation_shock,16,0.00044533463294450803
zerolend_ethereum,liquidation,liquidation_shock,17,0.00028474375147083793
zerolend_ethereum,liquidation,liquidation_shock,18,0.0001820720265617241
zerolend_ethereum,liquidation,liquidation_shock,19,0.0001164182230442906
zerolend_ethereum,liquidation,liquidation_shock,20,7.443971224051626e-05
zerolend_ethereum,liquidation,liquidation_shock,21,4.7597619873052565e-05
zerolend_ethereum,liquidation,liquidation_shock,22,3.0434590750599165e-05
zerolend_ethereum,liquidation,liquidation_shock,23,1.946026752226859e-05
zerolend_ethereum,liquidation,liquidation_shock,24,1.2443158062167678e-05
zerolend_ethereum,liquidation,liquidation_shock,25,7.956318857587301e-06
zerolend_ethereum,liquidation,liquidation_shock,26,5.08737643224442e-06
zerolend_ethereum,liquidation,liquidation_shock,27,3.2529358418124885e-06
zerolend_ethereum,liquidation,liquidation_shock,28,2.0799704205307918e-06
zerolend_ethereum,liquidation,liquidation_shock,29,1.3299606768528674e-06
zerolend_ethereum,liquidation,liquidation_shock,30,8.503945186225415e-07
zerolend_linea,basket_return,return_shock,0,0.9955700964454287
zerolend_linea,basket_return,return_shock,1,-0.04598345591246597
zerolend_linea,basket_return,return_shock,2,0.02651261004309678
zerolend_linea,basket_return,return_shock,3,-0.009363526115814862
zerolend_linea,basket_return,return_shock,4,-0.0016540906908893533
zerolend_linea,basket_return,return_shock,5,-0.002148598774466
zerolend_linea,basket_return,return_shock,6,-0.0008776947422995085
zerolend_linea,basket_return,return_shock,7,-0.0005608784672681072
zerolend_linea,basket_return,return_shock,8,-0.00027529068179694835
zerolend_linea,basket_return,return_shock,9,-0.00015525917146446655
zerolend_linea,basket_return,return_shock,10,-8.068976647327756e-05
zerolend_linea,basket_return,return_shock,11,-4.392826489845467e-05
zerolend_linea,basket_return,return_shock,12,-2.3270929756095504e-05
zerolend_linea,basket_return,return_shock,13,-1.252500912780504e-05
zerolend_linea,basket_return,return_shock,14,-6.6786489560769055e-06
zerolend_linea,basket_return,return_shock,15,-3.5807540469256482e-06
zerolend_linea,basket_return,return_shock,16,-1.9136551173710992e-06
zerolend_linea,basket_return,return_shock,17,-1.0246445684190308e-06
zerolend_linea,basket_return,return_shock,18,-5.480250282663198e-07
zerolend_linea,basket_return,return_shock,19,-2.932993702038046e-07
zerolend_linea,basket_return,return_shock,20,-1.569116193445974e-07
zerolend_linea,basket_return,return_shock,21,-8.39647759563835e-08
zerolend_linea,basket_return,return_shock,22,-4.492431880441585e-08
zerolend_linea,basket_return,return_shock,23,-2.4038079937551486e-08
zerolend_linea,basket_return,return_shock,24,-1.2861692138911338e-08
zerolend_linea,basket_return,return_shock,25,-6.8818970334659726e-09
zerolend_linea,basket_return,return_shock,26,-3.6822335914898425e-09
zerolend_linea,basket_return,return_shock,27,-1.970237385332811e-09
zerolend_linea,basket_return,return_shock,28,-1.0542009204024406e-09
zerolend_linea,basket_return,return_shock,29,-5.640656182389231e-10
zerolend_linea,basket_return,return_shock,30,-3.0181098442401636e-10
zerolend_linea,basket_return,liquidation_shock,0,0.0
zerolend_linea,basket_return,liquidation_shock,1,0.015464800696838128
zerolend_linea,basket_return,liquidation_shock,2,0.024173651334769647
zerolend_linea,basket_return,liquidation_shock,3,0.008281744239462194
zerolend_linea,basket_return,liquidation_shock,4,0.006543395953009096
zerolend_linea,basket_return,liquidation_shock,5,0.002843314839418302
zerolend_linea,basket_return,liquidation_shock,6,0.0017485973301234377
zerolend_linea,basket_return,liquidation_shock,7,0.0008641903181365616
zerolend_linea,basket_return,liquidation_shock,8,0.0004855038318908687
zerolend_linea,basket_return,liquidation_shock,9,0.00025250349741969046
zerolend_linea,basket_return,liquidation_shock,10,0.00013741357110792703
zerolend_linea,basket_return,liquidation_shock,11,7.279864780744613e-05
zerolend_linea,basket_return,liquidation_shock,12,3.918112156286529e-05
zerolend_linea,basket_return,liquidation_shock,13,2.0892283577391633e-05
zerolend_linea,basket_return,liquidation_shock,14,1.1201421718080003e-05
zerolend_linea,basket_return,liquidation_shock,15,5.986330167773226e-06
zerolend_linea,basket_return,liquidation_shock,16,3.205319137448065e-06
zerolend_linea,basket_return,liquidation_shock,17,1.7143430116240004e-06
zerolend_linea,basket_return,liquidation_shock,18,9.175059342144122e-07
zerolend_linea,basket_return,liquidation_shock,19,4.908542962031793e-07
zerolend_linea,basket_return,liquidation_shock,20,2.626605075249545e-07
zerolend_linea,basket_return,liquidation_shock,21,1.405332386017685e-07
zerolend_linea,basket_return,liquidation_shock,22,7.519645778520584e-08
zerolend_linea,basket_return,liquidation_shock,23,4.023422925772886e-08
zerolend_linea,basket_return,liquidation_shock,24,2.1528103139091915e-08
zerolend_linea,basket_return,liquidation_shock,25,1.1518844606656677e-08
zerolend_linea,basket_return,liquidation_shock,26,6.163340281075394e-09
zerolend_linea,basket_return,liquidation_shock,27,3.297774668349477e-09
zerolend_linea,basket_return,liquidation_shock,28,1.7645225693935756e-09
zerolend_linea,basket_return,liquidation_shock,29,9.441318081955763e-10
zerolend_linea,basket_return,liquidation_shock,30,5.051711359728681e-10
zerolend_linea,liquidation,return_shock,0,-0.1654745169076525
zerolend_linea,liquidation,return_shock,1,-0.22874806175222845
zerolend_linea,liquidation,return_shock,2,-0.07896558645720082
zerolend_linea,liquidation,return_shock,3,-0.061934873256385026
zerolend_linea,liquidation,return_shock,4,-0.026928339286899586
zerolend_linea,liquidation,return_shock,5,-0.01655123013686286
zerolend_linea,liquidation,return_shock,6,-0.00817995200867248
zerolend_linea,liquidation,return_shock,7,-0.004595425727841124
zerolend_linea,liquidation,return_shock,8,-0.0023899617019104203
zerolend_linea,liquidation,return_shock,9,-0.0013006431727801175
zerolend_linea,liquidation,return_shock,10,-0.0006890446869393682
zerolend_linea,liquidation,return_shock,11,-0.00037085447040289274
zerolend_linea,liquidation,return_shock,12,-0.00019774744722508988
zerolend_linea,liquidation,return_shock,13,-0.00010602276052166043
zerolend_linea,liquidation,return_shock,14,-5.666123393935203e-05
zerolend_linea,liquidation,return_shock,15,-3.0338701566272338e-05
zerolend_linea,liquidation,return_shock,16,-1.62264391791701e-05
zerolend_linea,liquidation,return_shock,17,-8.684293832891265e-06
zerolend_linea,liquidation,return_shock,18,-4.645988726905224e-06
zerolend_linea,liquidation,return_shock,19,-2.4861102081977263e-06
zerolend_linea,liquidation,return_shock,20,-1.330162277619309e-06
zerolend_linea,liquidation,return_shock,21,-7.117426165084878e-07
zerolend_linea,liquidation,return_shock,22,-3.8082132958432424e-07
zerolend_linea,liquidation,return_shock,23,-2.0376582597187642e-07
zerolend_linea,liquidation,return_shock,24,-1.0902711001322952e-07
zerolend_linea,liquidation,return_shock,25,-5.8336682588117825e-08
zerolend_linea,liquidation,return_shock,26,-3.121379395622328e-08
zerolend_linea,liquidation,return_shock,27,-1.6701397011157693e-08
zerolend_linea,liquidation,return_shock,28,-8.936309696477121e-09
zerolend_linea,liquidation,return_shock,29,-4.7814994514306506e-09
zerolend_linea,liquidation,return_shock,30,-2.5584075179039774e-09
zerolend_linea,liquidation,liquidation_shock,0,0.8918692383642582
zerolend_linea,liquidation,liquidation_shock,1,0.22942713115202204
zerolend_linea,liquidation,liquidation_shock,2,0.1994572394085326
zerolend_linea,liquidation,liquidation_shock,3,0.08362606876860298
zerolend_linea,liquidation,liquidation_shock,4,0.05196621984382844
zerolend_linea,liquidation,liquidation_shock,5,0.025565971323000425
zerolend_linea,liquidation,liquidation_shock,6,0.014382357113848566
zerolend_linea,liquidation,liquidation_shock,7,0.007475342884045606
zerolend_linea,liquidation,liquidation_shock,8,0.004068994517397427
zerolend_linea,liquidation,liquidation_shock,9,0.002155429052236852
zerolend_linea,liquidation,liquidation_shock,10,0.001160131954330603
zerolend_linea,liquidation,liquidation_shock,11,0.0006185938176120903
zerolend_linea,liquidation,liquidation_shock,12,0.00033166401608799884
zerolend_linea,liquidation,liquidation_shock,13,0.00017724856509304093
zerolend_linea,liquidation,liquidation_shock,14,9.490631132836243e-05
zerolend_linea,liquidation,liquidation_shock,15,5.0759872245753144e-05
zerolend_linea,liquidation,liquidation_shock,16,2.7166411165386386e-05
zerolend_linea,liquidation,liquidation_shock,17,1.4533681534684617e-05
zerolend_linea,liquidation,liquidation_shock,18,7.77710609519521e-06
zerolend_linea,liquidation,liquidation_shock,19,4.161042781656097e-06
zerolend_linea,liquidation,liquidation_shock,20,2.2264891281469544e-06
zerolend_linea,liquidation,liquidation_shock,21,1.1912936891446557e-06
zerolend_linea,liquidation,liquidation_shock,22,6.374247822828142e-07
zerolend_linea,liquidation,liquidation_shock,23,3.4106101823027993e-07
zerolend_linea,liquidation,liquidation_shock,24,1.8249010416121871e-07
zerolend_linea,liquidation,liquidation_shock,25,9.76436815959501e-08
zerolend_linea,liquidation,liquidation_shock,26,5.2245680314498305e-08
zerolend_linea,liquidation,liquidation_shock,27,2.7954761979185854e-08
zerolend_linea,liquidation,liquidation_shock,28,1.4957592546421566e-08
zerolend_linea,liquidation,liquidation_shock,29,8.003267085730218e-09
zerolend_linea,liquidation,liquidation_shock,30,4.282260585866876e-09
zerolend_zksync,basket_return,return_shock,0,0.9934270204361599
zerolend_zksync,basket_return,return_shock,1,-0.07470289529735827
zerolend_zksync,basket_return,return_shock,2,0.013210302448923456
zerolend_zksync,basket_return,return_shock,3,5.698878512764215e-05
zerolend_zksync,basket_return,return_shock,4,0.00032097027923758245
zerolend_zksync,basket_return,return_shock,5,4.5752418060026855e-05
zerolend_zksync,basket_return,return_shock,6,1.3936267061968082e-05
zerolend_zksync,basket_return,return_shock,7,3.012229663263502e-06
zerolend_zksync,basket_return,return_shock,8,7.46992242735542e-07
zerolend_zksync,basket_return,return_shock,9,1.7472639954741637e-07
zerolend_zksync,basket_return,return_shock,10,4.1874824552256845e-08
zerolend_zksync,basket_return,return_shock,11,9.9338482559285e-09
zerolend_zksync,basket_return,return_shock,12,2.3666509983998218e-09
zerolend_zksync,basket_return,return_shock,13,5.628273304098038e-10
zerolend_zksync,basket_return,return_shock,14,1.3394940908390755e-10
zerolend_zksync,basket_return,return_shock,15,3.186915182727127e-11
zerolend_zksync,basket_return,return_shock,16,7.58328021752709e-12
zerolend_zksync,basket_return,return_shock,17,1.8043462682327774e-12
zerolend_zksync,basket_return,return_shock,18,4.29331385001844e-13
zerolend_zksync,basket_return,return_shock,19,1.0215537337284311e-13
zerolend_zksync,basket_return,return_shock,20,2.4307010054591498e-14
zerolend_zksync,basket_return,return_shock,21,5.783638425278488e-15
zerolend_zksync,basket_return,return_shock,22,1.376166667190481e-15
zerolend_zksync,basket_return,return_shock,23,3.274468418901908e-16
zerolend_zksync,basket_return,return_shock,24,7.791312641560403e-17
zerolend_zksync,basket_return,return_shock,25,1.8538749431455646e-17
zerolend_zksync,basket_return,return_shock,26,4.4111339607810975e-18
zerolend_zksync,basket_return,return_shock,27,1.0495908969246064e-18
zerolend_zksync,basket_return,return_shock,28,2.497410110145653e-19
zerolend_zksync,basket_return,return_shock,29,5.942369800107996e-20
zerolend_zksync,basket_return,return_shock,30,1.4139351290866033e-20
zerolend_zksync,basket_return,liquidation_shock,0,0.0
zerolend_zksync,basket_return,liquidation_shock,1,-0.030353733513740214
zerolend_zksync,basket_return,liquidation_shock,2,-0.004199016774090707
zerolend_zksync,basket_return,liquidation_shock,3,-0.0013002647986188798
zerolend_zksync,basket_return,liquidation_shock,4,-0.0002793910405773836
zerolend_zksync,basket_return,liquidation_shock,5,-6.946638613768124e-05
zerolend_zksync,basket_return,liquidation_shock,6,-1.623132881277043e-05
zerolend_zksync,basket_return,liquidation_shock,7,-3.891745070571976e-06
zerolend_zksync,basket_return,liquidation_shock,8,-9.230543629939528e-07
zerolend_zksync,basket_return,liquidation_shock,9,-2.1992682661419022e-07
zerolend_zksync,basket_return,liquidation_shock,10,-5.230038048706563e-08
zerolend_zksync,basket_return,liquidation_shock,11,-1.2447337581797904e-08
zerolend_zksync,basket_return,liquidation_shock,12,-2.9614449339646406e-09
zerolend_zksync,basket_return,liquidation_shock,13,-7.046789708337806e-10
zerolend_zksync,basket_return,liquidation_shock,14,-1.6766933929256656e-10
zerolend_zksync,basket_return,liquidation_shock,15,-3.9895745868826525e-11
zerolend_zksync,basket_return,liquidation_shock,16,-9.4928165849476e-12
zerolend_zksync,basket_return,liquidation_shock,17,-2.258735861845889e-12
zerolend_zksync,basket_return,liquidation_shock,18,-5.374462382475921e-13
zerolend_zksync,basket_return,liquidation_shock,19,-1.278806788610056e-13
zerolend_zksync,basket_return,liquidation_shock,20,-3.042809072618636e-14
zerolend_zksync,basket_return,liquidation_shock,21,-7.240099403792301e-15
zerolend_zksync,basket_return,liquidation_shock,22,-1.7227185552996186e-15
zerolend_zksync,basket_return,liquidation_shock,23,-4.0990587608319028e-16
zerolend_zksync,basket_return,liquidation_shock,24,-9.753353216791574e-17
zerolend_zksync,basket_return,liquidation_shock,25,-2.3207254373598903e-17
zerolend_zksync,basket_return,liquidation_shock,26,-5.52196401259109e-18
zerolend_zksync,basket_return,liquidation_shock,27,-1.3139032341791493e-18
zerolend_zksync,basket_return,liquidation_shock,28,-3.1263182888182197e-19
zerolend_zksync,basket_return,liquidation_shock,29,-7.438802028914446e-20
zerolend_zksync,basket_return,liquidation_shock,30,-1.769998141917657e-20
zerolend_zksync,liquidation,return_shock,0,-0.12484682241188265
zerolend_zksync,liquidation,return_shock,1,-0.22618205131402502
zerolend_zksync,liquidation,return_shock,2,-0.0342480337009865
zerolend_zksync,liquidation,return_shock,3,-0.010098296545949676
zerolend_zksync,liquidation,return_shock,4,-0.002208643741921354
zerolend_zksync,liquidation,return_shock,5,-0.0005448666802140082
zerolend_zksync,liquidation,return_shock,6,-0.00012772000103660426
zerolend_zksync,liquidation,return_shock,7,-3.058172906642292e-05
zerolend_zksync,liquidation,return_shock,8,-7.2575450359533165e-06
zerolend_zksync,liquidation,return_shock,9,-1.7287731736227675e-06
zerolend_zksync,liquidation,return_shock,10,-4.111569130921343e-07
zerolend_zksync,liquidation,return_shock,11,-9.785009133726953e-08
zerolend_zksync,liquidation,return_shock,12,-2.328069574534651e-08
zerolend_zksync,liquidation,return_shock,13,-5.539626117067656e-09
zerolend_zksync,liquidation,return_shock,14,-1.3180871150718479e-09
zerolend_zksync,liquidation,return_shock,15,-3.136292058264438e-10
zerolend_zksync,liquidation,return_shock,16,-7.462515228540187e-11
zerolend_zksync,liquidation,return_shock,17,-1.7756423354819956e-11
zerolend_zksync,liquidation,return_shock,18,-4.2249844206843235e-12
zerolend_zksync,liquidation,return_shock,19,-1.0052984212220958e-12
zerolend_zksync,liquidation,return_shock,20,-2.3920198375686845e-13
zerolend_zksync,liquidation,return_shock,21,-5.691603011575531e-14
zerolend_zksync,liquidation,return_shock,22,-1.3542673378743007e-14
zerolend_zksync,liquidation,return_shock,23,-3.222361175648888e-15
zerolend_zksync,liquidation,return_shock,24,-7.667327693436797e-16
zerolend_zksync,liquidation,return_shock,25,-1.824373834873595e-16
zerolend_zksync,liquidation,return_shock,26,-4.340938613587675e-17
zerolend_zksync,liquidation,return_shock,27,-1.032888528529133e-17
zerolend_zksync,liquidation,return_shock,28,-2.457668276551818e-18
zerolend_zksync,liquidation,return_shock,29,-5.847807572019553e-19
zerolend_zksync,liquidation,return_shock,30,-1.3914348703678355e-19
zerolend_zksync,liquidation,liquidation_shock,0,0.9417317967360994
zerolend_zksync,liquidation,liquidation_shock,1,0.2049056952164784
zerolend_zksync,liquidation,liquidation_shock,2,0.05066507464267361
zerolend_zksync,liquidation,liquidation_shock,3,0.011865112104189699
zerolend_zksync,liquidation,liquidation_shock,4,0.002842145079929849
zerolend_zksync,liquidation,liquidation_shock,5,0.0006743766413865456
zerolend_zksync,liquidation,liquidation_shock,6,0.00016065000438810522
zerolend_zksync,liquidation,liquidation_shock,7,3.8206547577069225e-05
zerolend_zksync,liquidation,liquidation_shock,8,9.092779931523552e-06
zerolend_zksync,liquidation,liquidation_shock,9,2.1633620359435582e-06
zerolend_zksync,liquidation,liquidation_shock,10,5.14771651640571e-07
zerolend_zksync,liquidation,liquidation_shock,11,1.2248358747198035e-07
zerolend_zksync,liquidation,liquidation_shock,12,2.9144086209444143e-08
zerolend_zksync,liquidation,liquidation_shock,13,6.9345631514029085e-09
zerolend_zksync,liquidation,liquidation_shock,14,1.6500207145841168e-09
zerolend_zksync,liquidation,liquidation_shock,15,3.926078740042311e-10
zerolend_zksync,liquidation,liquidation_shock,16,9.341764160330064e-11
zerolend_zksync,liquidation,liquidation_shock,17,2.222791224092042e-11
zerolend_zksync,liquidation,liquidation_shock,18,5.288938265350882e-12
zerolend_zksync,liquidation,liquidation_shock,19,1.2584567694280113e-12
zerolend_zksync,liquidation,liquidation_shock,20,2.9943882740469685e-13
zerolend_zksync,liquidation,liquidation_shock,21,7.124886033459043e-14
zerolend_zksync,liquidation,liquidation_shock,22,1.6953045671730267e-14
zerolend_zksync,liquidation,liquidation_shock,23,4.033829534588794e-15
zerolend_zksync,liquidation,liquidation_shock,24,9.598145984653814e-16
zerolend_zksync,liquidation,liquidation_shock,25,2.2837952255779655e-16
zerolend_zksync,liquidation,liquidation_shock,26,5.434091793641005e-17
zerolend_zksync,liquidation,liquidation_shock,27,1.2929948048606123e-17
zerolend_zksync,liquidation,liquidation_shock,28,3.0765685029182783e-18
zerolend_zksync,liquidation,liquidation_shock,29,7.320426746876216e-19
zerolend_zksync,liquidation,liquidation_shock,30,1.7418317747752868e-19
